id,author_wikidata,oclc_isbn,oclc_owi,total_weeks,htid,author_wikidata_qid,hathi_rights,isbn,title_id,author_conflict,best_rank_conflict,debut_rank_conflict,first_week_conflict,oclc_conflict,title_conflict,year_conflict
1004,Q1258959,0525946500,701938,4,mdp.39015055452364,Q1258959,ic,0525946500,1004,FALSE,FALSE,TRUE,FALSE,FALSE,FALSE,FALSE
1005,Q443055,037550169X,196602657,1,mdp.39015046486091,Q443055,ic,0091784425,1005,FALSE,FALSE,TRUE,FALSE,TRUE,FALSE,FALSE
1006,Q361617,9780060263850,20031489,3,mdp.39015005106094,Q361617,ic,NA,1006,FALSE,FALSE,FALSE,FALSE,FALSE,FALSE,FALSE
1008,Q7647805,NA,12431148,11,mdp.39015063917663,Q7647805,ic,NA,1008,FALSE,FALSE,FALSE,FALSE,FALSE,FALSE,FALSE
1010,Q6380527,0399137912,429391,8,mdp.39015029962357,Q6380527,ic,0399137912,1010,FALSE,FALSE,TRUE,FALSE,FALSE,FALSE,FALSE
1012,NA,NA,NA,1,uc1.b4086401,NA,ic,NA,224,TRUE,TRUE,TRUE,TRUE,FALSE,TRUE,TRUE
1017,Q176049,9780743290111,119842906,11,mdp.39015076179640,Q176049,ic,1416548394,1017,FALSE,FALSE,TRUE,FALSE,FALSE,FALSE,FALSE
1023,Q361653,0394500792,9185399758,47,mdp.39015000680200,Q361653,ic,0394502027,1023,FALSE,FALSE,TRUE,FALSE,FALSE,FALSE,FALSE
1024,Q231356,0399149392,706013,5,mdp.39015056159984,Q231356,ic,0399149392,1024,FALSE,FALSE,TRUE,FALSE,FALSE,FALSE,FALSE
1026,Q561435,NA,1687131,8,uc1.b3209734,Q561435,und,NA,1026,FALSE,FALSE,TRUE,FALSE,FALSE,FALSE,FALSE
1027,Q1334536,9780446402385,104566754,3,uc1.32106019834552,Q1334536,ic,0446402389,1027,FALSE,FALSE,TRUE,FALSE,FALSE,FALSE,FALSE
1029,Q2510607,NA,1774908,9,mdp.39015055255890,Q2510607,ic,NA,1029,FALSE,FALSE,FALSE,FALSE,FALSE,FALSE,FALSE
103,Q2742535,NA,203734049,1,uc1.$b101886,Q2742535,pd,NA,103,FALSE,FALSE,FALSE,FALSE,FALSE,FALSE,FALSE
1030,Q288198,0553089307,18822472,4,mdp.39015034223597,Q288198,ic,0553089307,1030,FALSE,FALSE,TRUE,FALSE,FALSE,FALSE,FALSE
1032,Q258096,0743245547,895535,6,mdp.39015062548329,Q258096,ic,0743245547,1032,FALSE,FALSE,TRUE,FALSE,FALSE,FALSE,FALSE
1033,Q440793,0553803174,320314,3,mdp.39015061458843,Q440793,ic,0553803174,1033,FALSE,FALSE,TRUE,FALSE,FALSE,FALSE,FALSE
1036,Q207036,NA,1476111,1,uc1.$b106360,Q207036,und,NA,1036,FALSE,FALSE,TRUE,FALSE,FALSE,FALSE,FALSE
1039,Q1208990,0553107305,765563,2,mdp.39015055186145,Q1208990,ic,0553107305,1039,FALSE,FALSE,TRUE,FALSE,FALSE,FALSE,FALSE
104,Q1586662,NA,1476902,12,uc1.$b106325,Q1586662,ic,NA,104,FALSE,FALSE,TRUE,FALSE,FALSE,FALSE,FALSE
1047,Q39829,0670220264,1876700431,32,uc1.32106009833416,Q39829,ic,0670220264,1047,FALSE,FALSE,TRUE,FALSE,FALSE,FALSE,FALSE
1049,NA,NA,16524,11,inu.32000009629249,NA,ic,NA,1049,FALSE,FALSE,FALSE,FALSE,TRUE,FALSE,FALSE
105,Q38392,NA,461748,15,mdp.39015017691224,Q38392,ic,NA,105,FALSE,FALSE,FALSE,FALSE,FALSE,FALSE,FALSE
1050,Q3704362,9780778323495,58297073,3,mdp.39015066769749,Q3704362,ic,0778323498,1050,FALSE,FALSE,TRUE,FALSE,FALSE,FALSE,FALSE
1051,Q5052809,NA,48429988,38,mdp.39015048745395,Q5052809,ic,NA,1051,FALSE,FALSE,TRUE,FALSE,FALSE,FALSE,FALSE
1052,Q352059,039914207X,4161056431,8,mdp.39015041007728,Q352059,ic,0399142274,1052,FALSE,FALSE,TRUE,FALSE,FALSE,FALSE,FALSE
1054,Q982095,0786862580,198444419,3,mdp.39015040531215,Q982095,ic,0786862580,1054,FALSE,FALSE,TRUE,FALSE,FALSE,FALSE,FALSE
1056,Q558425,0060149906,4417283077,13,uc1.b4951315,Q558425,ic,NA,1056,FALSE,FALSE,TRUE,FALSE,TRUE,FALSE,FALSE
1058,Q152690,0385301499,706918,12,mdp.39015046344217,Q152690,ic,0385301499,1058,FALSE,FALSE,TRUE,FALSE,FALSE,FALSE,FALSE
1061,Q333713,0385110030,19805233,12,mdp.39015002287590,Q333713,ic,0002221020,1061,FALSE,FALSE,TRUE,FALSE,TRUE,FALSE,FALSE
1062,NA,NA,NA,8,uc1.b4086401,NA,ic,NA,224,TRUE,TRUE,TRUE,TRUE,FALSE,TRUE,TRUE
1063,Q272610,0679423907,1863697946,7,mdp.39015040053905,Q272610,ic,0679423907,1063,FALSE,FALSE,TRUE,FALSE,FALSE,FALSE,FALSE
1064,Q380202,NA,51582936,10,mdp.39015054021426,Q380202,ic,NA,1064,FALSE,FALSE,FALSE,FALSE,FALSE,FALSE,FALSE
1066,NA,NA,NA,4,uc1.b4086401,NA,ic,NA,224,TRUE,TRUE,TRUE,TRUE,FALSE,TRUE,TRUE
1068,Q335232,0679447830,196759752,4,mdp.39015043412298,Q335232,ic,0679447830,1068,FALSE,FALSE,TRUE,FALSE,FALSE,FALSE,FALSE
1069,Q1648830,9780802121530,1333265,24,uc1.32106002184684,Q1648830,ic,NA,1069,FALSE,FALSE,TRUE,FALSE,TRUE,FALSE,FALSE
107,Q716579,0837167779,349234095,4,mdp.39015066296156,Q716579,ic,0837167779,107,FALSE,FALSE,TRUE,FALSE,FALSE,FALSE,FALSE
1073,Q536861,0440014085,196528361,21,mdp.39015000513997,Q536861,ic,0440014085,1073,FALSE,FALSE,TRUE,FALSE,FALSE,FALSE,FALSE
1075,NA,NA,NA,1,uc1.b4086401,NA,ic,NA,224,TRUE,TRUE,TRUE,TRUE,FALSE,TRUE,TRUE
1076,NA,NA,NA,1,uc1.b4086401,NA,ic,NA,224,TRUE,TRUE,TRUE,TRUE,FALSE,TRUE,TRUE
1077,Q219784,9780140153224,2863453845,13,mdp.39015055119328,Q219784,ic,0525470832,1077,FALSE,FALSE,TRUE,FALSE,TRUE,FALSE,FALSE
1083,Q230591,NA,467366,22,mdp.39015008621164,Q230591,ic,NA,1083,FALSE,FALSE,TRUE,FALSE,FALSE,FALSE,FALSE
1085,NA,NA,NA,1,uc1.b4086401,NA,ic,NA,224,TRUE,TRUE,TRUE,TRUE,FALSE,TRUE,TRUE
1087,Q2909151,0684845768,883767,5,mdp.39015045655050,Q2909151,ic,0684855755,1087,FALSE,FALSE,TRUE,FALSE,FALSE,FALSE,FALSE
1088,NA,NA,NA,1,uc1.b4086401,NA,ic,NA,224,TRUE,TRUE,TRUE,TRUE,FALSE,TRUE,TRUE
109,NA,NA,1717446,3,uc1.$b104062,NA,ic,NA,109,FALSE,FALSE,TRUE,FALSE,FALSE,FALSE,FALSE
1091,Q210669,0525945636,6017188,8,mdp.39015049550273,Q210669,ic,0525945636,1091,FALSE,FALSE,TRUE,FALSE,FALSE,FALSE,FALSE
1093,NA,NA,NA,1,uc1.b4086401,NA,ic,NA,224,TRUE,TRUE,FALSE,TRUE,FALSE,TRUE,TRUE
1098,Q1064454,0871136791,3770228180,61,mdp.39015054038578,Q1064454,ic,0871136791,1098,FALSE,FALSE,TRUE,FALSE,FALSE,FALSE,FALSE
1099,Q3500849,0399147365,13544884,5,mdp.39015050499584,Q3500849,ic,0399147365,1099,FALSE,FALSE,TRUE,FALSE,FALSE,FALSE,FALSE
110,Q5566419,NA,148096550,3,mdp.39015030728011,Q5566419,ic,NA,110,FALSE,FALSE,FALSE,FALSE,FALSE,FALSE,FALSE
1100,Q550819,0399152407,374392238,4,mdp.39015060593665,Q550819,ic,0399152407,1100,FALSE,FALSE,TRUE,FALSE,FALSE,FALSE,FALSE
1101,NA,NA,NA,5,uc1.b4086401,NA,ic,NA,224,TRUE,TRUE,TRUE,TRUE,FALSE,TRUE,TRUE
1104,Q203460,0394584090,1059091234,3,uc1.32106009416683,Q203460,ic,0394584090,1104,FALSE,FALSE,TRUE,FALSE,FALSE,FALSE,FALSE
1107,Q234392,NA,544774,1,mdp.39015008387188,Q234392,ic,NA,1107,FALSE,FALSE,FALSE,FALSE,FALSE,FALSE,FALSE
1111,Q283496,NA,1840501,14,mdp.39015002725615,Q283496,und,NA,1111,FALSE,FALSE,FALSE,FALSE,FALSE,FALSE,FALSE
1117,Q290686,067100333X,567528,3,mdp.39015040069828,Q290686,ic,067100333X,1117,FALSE,FALSE,TRUE,FALSE,FALSE,FALSE,FALSE
1118,Q314929,0399140824,612887,7,mdp.39015034923915,Q314929,ic,0399140824,1118,FALSE,FALSE,TRUE,FALSE,FALSE,FALSE,FALSE
1119,NA,NA,1832693,1,uc1.$b101571,NA,ic,NA,1119,FALSE,FALSE,TRUE,FALSE,FALSE,FALSE,FALSE
1120,NA,NA,1875425297,11,uc1.$b86995,NA,ic,NA,1120,FALSE,FALSE,FALSE,FALSE,TRUE,FALSE,FALSE
1121,NA,0399136703,3769065137,12,mdp.39015058017818,NA,ic,0718134680,1121,FALSE,FALSE,TRUE,FALSE,TRUE,FALSE,FALSE
1124,Q42327267,NA,422396528,1,uc1.$b798950,Q42327267,pdus,NA,1124,FALSE,FALSE,FALSE,FALSE,FALSE,FALSE,FALSE
1126,Q72653,0385338325,20055938,7,mdp.39015073948294,Q72653,ic,0385338325,1126,FALSE,FALSE,TRUE,FALSE,FALSE,FALSE,FALSE
1127,NA,NA,NA,9,uc1.b4086401,NA,ic,NA,224,TRUE,TRUE,TRUE,TRUE,FALSE,TRUE,TRUE
1128,Q8020495,NA,149337058,3,uc1.$b601378,Q8020495,ic,NA,1128,FALSE,FALSE,TRUE,FALSE,FALSE,FALSE,FALSE
1129,Q80900,NA,4336985,3,uc1.$b223958,Q80900,und,NA,1129,FALSE,FALSE,TRUE,FALSE,FALSE,FALSE,FALSE
113,Q1633025,0394407571,464030,1,mdp.39015066055388,Q1633025,ic,0394407571,113,FALSE,FALSE,TRUE,FALSE,FALSE,FALSE,FALSE
1131,Q430182,0884119289,2908871943,13,umn.31951002044405r,Q430182,ic,NA,1131,FALSE,FALSE,FALSE,FALSE,FALSE,FALSE,FALSE
1135,Q966340,0786703199,58177189,54,mdp.39015008990346,Q966340,ic,0877956502,1135,FALSE,FALSE,FALSE,FALSE,TRUE,FALSE,FALSE
1137,Q558425,0397012039,196541602,27,mdp.39015001811705,Q558425,ic,0397012039,1137,FALSE,FALSE,TRUE,FALSE,FALSE,FALSE,FALSE
1143,Q5566463,NA,476606009,4,uc1.b3727838,Q5566463,ic,NA,1143,FALSE,FALSE,FALSE,FALSE,FALSE,FALSE,FALSE
1144,Q172140,0394513924,156434160,12,mdp.39015046372440,Q172140,ic,0394513924,1144,FALSE,FALSE,TRUE,FALSE,FALSE,FALSE,FALSE
1145,Q373541,NA,41671806,1,mdp.39015014603446,Q373541,ic,NA,1145,FALSE,FALSE,FALSE,FALSE,FALSE,FALSE,FALSE
1147,Q1356200,9780743270366,46415069,6,mdp.39015062619427,Q1356200,ic,NA,1147,FALSE,FALSE,TRUE,FALSE,FALSE,FALSE,FALSE
1149,Q410,0671434004,2517127841,24,mdp.39015038888775,Q410,ic,0671434004,1149,FALSE,FALSE,TRUE,FALSE,FALSE,FALSE,FALSE
1150,Q352059,0399141065,16001087,8,mdp.39015037305441,Q352059,ic,0399141065,1150,FALSE,FALSE,TRUE,FALSE,FALSE,FALSE,FALSE
1152,NA,NA,NA,27,uc1.b4086401,NA,ic,NA,224,TRUE,TRUE,TRUE,TRUE,FALSE,TRUE,TRUE
1154,Q1678883,0345450191,2716273,4,mdp.39015059250996,Q1678883,ic,0345450191,1154,FALSE,FALSE,TRUE,FALSE,FALSE,FALSE,FALSE
1157,Q469250,NA,198928504,3,mdp.39015008507801,Q469250,ic,NA,1157,FALSE,FALSE,FALSE,FALSE,FALSE,FALSE,FALSE
1158,Q7074155,NA,199065632,6,mdp.39015029834986,Q7074155,ic,0877956537,1158,FALSE,FALSE,FALSE,FALSE,TRUE,FALSE,FALSE
1159,NA,NA,NA,5,uc1.b4086401,NA,ic,NA,224,TRUE,TRUE,TRUE,TRUE,FALSE,TRUE,TRUE
1160,Q134942,NA,1224598,1,mdp.39015001145211,Q134942,und,NA,1160,FALSE,FALSE,FALSE,FALSE,FALSE,FALSE,FALSE
1162,Q298651,0553803425,264042,3,mdp.39015060886457,Q298651,ic,0553803425,1162,FALSE,FALSE,TRUE,FALSE,FALSE,FALSE,FALSE
1167,Q105756,0394420667,461689,36,uc1.32106002151097,Q105756,ic,9780233960746,1167,FALSE,FALSE,TRUE,FALSE,FALSE,FALSE,FALSE
1169,Q446121,0345486501,48290780,4,mdp.39015064884664,Q446121,ic,0345486501,1169,FALSE,FALSE,TRUE,FALSE,FALSE,FALSE,FALSE
1171,NA,NA,NA,1,uc1.b4086401,NA,ic,NA,224,TRUE,TRUE,TRUE,TRUE,FALSE,TRUE,TRUE
1176,Q167821,0394500156,196658948,16,mdp.39015002182411,Q167821,ic,0394500156,1176,FALSE,FALSE,TRUE,FALSE,FALSE,FALSE,FALSE
1178,NA,NA,NA,8,uc1.b4086401,NA,ic,NA,224,TRUE,FALSE,TRUE,TRUE,FALSE,TRUE,TRUE
1183,Q1688127,NA,413240,11,mdp.39015024079025,Q1688127,und,NA,1183,FALSE,FALSE,FALSE,FALSE,FALSE,FALSE,FALSE
1184,NA,NA,NA,2,uc1.b4086401,NA,ic,NA,224,TRUE,TRUE,TRUE,TRUE,FALSE,TRUE,TRUE
1185,NA,NA,NA,5,uc1.b4086401,NA,ic,NA,224,TRUE,TRUE,TRUE,TRUE,FALSE,TRUE,TRUE
1188,Q3035915,NA,190729631,1,mdp.39015013281632,Q3035915,ic,NA,1188,FALSE,FALSE,FALSE,FALSE,FALSE,FALSE,FALSE
1190,NA,NA,NA,2,uc1.b4086401,NA,ic,NA,224,TRUE,TRUE,TRUE,TRUE,FALSE,TRUE,TRUE
1191,Q104528497,NA,225047968,2,mdp.39015063954955,Q104528497,ic,NA,1191,FALSE,FALSE,FALSE,FALSE,FALSE,FALSE,FALSE
1195,NA,NA,NA,4,uc1.b4086401,NA,ic,NA,224,TRUE,TRUE,TRUE,TRUE,FALSE,TRUE,TRUE
1197,Q298221,0743233484,10794,3,mdp.39015060998914,Q298221,ic,0743233484,1197,FALSE,FALSE,TRUE,FALSE,FALSE,FALSE,FALSE
120,NA,NA,NA,1,uc1.b4086401,NA,ic,NA,224,TRUE,TRUE,TRUE,TRUE,FALSE,TRUE,TRUE
1202,NA,NA,NA,11,uc1.b4086401,NA,ic,NA,224,TRUE,TRUE,TRUE,TRUE,FALSE,TRUE,TRUE
1204,NA,NA,NA,1,uc1.b4086401,NA,ic,NA,224,TRUE,TRUE,TRUE,TRUE,FALSE,TRUE,TRUE
1205,Q72653,0440011302,325501670,24,uc1.32106013896318,Q72653,ic,0440011302,1205,FALSE,FALSE,TRUE,FALSE,FALSE,FALSE,FALSE
1207,NA,NA,NA,4,uc1.b4086401,NA,ic,NA,224,TRUE,TRUE,TRUE,TRUE,FALSE,TRUE,TRUE
1208,Q5444469,074345779X,8739,1,mdp.39015058210033,Q5444469,ic,074345779X,1208,FALSE,FALSE,TRUE,FALSE,FALSE,FALSE,FALSE
1211,NA,NA,NA,12,uc1.b4086401,NA,ic,NA,224,TRUE,TRUE,TRUE,TRUE,FALSE,TRUE,TRUE
1213,Q982095,0743277198,1112543,2,mdp.39015061458892,Q982095,ic,0743277198,1213,FALSE,FALSE,TRUE,FALSE,FALSE,FALSE,FALSE
1214,Q446121,0345453417,683641,1,mdp.39015057620885,Q446121,ic,0345453417,1214,FALSE,FALSE,TRUE,FALSE,FALSE,FALSE,FALSE
1215,Q361623,NA,398710,25,mdp.39076000493788,Q361623,ic,0020532105,1215,FALSE,FALSE,TRUE,FALSE,TRUE,FALSE,FALSE
1219,Q336519,0385323832,535466,5,mdp.39015039922177,Q336519,ic,0385323832,1219,FALSE,FALSE,TRUE,FALSE,FALSE,FALSE,FALSE
122,Q3704362,0778321444,938154,1,mdp.39015060818443,Q3704362,ic,0778321444,122,FALSE,FALSE,TRUE,FALSE,FALSE,FALSE,FALSE
1221,NA,NA,NA,1,uc1.b4086401,NA,ic,NA,224,TRUE,TRUE,TRUE,TRUE,FALSE,TRUE,TRUE
1222,Q39829,0670451932,354800,33,pst.000059006770,Q39829,ic,0816156670,1221,TRUE,TRUE,TRUE,TRUE,TRUE,FALSE,TRUE
1224,NA,NA,NA,3,uc1.b4086401,NA,ic,NA,224,TRUE,TRUE,TRUE,TRUE,FALSE,TRUE,TRUE
1227,Q35064,0396071910,11664196311,33,mdp.39015003472480,Q35064,ic,0396071910,1227,FALSE,FALSE,TRUE,FALSE,FALSE,FALSE,FALSE
1229,Q4309918,NA,354026796,22,uc1.$b98402,Q4309918,ic,NA,1229,FALSE,FALSE,TRUE,FALSE,TRUE,FALSE,FALSE
123,Q531759,0375405917,317770,3,mdp.39015059124506,Q531759,ic,0375405917,123,FALSE,FALSE,TRUE,FALSE,FALSE,FALSE,FALSE
1232,Q72653,0385297661,535328,22,mdp.49015002559228,Q72653,ic,0385297459,1232,FALSE,FALSE,TRUE,FALSE,FALSE,FALSE,FALSE
1235,Q231736,0743206045,4929061902,9,mdp.39015055183555,Q231736,ic,0743206045,1235,FALSE,FALSE,TRUE,FALSE,FALSE,FALSE,FALSE
1236,NA,NA,NA,3,uc1.b4086401,NA,ic,NA,224,TRUE,TRUE,TRUE,TRUE,FALSE,TRUE,TRUE
1237,NA,NA,NA,9,uc1.b4086401,NA,ic,NA,224,TRUE,TRUE,TRUE,TRUE,FALSE,TRUE,TRUE
1238,Q5363029,NA,2288405,1,mdp.39015032389515,Q5363029,ic,NA,1238,FALSE,FALSE,FALSE,FALSE,FALSE,FALSE,FALSE
1241,Q437810,0679401350,2452617150,11,mdp.39015025224190,Q437810,ic,0679401350,1241,FALSE,FALSE,TRUE,FALSE,FALSE,FALSE,FALSE
1242,NA,NA,NA,2,uc1.b4086401,NA,ic,NA,224,TRUE,TRUE,TRUE,TRUE,FALSE,TRUE,TRUE
1246,Q233046,0399136487,1067042,1,mdp.39015029211250,Q233046,ic,0399136487,1246,FALSE,FALSE,TRUE,FALSE,FALSE,FALSE,FALSE
1247,Q233046,039913817X,5218413675,1,pst.000045148910,Q233046,ic,0399138366,1247,FALSE,FALSE,TRUE,FALSE,FALSE,FALSE,FALSE
1249,NA,NA,NA,4,uc1.b4086401,NA,ic,NA,224,TRUE,TRUE,TRUE,TRUE,FALSE,TRUE,TRUE
1250,NA,NA,NA,1,uc1.b4086401,NA,ic,NA,224,TRUE,TRUE,TRUE,TRUE,FALSE,TRUE,TRUE
1252,Q2089198,NA,2448595,3,uc1.$b86056,Q2089198,ic,NA,1252,FALSE,FALSE,FALSE,FALSE,FALSE,FALSE,FALSE
1257,Q437224,0060177225,651114,6,mdp.39015034445950,Q437224,ic,0060177225,1257,FALSE,FALSE,TRUE,FALSE,FALSE,FALSE,FALSE
1258,Q214660,0316289590,48081265,27,uc1.b4410359,Q214660,ic,9780316289597,1258,FALSE,FALSE,TRUE,FALSE,FALSE,FALSE,FALSE
126,Q34670,0394472624,11475665716,2,mdp.39015003640110,Q34670,ic,0394472624,126,FALSE,FALSE,TRUE,FALSE,FALSE,FALSE,FALSE
1262,Q288627,0345469291,46652368,1,mdp.39015063341377,Q288627,ic,0345469305,1262,FALSE,FALSE,TRUE,FALSE,FALSE,FALSE,FALSE
1268,Q3500849,039915342X,46869663,5,mdp.39015064690079,Q3500849,ic,9780399153426,1268,FALSE,FALSE,TRUE,FALSE,FALSE,FALSE,FALSE
1269,Q457450,NA,3943316105,19,mdp.39076000770110,Q457450,ic,NA,1269,FALSE,FALSE,TRUE,FALSE,FALSE,FALSE,FALSE
1270,Q1683201,0553801929,3579970851,5,mdp.39015055796752,Q1683201,ic,0553801929,1270,FALSE,FALSE,TRUE,FALSE,FALSE,FALSE,FALSE
1273,Q433708,0399151788,901835,4,mdp.39015060122275,Q433708,ic,0399151788,1273,FALSE,FALSE,TRUE,FALSE,FALSE,FALSE,FALSE
1274,Q1678883,0679450432,844309,5,mdp.39015047518736,Q1678883,ic,0679450432,1274,FALSE,FALSE,TRUE,FALSE,FALSE,FALSE,FALSE
1281,Q1701679,9780399154775,9381708814,5,mdp.39015074297832,Q1701679,ic,0399154779,1281,FALSE,FALSE,TRUE,FALSE,FALSE,FALSE,FALSE
1286,Q272076,0679425241,47667,10,mdp.39015017429088,Q272076,ic,0679425241,1286,FALSE,FALSE,TRUE,FALSE,FALSE,FALSE,FALSE
13,Q314929,0399143025,539074,7,mdp.39015040572409,Q314929,ic,0718142888,13,FALSE,FALSE,TRUE,FALSE,TRUE,FALSE,FALSE
130,Q80900,9781453263488,5573824567,8,inu.30000041111034,Q80900,ic,1559210346,130,FALSE,FALSE,FALSE,FALSE,TRUE,FALSE,FALSE
1300,Q339577,0553444190,12060816,3,mdp.39015034512692,Q339577,ic,0553099744,1300,FALSE,FALSE,TRUE,FALSE,FALSE,FALSE,FALSE
1307,Q72653,0385336314,687266,6,mdp.39015056814265,Q72653,ic,0385336918,1307,FALSE,FALSE,TRUE,FALSE,FALSE,FALSE,FALSE
1309,Q471021,NA,52400880,21,mdp.39015053232107,Q471021,und,NA,1309,FALSE,FALSE,TRUE,FALSE,FALSE,FALSE,FALSE
1310,Q5566463,NA,1461943,18,mdp.39015002754748,Q5566463,ic,NA,1310,FALSE,FALSE,TRUE,FALSE,FALSE,FALSE,FALSE
1311,NA,NA,NA,2,uc1.b4086401,NA,ic,NA,224,TRUE,FALSE,TRUE,TRUE,FALSE,TRUE,TRUE
1318,NA,NA,NA,11,uc1.b4086401,NA,ic,NA,224,TRUE,TRUE,TRUE,TRUE,FALSE,TRUE,TRUE
1319,NA,NA,NA,1,uc1.b4086401,NA,ic,NA,224,TRUE,TRUE,TRUE,TRUE,FALSE,TRUE,TRUE
1322,Q298651,0553802461,912030,4,mdp.39015056670386,Q298651,ic,0553802461,1322,FALSE,FALSE,TRUE,FALSE,FALSE,FALSE,FALSE
1326,NA,NA,NA,4,uc1.b4086401,NA,ic,NA,224,TRUE,TRUE,TRUE,TRUE,FALSE,TRUE,TRUE
133,Q298229,0345423399,14576081,1,mdp.39015066066682,Q298229,ic,0345423399,133,FALSE,FALSE,TRUE,FALSE,FALSE,FALSE,FALSE
1334,NA,NA,NA,1,uc1.b4086401,NA,ic,NA,224,TRUE,TRUE,TRUE,TRUE,FALSE,TRUE,TRUE
1335,NA,NA,NA,12,uc1.b4086401,NA,ic,NA,224,TRUE,TRUE,TRUE,TRUE,FALSE,TRUE,TRUE
1339,Q1349027,0399147357,1050473,1,mdp.39015050772709,Q1349027,ic,0399147357,1339,FALSE,FALSE,TRUE,FALSE,FALSE,FALSE,FALSE
1341,NA,NA,NA,3,uc1.b4086401,NA,ic,NA,224,TRUE,TRUE,TRUE,TRUE,FALSE,TRUE,TRUE
1343,Q49074,0440017807,1178290084,14,mdp.39015013948370,Q49074,ic,0440017807,1343,FALSE,FALSE,TRUE,FALSE,FALSE,FALSE,FALSE
1350,NA,NA,NA,1,uc1.b4086401,NA,ic,NA,224,TRUE,TRUE,FALSE,TRUE,FALSE,TRUE,TRUE
1351,Q298221,9780684859712,6659787,4,uc1.32106015140467,Q298221,ic,0743204298,1351,FALSE,FALSE,TRUE,FALSE,FALSE,FALSE,FALSE
1354,NA,NA,NA,1,uc1.b4086401,NA,ic,NA,224,TRUE,TRUE,TRUE,TRUE,FALSE,TRUE,TRUE
1355,Q445429,NA,33378563,64,pst.000032220704,Q445429,ic,1568492421,1355,FALSE,FALSE,TRUE,FALSE,TRUE,FALSE,FALSE
136,Q72705,NA,48210193,16,inu.32000009191885,Q72705,ic,NA,136,FALSE,FALSE,FALSE,FALSE,TRUE,FALSE,FALSE
1360,Q443096,NA,4837223529,32,mdp.39015058729354,Q443096,ic,1556524900,1360,FALSE,FALSE,TRUE,FALSE,TRUE,FALSE,FALSE
1361,NA,NA,NA,2,uc1.b4086401,NA,ic,NA,224,TRUE,TRUE,TRUE,TRUE,FALSE,TRUE,TRUE
1364,Q5995099,0517544873,4160075790,1,pst.000015648167,Q5995099,ic,0425087956,1364,FALSE,FALSE,TRUE,FALSE,TRUE,FALSE,FALSE
1366,Q6551554,0743254899,9264251743,3,mdp.39015063661014,Q6551554,ic,0743254899,1366,FALSE,FALSE,TRUE,FALSE,FALSE,FALSE,FALSE
1370,Q550819,0399147799,374393173,3,mdp.39015053148055,Q550819,ic,0399147799,1370,FALSE,FALSE,TRUE,FALSE,FALSE,FALSE,FALSE
1373,NA,NA,NA,2,uc1.b4086401,NA,ic,NA,224,TRUE,TRUE,TRUE,TRUE,FALSE,TRUE,TRUE
1376,NA,NA,NA,1,uc1.b4086401,NA,ic,NA,224,TRUE,TRUE,TRUE,TRUE,FALSE,TRUE,TRUE
1380,NA,NA,NA,1,uc1.b4086401,NA,ic,NA,224,TRUE,TRUE,TRUE,TRUE,FALSE,TRUE,TRUE
1382,Q105167,0399139540,543712,25,mdp.39015035331548,Q105167,ic,0399139540,1382,FALSE,FALSE,TRUE,FALSE,FALSE,FALSE,FALSE
1384,Q1395538,0684872536,3901071404,1,mdp.39015055842788,Q1395538,ic,0684872536,1384,FALSE,FALSE,TRUE,FALSE,FALSE,FALSE,FALSE
1387,Q187019,0671703749,198683319,3,mdp.39015017697734,Q187019,ic,0671703749,1387,FALSE,FALSE,TRUE,FALSE,FALSE,FALSE,FALSE
139,Q298229,9780345495907,103618008,3,mdp.39015074299432,Q298229,ic,034549590X,139,FALSE,FALSE,TRUE,FALSE,FALSE,FALSE,FALSE
1390,Q314929,0399138714,13803788,8,mdp.39015054091932,Q314929,ic,0399138714,1390,FALSE,FALSE,TRUE,FALSE,FALSE,FALSE,FALSE
1391,Q454595,NA,40777390,26,mdp.39015003471441,Q454595,ic|und,NA,1391,FALSE,FALSE,TRUE,FALSE,FALSE,FALSE,FALSE
1392,NA,NA,NA,10,uc1.b4086401,NA,ic,NA,224,TRUE,TRUE,TRUE,TRUE,FALSE,TRUE,TRUE
1394,NA,NA,2485662,3,mdp.39015063956521,NA,ic,NA,1394,FALSE,FALSE,FALSE,FALSE,FALSE,FALSE,FALSE
1399,Q447404,0399145869,2294346,2,mdp.39015047866853,Q447404,ic,0399145869,1399,FALSE,FALSE,TRUE,FALSE,FALSE,FALSE,FALSE
14,NA,NA,NA,8,uc1.b4086401,NA,ic,NA,224,TRUE,TRUE,TRUE,TRUE,FALSE,TRUE,TRUE
1400,Q793895,0385515502,56673525,3,mdp.39015067684137,Q793895,ic,9780385515504,1400,FALSE,FALSE,TRUE,FALSE,FALSE,FALSE,FALSE
1401,Q438345,0671524194,680665,3,mdp.39015038599778,Q438345,ic,0671524194,1401,FALSE,FALSE,TRUE,FALSE,FALSE,FALSE,FALSE
1406,Q1678883,0679420649,4063799575,11,mdp.39015033991335,Q1678883,ic,0679420649,1406,FALSE,FALSE,TRUE,FALSE,FALSE,FALSE,FALSE
1409,Q21077879,NA,1087170,11,mdp.39015063550084,Q21077879,ic,NA,1409,FALSE,FALSE,FALSE,FALSE,FALSE,FALSE,FALSE
1411,Q1377013,9780385313872,467336,26,mdp.39015038911056,Q1377013,ic,NA,1411,FALSE,FALSE,TRUE,FALSE,FALSE,FALSE,FALSE
1412,Q220018,0151246564,3900995656,36,mdp.39015066047898,Q220018,ic,0151246564,1412,FALSE,FALSE,TRUE,FALSE,FALSE,FALSE,FALSE
1413,Q259364,0151247730,48287877,5,mdp.39015020642214,Q259364,ic,NA,1413,FALSE,FALSE,TRUE,FALSE,FALSE,FALSE,FALSE
1415,Q21162298,NA,3855707869,3,uc1.$b105864,Q21162298,ic,NA,1415,FALSE,FALSE,FALSE,FALSE,FALSE,FALSE,FALSE
1418,NA,NA,NA,1,uc1.b4086401,NA,ic,NA,224,TRUE,TRUE,TRUE,TRUE,FALSE,TRUE,TRUE
142,Q4684769,NA,354027478,30,mdp.39015000628977,Q4684769,ic,NA,142,FALSE,FALSE,FALSE,FALSE,FALSE,FALSE,FALSE
1425,NA,NA,NA,12,uc1.b4086401,NA,ic,NA,224,TRUE,TRUE,TRUE,TRUE,FALSE,TRUE,TRUE
1427,NA,NA,NA,2,uc1.b4086401,NA,ic,NA,224,TRUE,TRUE,TRUE,TRUE,FALSE,TRUE,TRUE
1431,Q39829,9780670868360,547033,15,mdp.39015038148048,Q39829,ic,0670868361,1431,FALSE,FALSE,FALSE,FALSE,FALSE,FALSE,FALSE
1443,NA,NA,NA,3,uc1.b4086401,NA,ic,NA,224,TRUE,TRUE,TRUE,TRUE,FALSE,TRUE,TRUE
1449,NA,NA,NA,1,uc1.b4086401,NA,ic,NA,224,TRUE,TRUE,TRUE,TRUE,FALSE,TRUE,TRUE
145,Q2619779,9781439109342,771771560,4,pst.000002169873,Q2619779,ic,NA,145,FALSE,FALSE,TRUE,FALSE,TRUE,FALSE,FALSE
1450,NA,NA,NA,1,uc1.b4086401,NA,ic,NA,224,TRUE,TRUE,TRUE,TRUE,FALSE,TRUE,TRUE
1451,NA,NA,356233519,18,mdp.39015003941161,NA,ic,NA,1451,FALSE,FALSE,TRUE,FALSE,TRUE,FALSE,FALSE
1452,Q268181,0385509472,196777943,4,mdp.39015059986318,Q268181,ic,0385509472,1452,FALSE,FALSE,TRUE,FALSE,FALSE,FALSE,FALSE
1456,Q39829,0670272663,515540,32,mdp.39015035336281,Q39829,ic,0670272663,1456,FALSE,FALSE,TRUE,FALSE,FALSE,FALSE,FALSE
1457,Q235615,0307263940,47559672,6,mdp.39015064680575,Q235615,ic,0307263940,1457,FALSE,FALSE,FALSE,FALSE,FALSE,FALSE,FALSE
1458,Q5478889,NA,519487,37,uc1.b3710825,Q5478889,ic,NA,1458,FALSE,FALSE,TRUE,FALSE,FALSE,FALSE,FALSE
1459,Q235615,0394523814,463493,17,mdp.39015035342784,Q235615,ic,0394523814,1459,FALSE,FALSE,TRUE,FALSE,FALSE,FALSE,FALSE
146,Q1452807,NA,750810,8,uc1.b3727139,Q1452807,ic,NA,146,FALSE,FALSE,TRUE,FALSE,FALSE,FALSE,FALSE
1461,Q42,0671625829,48519117,14,mdp.39015062109072,Q42,ic,0671625829,1461,FALSE,FALSE,TRUE,FALSE,FALSE,FALSE,FALSE
1462,Q3500849,0060176660,196811131,3,mdp.39015038180710,Q3500849,ic,0060176660,1462,FALSE,FALSE,TRUE,FALSE,FALSE,FALSE,FALSE
1464,Q76414,NA,1343149,12,uc1.b3711001,Q76414,und,NA,1464,FALSE,FALSE,TRUE,FALSE,FALSE,FALSE,FALSE
1465,Q3500849,0399149821,702099,3,mdp.39015056671541,Q3500849,ic,0399149821,1465,FALSE,FALSE,TRUE,FALSE,FALSE,FALSE,FALSE
1467,Q172140,0679419454,156434992,22,uc1.32106016478502,Q172140,ic,0679419454,1467,FALSE,FALSE,TRUE,FALSE,FALSE,FALSE,FALSE
147,Q185696,0679445102,4535731963,1,mdp.39015034442486,Q185696,ic,0679445102,147,FALSE,FALSE,TRUE,FALSE,FALSE,FALSE,FALSE
1470,NA,NA,NA,24,uc1.b4086401,NA,ic,NA,224,TRUE,TRUE,TRUE,TRUE,FALSE,TRUE,TRUE
1471,NA,NA,NA,8,uc1.b4086401,NA,ic,NA,224,TRUE,TRUE,TRUE,TRUE,FALSE,TRUE,TRUE
1473,Q1318617,NA,9380879194,12,mdp.39015008865480,Q1318617,ic,NA,1473,FALSE,FALSE,FALSE,FALSE,FALSE,FALSE,FALSE
1475,NA,0399151540,691322,5,mdp.39015058129670,Q231356,ic,0399151540,1475,FALSE,FALSE,TRUE,FALSE,FALSE,FALSE,FALSE
1478,Q982095,0786860197,31620968,4,mdp.39015033266340,Q982095,ic,0786860197,1478,FALSE,FALSE,TRUE,FALSE,FALSE,FALSE,FALSE
1480,Q7365357,NA,57522603,4,mdp.39015019997025,Q7365357,ic,NA,1480,FALSE,FALSE,TRUE,FALSE,FALSE,FALSE,FALSE
1484,Q41223,NA,12392495264,57,mdp.39015063180882,Q41223,ic,0679731237,1484,FALSE,FALSE,TRUE,FALSE,TRUE,FALSE,FALSE
149,Q313007,1573223018,35888,7,uc1.32106018075231,Q313007,ic,0670888249,149,FALSE,FALSE,TRUE,FALSE,TRUE,FALSE,FALSE
1492,NA,NA,NA,25,uc1.b4086401,NA,ic,NA,224,TRUE,TRUE,TRUE,TRUE,FALSE,TRUE,TRUE
1493,NA,NA,NA,8,uc1.b4086401,NA,ic,NA,224,TRUE,TRUE,TRUE,TRUE,FALSE,TRUE,TRUE
1495,NA,NA,NA,3,uc1.b4086401,NA,ic,NA,224,TRUE,TRUE,TRUE,TRUE,FALSE,TRUE,TRUE
1497,Q8005930,NA,1319796,39,mdp.39015018613631,Q8005930,ic,NA,1497,FALSE,FALSE,FALSE,FALSE,FALSE,FALSE,FALSE
1499,Q438345,0553802003,4162038550,1,mdp.39015055108859,Q438345,ic,0553802003,1499,FALSE,FALSE,TRUE,FALSE,FALSE,FALSE,FALSE
150,Q1273517,0385492707,427324576,7,mdp.39015055451739,Q1273517,ic,0385492707,150,FALSE,FALSE,TRUE,FALSE,FALSE,FALSE,FALSE
1500,Q3616265,9780061143441,189807050,1,mdp.39015078775692,Q3616265,ic,0061143448,1500,FALSE,FALSE,TRUE,FALSE,FALSE,FALSE,FALSE
1501,Q49072,NA,1474677,26,mdp.39015001698649,Q49072,ic,NA,1501,FALSE,FALSE,TRUE,FALSE,FALSE,FALSE,FALSE
1502,Q260026,9780307740847,1476127,13,mdp.39015008604301,Q260026,ic,9780241901472,1502,FALSE,FALSE,TRUE,FALSE,TRUE,FALSE,FALSE
1505,Q1285562,NA,1226707,2,mdp.39015000654932,Q1285562,und,NA,1505,FALSE,FALSE,FALSE,FALSE,FALSE,FALSE,FALSE
1507,Q550819,0399137211,374390329,5,mdp.39015053393750,Q550819,ic,0399137548,1507,FALSE,FALSE,TRUE,FALSE,FALSE,FALSE,FALSE
151,Q273677,0743456254,17999,2,mdp.39015061147297,Q273677,ic,0743456254,151,FALSE,FALSE,TRUE,FALSE,FALSE,FALSE,FALSE
1510,NA,NA,NA,1,uc1.b4086401,NA,ic,NA,224,TRUE,TRUE,TRUE,TRUE,FALSE,TRUE,TRUE
1511,Q5478670,NA,1444548,12,uc1.b3687726,Q5478670,pd,NA,1511,FALSE,FALSE,TRUE,FALSE,FALSE,FALSE,FALSE
1512,Q550819,0399151885,287119209,2,mdp.39015058795454,Q550819,ic,0399151885,1512,FALSE,FALSE,TRUE,FALSE,FALSE,FALSE,FALSE
1514,Q2941863,9780399154249,69733517,6,mdp.39015064982740,Q2941863,ic,0399154248,1514,FALSE,FALSE,TRUE,FALSE,FALSE,FALSE,FALSE
1517,Q529336,0812813073,49046165,1,mdp.39015004151679,Q529336,ic,0812813073,1517,FALSE,FALSE,TRUE,FALSE,FALSE,FALSE,FALSE
1520,Q4768750,0060179341,198875502,5,mdp.39015032151824,Q4768750,ic,0060179341,1520,FALSE,FALSE,TRUE,FALSE,FALSE,FALSE,FALSE
1521,Q1349245,0679459618,196621315,5,mdp.39015049549978,Q1349245,ic,0679459618,1521,FALSE,FALSE,TRUE,FALSE,FALSE,FALSE,FALSE
1525,Q80900,1559210338,452554,19,pst.000026329680,Q80900,ic,1559210338,1525,FALSE,FALSE,FALSE,FALSE,TRUE,FALSE,FALSE
1528,NA,NA,NA,1,uc1.b4086401,NA,ic,NA,224,TRUE,TRUE,TRUE,TRUE,FALSE,TRUE,TRUE
1529,Q216134,NA,1298947,1,uc1.32106012331895,Q216134,ic,NA,1529,FALSE,FALSE,FALSE,FALSE,TRUE,FALSE,FALSE
153,Q153700,0671252410,889963108,4,mdp.39015001518243,Q153700,ic,0671252410,153,FALSE,FALSE,TRUE,FALSE,FALSE,FALSE,FALSE
1532,NA,NA,NA,2,uc1.b4086401,NA,ic,NA,224,TRUE,TRUE,TRUE,TRUE,FALSE,TRUE,TRUE
1533,NA,NA,NA,2,uc1.b4086401,NA,ic,NA,224,TRUE,TRUE,TRUE,TRUE,FALSE,TRUE,TRUE
1534,NA,NA,NA,2,uc1.b4086401,NA,ic,NA,224,TRUE,TRUE,TRUE,TRUE,FALSE,TRUE,TRUE
1535,NA,NA,NA,1,uc1.b4086401,NA,ic,NA,224,TRUE,TRUE,TRUE,TRUE,FALSE,TRUE,TRUE
1537,Q233046,0345388216,679227,2,mdp.39015038571041,Q233046,ic,0345388216,1537,FALSE,FALSE,TRUE,FALSE,FALSE,FALSE,FALSE
154,Q62133,NA,4494881329,1,uc1.$b74565,Q62133,ic,NA,154,FALSE,FALSE,FALSE,FALSE,FALSE,FALSE,FALSE
1542,NA,NA,NA,1,uc1.b4086401,NA,ic,NA,224,TRUE,TRUE,TRUE,TRUE,FALSE,TRUE,TRUE
1549,NA,NA,NA,13,uc1.b4086401,NA,ic,NA,224,TRUE,TRUE,TRUE,TRUE,FALSE,TRUE,TRUE
155,Q561435,NA,2081542,5,mdp.39015014137221,Q561435,ic,NA,155,FALSE,FALSE,TRUE,FALSE,FALSE,FALSE,FALSE
1552,Q5363349,NA,375494765,8,mdp.39015022182441,Q5363349,ic,NA,1552,FALSE,FALSE,FALSE,FALSE,FALSE,FALSE,FALSE
1553,Q314929,0399137769,388198,9,mdp.39015029123307,Q314929,ic,0718134826,1553,FALSE,FALSE,TRUE,FALSE,TRUE,FALSE,FALSE
1555,Q786526,0670031720,658968,1,mdp.39015056248878,Q786526,ic,0670031720,1555,FALSE,FALSE,TRUE,FALSE,FALSE,FALSE,FALSE
1557,Q18609288,038549971X,683772,14,mdp.39015050264897,Q18609288,ic,0385502532,1557,FALSE,FALSE,TRUE,FALSE,FALSE,FALSE,FALSE
1558,Q7964635,NA,57520896,46,pst.000014579943,Q7964635,ic,0553064177,1558,FALSE,FALSE,FALSE,FALSE,TRUE,FALSE,FALSE
1559,Q272492,9780385311403,4820338090,8,mdp.39015054016459,Q272492,ic,0385311400,1559,FALSE,FALSE,TRUE,FALSE,FALSE,FALSE,FALSE
1562,Q611672,068485497X,243554691,1,mdp.39015046883040,Q611672,ic,068485497X,1562,FALSE,FALSE,TRUE,FALSE,FALSE,FALSE,FALSE
1563,Q351547,0374144141,452246,9,uc1.b4951227,Q351547,ic,014018760X,1563,FALSE,FALSE,TRUE,FALSE,TRUE,FALSE,FALSE
1565,Q7052087,NA,1933009,17,mdp.39015030727468,Q7052087,und,NA,1565,FALSE,FALSE,TRUE,FALSE,FALSE,FALSE,FALSE
1566,Q39829,9781416552512,104620355,9,mdp.39015073669205,Q39829,ic,1416552510,1566,FALSE,FALSE,TRUE,FALSE,FALSE,FALSE,FALSE
1568,NA,NA,NA,4,uc1.b4086401,NA,ic,NA,224,TRUE,TRUE,FALSE,TRUE,FALSE,TRUE,TRUE
1569,NA,NA,NA,4,uc1.b4086401,NA,ic,NA,224,TRUE,TRUE,TRUE,TRUE,FALSE,TRUE,TRUE
1570,NA,NA,NA,4,uc1.b4086401,NA,ic,NA,224,TRUE,TRUE,TRUE,TRUE,FALSE,TRUE,TRUE
1571,NA,NA,NA,3,uc1.b4086401,NA,ic,NA,224,TRUE,FALSE,TRUE,TRUE,FALSE,TRUE,TRUE
1572,NA,NA,NA,2,uc1.b4086401,NA,ic,NA,224,TRUE,FALSE,TRUE,TRUE,FALSE,TRUE,TRUE
1573,NA,NA,NA,4,uc1.b4086401,NA,ic,NA,224,TRUE,TRUE,TRUE,TRUE,FALSE,TRUE,TRUE
1574,Q1631915,NA,2334773,1,uc1.$b105637,Q1631915,ic,NA,1574,FALSE,FALSE,TRUE,FALSE,FALSE,FALSE,FALSE
1575,NA,NA,3005120,3,uc1.$b312416,NA,pd,NA,1575,FALSE,FALSE,FALSE,FALSE,FALSE,FALSE,FALSE
1578,Q1683201,0553106341,744122,8,mdp.39015050242653,Q1683201,ic,0553106341,1578,FALSE,FALSE,TRUE,FALSE,FALSE,FALSE,FALSE
1579,NA,NA,2357926,11,uc1.$b86038,NA,ic,NA,1579,FALSE,FALSE,FALSE,FALSE,TRUE,FALSE,FALSE
158,Q273677,0743456335,348667045,4,mdp.39015060005751,Q273677,ic,0743456335,158,FALSE,FALSE,TRUE,FALSE,FALSE,FALSE,FALSE
1580,Q705022,0671412922,55696068,3,mdp.39015004780246,Q705022,ic,0671412922,1580,FALSE,FALSE,TRUE,FALSE,FALSE,FALSE,FALSE
1581,Q446121,0345452704,2829667312,3,mdp.39015054419638,Q446121,ic,0345452704,1581,FALSE,FALSE,TRUE,FALSE,FALSE,FALSE,FALSE
1583,Q445429,NA,20013157,6,mdp.39015002660317,Q445429,ic,NA,1583,FALSE,FALSE,FALSE,FALSE,FALSE,FALSE,FALSE
1585,Q113805656,NA,2213669,4,uc1.$b244989,Q113805656,ic,NA,1585,FALSE,FALSE,TRUE,FALSE,FALSE,FALSE,FALSE
1586,Q4309918,NA,3372198708,23,uc1.$b98401,Q4309918,ic,NA,1586,FALSE,FALSE,TRUE,FALSE,TRUE,FALSE,FALSE
1589,NA,NA,NA,31,uc1.b4086401,NA,ic,NA,224,TRUE,TRUE,TRUE,TRUE,FALSE,TRUE,TRUE
1590,NA,NA,NA,1,uc1.b4086401,NA,ic,NA,224,TRUE,TRUE,TRUE,TRUE,FALSE,TRUE,TRUE
1591,NA,NA,2419562,8,wu.89099303265,NA,ic,NA,1591,FALSE,FALSE,TRUE,FALSE,FALSE,FALSE,FALSE
1594,Q39212,0142000655,576470,39,mdp.39015058013270,Q39212,ic,NA,1594,FALSE,FALSE,FALSE,FALSE,TRUE,FALSE,FALSE
1595,Q1174627,0151002290,752912,9,mdp.39015039905859,Q1174627,ic,0151002290,1595,FALSE,FALSE,FALSE,FALSE,FALSE,FALSE,FALSE
1596,Q380439,NA,290292048,28,uc1.b4357916,Q380439,und,NA,1596,FALSE,FALSE,TRUE,FALSE,FALSE,FALSE,FALSE
1598,Q2908658,NA,57521394,28,uc1.$b370484,Q2908658,und,NA,1598,FALSE,FALSE,TRUE,FALSE,FALSE,FALSE,FALSE
16,NA,NA,NA,8,uc1.b4086401,NA,ic,NA,224,TRUE,TRUE,TRUE,TRUE,FALSE,TRUE,TRUE
1600,Q1701679,039914613X,49740,10,mdp.39015042598600,Q1701679,ic,039914613X,1600,FALSE,FALSE,TRUE,FALSE,FALSE,FALSE,FALSE
1602,Q72653,0385336349,87820,9,mdp.39015060399717,Q72653,ic,0385336349,1602,FALSE,FALSE,TRUE,FALSE,FALSE,FALSE,FALSE
1608,Q433708,0399147012,773876,6,mdp.39015049989331,Q433708,ic,000226157X,1608,FALSE,FALSE,TRUE,FALSE,TRUE,FALSE,FALSE
161,Q6152339,0385473109,1009664,1,mdp.39015032608096,Q6152339,ic,0385473109,161,FALSE,FALSE,TRUE,FALSE,FALSE,FALSE,FALSE
1610,NA,NA,NA,10,uc1.b4086401,NA,ic,NA,224,TRUE,TRUE,TRUE,TRUE,FALSE,TRUE,TRUE
1611,Q75868,NA,4535708865,2,mdp.39015063608395,Q75868,ic,NA,1611,FALSE,FALSE,FALSE,FALSE,FALSE,FALSE,FALSE
1615,Q450050,1400042313,1121105,1,mdp.39015064683025,Q450050,ic,9781400042319,1615,FALSE,FALSE,FALSE,FALSE,FALSE,FALSE,FALSE
1616,Q7273516,NA,1176008,6,mdp.39015031325833,Q7273516,ic,NA,1616,FALSE,FALSE,TRUE,FALSE,FALSE,FALSE,FALSE
1618,Q5275574,NA,1442820,7,uc1.b3116569,Q5275574,und,NA,1618,FALSE,FALSE,TRUE,FALSE,FALSE,FALSE,FALSE
1619,Q35064,0396067425,290467383,10,mdp.39015066070890,Q35064,ic,0002312107,1619,FALSE,FALSE,TRUE,FALSE,TRUE,FALSE,FALSE
162,Q313489,0671624342,40284,17,mdp.39015063095692,Q313489,ic,0671624342,162,FALSE,FALSE,TRUE,FALSE,FALSE,FALSE,FALSE
1622,Q2941863,0399148779,41962280,5,mdp.39015055435120,Q2941863,ic,0399148779,1622,FALSE,FALSE,TRUE,FALSE,FALSE,FALSE,FALSE
1624,Q548345,NA,265781719,21,mdp.39015020710847,Q548345,ic,NA,1624,FALSE,FALSE,TRUE,FALSE,FALSE,FALSE,FALSE
1626,Q4955856,NA,1138095,3,uc1.32106015377689,Q4955856,ic,0749003898,1626,FALSE,FALSE,TRUE,FALSE,TRUE,FALSE,FALSE
1627,NA,NA,NA,1,uc1.b4086401,NA,ic,NA,224,TRUE,TRUE,TRUE,TRUE,FALSE,TRUE,TRUE
1628,Q852306,0688016227,67922068,11,mdp.39076006738137,Q852306,ic,0688016227,1628,FALSE,FALSE,TRUE,FALSE,FALSE,FALSE,FALSE
163,NA,NA,NA,12,uc1.b4086401,NA,ic,NA,224,TRUE,TRUE,TRUE,TRUE,FALSE,TRUE,TRUE
1631,Q528593,0395429765,335950,7,mdp.39015066047559,Q528593,ic,0395429765,1631,FALSE,FALSE,TRUE,FALSE,FALSE,FALSE,FALSE
1632,Q167821,0394561236,196822226,13,mdp.39015066059885,Q167821,ic,0394561236,1632,FALSE,FALSE,TRUE,FALSE,FALSE,FALSE,FALSE
1633,NA,NA,NA,2,uc1.b4086401,NA,ic,NA,224,TRUE,TRUE,TRUE,TRUE,FALSE,TRUE,TRUE
1634,Q558430,0679432477,773904,1,mdp.39015059166333,Q558430,ic,0679432477,1634,FALSE,FALSE,TRUE,FALSE,FALSE,FALSE,FALSE
1635,Q13511828,NA,1904300,14,mdp.39015000551526,Q13511828,ic,NA,1635,FALSE,FALSE,FALSE,FALSE,FALSE,FALSE,FALSE
1637,Q379895,0553106481,57740632,5,mdp.39015041074090,Q379895,ic,0553106481,1637,FALSE,FALSE,TRUE,FALSE,FALSE,FALSE,FALSE
164,Q72334,9780307264237,133935784,11,mdp.39076002787351,Q72334,ic,0676978304,164,FALSE,FALSE,TRUE,FALSE,FALSE,FALSE,FALSE
1640,Q217110,9780765304964,134652160,1,mdp.39015082657167,Q217110,ic,0765322102,1640,FALSE,FALSE,TRUE,FALSE,FALSE,FALSE,FALSE
1644,Q313981,0679428879,3902752233,1,mdp.39015053525716,Q313981,ic,0679428879,1644,FALSE,FALSE,TRUE,FALSE,FALSE,FALSE,FALSE
1653,Q3079877,NA,5616513,21,mdp.39015030850781,Q3079877,ic,NA,1653,FALSE,FALSE,FALSE,FALSE,FALSE,FALSE,FALSE
1654,Q3079877,NA,1443263,3,uc1.b3810808,Q3079877,ic,NA,1654,FALSE,FALSE,FALSE,FALSE,FALSE,FALSE,FALSE
1655,Q966340,NA,48029278,10,mdp.39015002385691,Q966340,pd,NA,1655,FALSE,FALSE,TRUE,FALSE,FALSE,FALSE,FALSE
1656,Q298651,0553803425,264042,2,mdp.39015060886457,Q298651,ic,0553803425,1162,FALSE,TRUE,TRUE,TRUE,FALSE,TRUE,TRUE
1658,NA,NA,NA,1,uc1.b4086401,NA,ic,NA,224,TRUE,TRUE,TRUE,TRUE,FALSE,TRUE,TRUE
1661,Q2908695,0345372441,26619778,1,mdp.39015046008309,Q2908695,ic,0345372441,1661,FALSE,FALSE,TRUE,FALSE,FALSE,FALSE,FALSE
1662,Q5367778,NA,149331067,1,pst.000029698981,Q5367778,ic,NA,1662,FALSE,FALSE,FALSE,FALSE,TRUE,FALSE,FALSE
1664,Q639041,044002661X,478463,34,mdp.49015002580224,Q639041,ic,044002661X,1664,FALSE,FALSE,TRUE,FALSE,FALSE,FALSE,FALSE
1667,Q2664596,0345479904,9727671,6,mdp.39015063660834,Q2664596,ic,0345479904,1667,FALSE,FALSE,TRUE,FALSE,TRUE,FALSE,FALSE
1668,NA,NA,NA,2,uc1.b4086401,NA,ic,NA,224,TRUE,FALSE,TRUE,TRUE,FALSE,TRUE,TRUE
167,Q500042,NA,4020055812,4,mdp.39015030851128,Q500042,ic,NA,167,FALSE,FALSE,FALSE,FALSE,FALSE,FALSE,FALSE
1673,NA,NA,NA,1,uc1.b4086401,NA,ic,NA,224,TRUE,TRUE,TRUE,TRUE,FALSE,TRUE,TRUE
1674,Q187019,9780618735167,46705873,5,mdp.39015064680732,Q187019,ic,9780618735167,1674,FALSE,FALSE,FALSE,FALSE,FALSE,FALSE,FALSE
1676,Q176049,9780743262293,943294,2,mdp.39015062584860,Q176049,ic,NA,1676,FALSE,FALSE,TRUE,FALSE,FALSE,FALSE,FALSE
1679,Q437224,0060177233,651111,8,mdp.39015032592712,Q437224,ic,0060177233,1679,FALSE,FALSE,TRUE,FALSE,FALSE,FALSE,FALSE
168,Q7188530,NA,149282988,3,mdp.39015031223806,Q7188530,ic,NA,168,FALSE,FALSE,FALSE,FALSE,FALSE,FALSE,FALSE
1681,Q39829,0743235150,5090406659,11,mdp.39015054263903,Q39829,ic,0743235150,1681,FALSE,FALSE,TRUE,FALSE,FALSE,FALSE,FALSE
1684,NA,NA,1378297,13,mdp.39015016454640,Q69814887,ic,NA,1684,FALSE,FALSE,FALSE,FALSE,FALSE,FALSE,FALSE
1685,Q1688127,0333107128,38847,20,uc1.32106002153713,Q1688127,ic,9780333107126,1685,FALSE,FALSE,TRUE,FALSE,FALSE,FALSE,FALSE
1689,Q105167,0399142185,543774,24,mdp.39015046386523,Q105167,ic,0399142193,1689,FALSE,FALSE,TRUE,FALSE,FALSE,FALSE,FALSE
169,Q105756,0394495519,486385,15,mdp.39015026874050,Q105756,ic,0394497325,169,FALSE,FALSE,TRUE,FALSE,FALSE,FALSE,FALSE
1690,Q1356200,0743453956,742530,6,mdp.39015056886008,Q1356200,ic,0743453956,1690,FALSE,FALSE,TRUE,FALSE,FALSE,FALSE,FALSE
1694,Q34670,NA,2564816567,9,mdp.39015066792022,Q34670,ic,0141188251,1694,FALSE,FALSE,TRUE,FALSE,TRUE,FALSE,FALSE
1695,Q187019,9780618915477,102496748,1,mdp.39015070756724,Q187019,ic,0618915478,1695,FALSE,FALSE,TRUE,FALSE,FALSE,FALSE,FALSE
1697,NA,NA,NA,3,uc1.b4086401,NA,ic,NA,224,TRUE,TRUE,TRUE,TRUE,FALSE,TRUE,TRUE
1699,Q269129,9780553258479,48107729,78,mdp.39076002219033,Q269129,ic,0517207982,1699,FALSE,FALSE,TRUE,FALSE,TRUE,FALSE,FALSE
1700,Q6759886,NA,3036826,2,mdp.39015030728060,Q6759886,ic,NA,1700,FALSE,FALSE,FALSE,FALSE,FALSE,FALSE,FALSE
1706,Q438345,0671523066,778174,2,mdp.39015046485358,Q438345,ic,0671523066,1706,FALSE,FALSE,FALSE,FALSE,FALSE,FALSE,FALSE
1707,Q210669,9780877951865,2279000978,17,mdp.39015046419035,Q210669,ic,0877951861,1707,FALSE,FALSE,TRUE,FALSE,FALSE,FALSE,FALSE
1709,NA,NA,NA,14,uc1.b4086401,NA,ic,NA,224,TRUE,TRUE,TRUE,TRUE,FALSE,TRUE,TRUE
171,Q2908695,0670490210,1816530022,18,mdp.39015002364415,Q2908695,ic,0670490210,171,FALSE,FALSE,TRUE,FALSE,FALSE,FALSE,FALSE
1710,Q1678883,0679429883,570523,8,mdp.39015033253322,Q1678883,ic,0679429883,1710,FALSE,FALSE,TRUE,FALSE,FALSE,FALSE,FALSE
1712,NA,1883642698,3943510613,1,uc1.b3048564,NA,ic,NA,1712,FALSE,FALSE,TRUE,FALSE,TRUE,FALSE,FALSE
1713,Q5637130,0670304484,515612,18,mdp.39015002672064,Q5637130,ic,0670304484,1713,FALSE,FALSE,TRUE,FALSE,FALSE,FALSE,FALSE
1715,NA,NA,NA,30,uc1.b4086401,NA,ic,NA,224,TRUE,TRUE,FALSE,TRUE,FALSE,TRUE,TRUE
1719,Q1444495,NA,34732111,11,mdp.39015002375338,Q1444495,ic,NA,1719,FALSE,FALSE,TRUE,FALSE,FALSE,FALSE,FALSE
1723,Q336151,0394410718,1034295,25,mdp.39015001610354,Q336151,ic,0394410718,1723,FALSE,FALSE,TRUE,FALSE,FALSE,FALSE,FALSE
1731,Q232212,0525945814,773945,2,mdp.39015053112879,Q232212,ic,0525945814,1731,FALSE,FALSE,TRUE,FALSE,FALSE,FALSE,FALSE
1732,Q438345,0399152229,32204,1,mdp.39015059571870,Q438345,ic,0399152229,1732,FALSE,FALSE,TRUE,FALSE,FALSE,FALSE,FALSE
1734,Q310048,9781416546023,62658124,2,mdp.39015069302365,Q310048,ic,1416546022,1734,FALSE,FALSE,TRUE,FALSE,FALSE,FALSE,FALSE
1738,Q272076,055310666X,1083694,9,mdp.39015058015101,Q272076,ic,055310666X,1738,FALSE,FALSE,TRUE,FALSE,FALSE,FALSE,FALSE
1739,Q234392,NA,544789,5,mdp.39015001545261,Q234392,ic,NA,1739,FALSE,FALSE,TRUE,FALSE,FALSE,FALSE,FALSE
1740,Q461000,067123076X,9381649559,4,mdp.39015056228607,Q461000,ic,NA,1740,FALSE,FALSE,TRUE,FALSE,FALSE,FALSE,FALSE
1741,Q1631915,NA,1493369,9,uc1.$b105639,Q1631915,ic,NA,1741,FALSE,FALSE,FALSE,FALSE,TRUE,FALSE,FALSE
1744,Q550819,0399145664,374393030,4,mdp.39015047609329,Q550819,ic,0399145664,1744,FALSE,FALSE,TRUE,FALSE,FALSE,FALSE,FALSE
1746,Q3502960,0060163976,326102552,9,uc1.32106009455087,Q3502960,ic,0060163976,1746,FALSE,FALSE,TRUE,FALSE,FALSE,FALSE,FALSE
1750,Q236950,0453003826,486698,12,pst.000029903801,Q236950,ic,NA,1750,FALSE,FALSE,TRUE,FALSE,FALSE,FALSE,FALSE
1751,Q6834101,NA,1399688,1,uc1.$b105052,Q6834101,ic,NA,1751,FALSE,FALSE,FALSE,FALSE,FALSE,FALSE,FALSE
1753,Q1235328,NA,2223736,1,uc1.$b104472,Q1235328,pd,NA,1753,FALSE,FALSE,FALSE,FALSE,FALSE,FALSE,FALSE
1754,NA,NA,NA,3,uc1.b4086401,NA,ic,NA,224,TRUE,TRUE,TRUE,TRUE,FALSE,TRUE,TRUE
1755,Q892108,039449461X,1978081,3,mdp.39015066056949,Q892108,ic,039449461X,1755,FALSE,FALSE,TRUE,FALSE,FALSE,FALSE,FALSE
1756,Q469250,NA,234719186,12,uc1.b4089213,Q469250,ic,NA,1756,FALSE,FALSE,FALSE,FALSE,FALSE,FALSE,FALSE
1757,Q443528,NA,50846691,4,uc1.$b104149,Q443528,ic,NA,1757,FALSE,FALSE,FALSE,FALSE,FALSE,FALSE,FALSE
1758,Q5560909,NA,315479267,1,wu.89099801888,Q5560909,ic,NA,1758,FALSE,FALSE,FALSE,FALSE,FALSE,FALSE,FALSE
176,Q351547,0374221286,901358,4,inu.30000011896655,Q351547,ic,NA,176,FALSE,FALSE,TRUE,FALSE,FALSE,FALSE,FALSE
1764,Q2386817,0553802038,714858,1,mdp.39015053392661,Q2386817,ic,0553802038,1764,FALSE,FALSE,TRUE,FALSE,FALSE,FALSE,FALSE
1766,NA,NA,NA,1,uc1.b4086401,NA,ic,NA,224,TRUE,TRUE,TRUE,TRUE,FALSE,TRUE,TRUE
1767,NA,NA,NA,2,uc1.b4086401,NA,ic,NA,224,TRUE,TRUE,TRUE,TRUE,FALSE,TRUE,TRUE
1769,Q323353,039914241X,539041,5,mdp.39015041541189,Q323353,ic,039914241X,1769,FALSE,FALSE,TRUE,FALSE,FALSE,FALSE,FALSE
177,Q6149232,0670878103,4820361166,11,mdp.39015043791444,Q6149232,ic,0670878103,177,FALSE,FALSE,TRUE,FALSE,FALSE,FALSE,FALSE
1770,Q298651,055380247X,687133,3,mdp.39015060033175,Q298651,ic,055380247X,1770,FALSE,FALSE,TRUE,FALSE,FALSE,FALSE,FALSE
1776,Q1293793,9781617934308,132814581,30,mdp.39015012250489,Q1293793,ic,NA,1776,FALSE,FALSE,TRUE,FALSE,FALSE,FALSE,FALSE
1777,Q313981,0679412735,884535,11,uc1.32106012103583,Q313981,ic,0679741585,1777,FALSE,FALSE,TRUE,FALSE,FALSE,FALSE,FALSE
1778,Q5734234,NA,3021186,12,mdp.39015014746914,Q5734234,ic,0877955506,1778,FALSE,FALSE,TRUE,FALSE,TRUE,FALSE,FALSE
1779,Q272076,0553106643,561780,9,mdp.39015039923340,Q272076,ic,0553106643,1779,FALSE,FALSE,FALSE,FALSE,FALSE,FALSE,FALSE
1784,Q55720721,NA,149459313,12,mdp.39015063924024,Q55720721,ic,NA,1784,FALSE,FALSE,FALSE,FALSE,FALSE,FALSE,FALSE
1785,Q7601980,NA,2220711,1,mdp.39015030113347,Q7601980,ic,NA,1785,FALSE,FALSE,FALSE,FALSE,FALSE,FALSE,FALSE
1786,Q443528,NA,2908824566,16,mdp.39015002711995,Q443528,und,NA,1786,FALSE,FALSE,TRUE,FALSE,FALSE,FALSE,FALSE
179,NA,NA,NA,20,uc1.b4086401,NA,ic,NA,224,TRUE,TRUE,TRUE,TRUE,FALSE,TRUE,TRUE
1792,NA,NA,NA,1,uc1.b4086401,NA,ic,NA,224,TRUE,TRUE,TRUE,TRUE,FALSE,TRUE,TRUE
1795,Q5478889,NA,2079329,1,uc1.b4095383,Q5478889,ic,NA,1795,FALSE,FALSE,FALSE,FALSE,FALSE,FALSE,FALSE
1796,Q452404,0553107755,2666407,2,mdp.39015054056133,Q452404,ic,0553107755,1796,FALSE,FALSE,TRUE,FALSE,FALSE,FALSE,FALSE
1798,Q545375,0670312134,33556046,2,mdp.39015002202367,Q545375,ic,NA,1798,FALSE,FALSE,TRUE,FALSE,FALSE,FALSE,FALSE
1799,NA,NA,NA,4,uc1.b4086401,NA,ic,NA,224,TRUE,TRUE,TRUE,TRUE,FALSE,TRUE,TRUE
180,Q5365612,NA,136004597,20,mdp.39015016454350,Q5365612,ic,NA,180,FALSE,FALSE,TRUE,FALSE,FALSE,FALSE,FALSE
1801,NA,NA,NA,1,uc1.b4086401,NA,ic,NA,224,TRUE,TRUE,TRUE,TRUE,FALSE,TRUE,TRUE
1804,NA,0399149260,796384739,5,mdp.39015056249017,Q2536700,ic,0399149260,1804,FALSE,FALSE,TRUE,FALSE,FALSE,FALSE,FALSE
1805,NA,NA,NA,1,uc1.b4086401,NA,ic,NA,224,TRUE,TRUE,TRUE,TRUE,FALSE,TRUE,TRUE
1806,Q433994,0394427939,461833,5,mdp.39015046868629,Q433994,ic,0394427939,1806,FALSE,FALSE,TRUE,FALSE,FALSE,FALSE,FALSE
1808,NA,NA,NA,1,uc1.b4086401,NA,ic,NA,224,TRUE,TRUE,TRUE,TRUE,FALSE,TRUE,TRUE
181,NA,NA,NA,20,uc1.b4086401,NA,ic,NA,224,TRUE,FALSE,TRUE,TRUE,FALSE,TRUE,TRUE
1812,Q285876,0743287037,57889634,3,mdp.39015066801955,Q285876,ic,0743287037,1812,FALSE,FALSE,TRUE,FALSE,FALSE,FALSE,FALSE
1815,Q104638814,NA,2165137,2,uc1.$b56217,Q104638814,ic,NA,1815,FALSE,FALSE,TRUE,FALSE,FALSE,FALSE,FALSE
1817,Q449279,NA,68220734,11,mdp.39015060029264,Q449279,ic,0803291388,1817,FALSE,FALSE,TRUE,FALSE,TRUE,FALSE,FALSE
1819,NA,NA,NA,1,uc1.b4086401,NA,ic,NA,224,TRUE,TRUE,TRUE,TRUE,FALSE,TRUE,TRUE
182,Q106465,038550120X,689042,22,mdp.39015050470569,Q106465,ic,0385501218,182,FALSE,FALSE,TRUE,FALSE,FALSE,FALSE,FALSE
1820,NA,NA,NA,1,uc1.b4086401,NA,ic,NA,224,TRUE,TRUE,TRUE,TRUE,FALSE,TRUE,TRUE
1822,Q235354,9780375726828,4923363384,14,uc1.$b391729,Q235354,ic,NA,1822,FALSE,FALSE,TRUE,FALSE,FALSE,FALSE,FALSE
1823,NA,NA,NA,7,uc1.b4086401,NA,ic,NA,224,TRUE,TRUE,TRUE,TRUE,FALSE,TRUE,TRUE
1824,NA,NA,2294995,2,mdp.39015071130960,NA,ic,NA,1824,FALSE,FALSE,TRUE,FALSE,FALSE,FALSE,FALSE
1825,Q438024,0399152792,233502,2,mdp.39015061423797,Q438024,ic,0399152792,1825,FALSE,FALSE,TRUE,FALSE,FALSE,FALSE,FALSE
1826,NA,NA,NA,1,uc1.b4086401,NA,ic,NA,224,TRUE,TRUE,TRUE,TRUE,FALSE,TRUE,TRUE
183,Q380439,NA,11948385380,6,uc1.$b662373,Q380439,und,NA,183,FALSE,FALSE,FALSE,FALSE,FALSE,FALSE,FALSE
1831,Q298651,0553803409,177544,4,mdp.39015066090831,Q298651,ic,0553803409,1831,FALSE,FALSE,TRUE,FALSE,FALSE,FALSE,FALSE
1835,Q495420,9780446539753,178498655,9,mdp.39015080859500,Q495420,ic,044654695X,1835,FALSE,FALSE,TRUE,FALSE,FALSE,FALSE,FALSE
1837,Q231356,0373285388,3927623,6,mdp.39015066844781,Q231356,ic,9780373285389,1837,FALSE,FALSE,TRUE,FALSE,FALSE,FALSE,FALSE
1839,NA,NA,NA,1,uc1.b4086401,NA,ic,NA,224,TRUE,FALSE,TRUE,TRUE,FALSE,TRUE,TRUE
184,Q235615,037540256X,533391,6,mdp.39015040176607,Q235615,ic,037540256X,184,FALSE,FALSE,TRUE,FALSE,FALSE,FALSE,FALSE
1840,NA,NA,NA,5,uc1.b4086401,NA,ic,NA,224,TRUE,TRUE,TRUE,TRUE,FALSE,TRUE,TRUE
1842,Q72653,0385315309,632201,20,mdp.39015037861633,Q72653,ic,0385315309,1842,FALSE,FALSE,TRUE,FALSE,FALSE,FALSE,FALSE
1846,Q438345,0671523082,8714088,1,mdp.39015045679787,Q438345,ic,0671523082,1846,FALSE,FALSE,TRUE,FALSE,FALSE,FALSE,FALSE
1848,Q447404,0399149759,917562158,5,mdp.39015056248712,Q447404,ic,0399149759,1848,FALSE,FALSE,TRUE,FALSE,FALSE,FALSE,FALSE
1849,Q7650783,0345462327,683874,1,mdp.39015058739098,Q7650783,ic,0345462327,1849,FALSE,FALSE,TRUE,FALSE,FALSE,FALSE,FALSE
1851,Q1349245,0679459626,196163251,5,mdp.39015053541499,Q1349245,ic,0679459626,1851,FALSE,FALSE,TRUE,FALSE,FALSE,FALSE,FALSE
1855,Q715692,0870212001,7041523,27,mdp.39015011891291,Q715692,ic,0870212001,1855,FALSE,FALSE,TRUE,FALSE,FALSE,FALSE,FALSE
1856,Q715692,0870212001,7041523,1,mdp.39015011891291,Q715692,ic,0870212001,1855,TRUE,TRUE,TRUE,TRUE,FALSE,FALSE,TRUE
1858,Q2909151,074324642X,196741141,3,mdp.39015056679650,Q2909151,ic,074324642X,1858,FALSE,FALSE,TRUE,FALSE,FALSE,FALSE,FALSE
1859,Q1352236,0553103512,38504113,1,mdp.39015037479238,Q1352236,ic,0553103512,1859,FALSE,FALSE,TRUE,FALSE,FALSE,FALSE,FALSE
1861,Q163069,NA,2128503,6,mdp.39015063936861,Q163069,ic,NA,1861,FALSE,FALSE,FALSE,FALSE,TRUE,FALSE,FALSE
1862,Q366266,0684802988,85852,9,mdp.39015040577507,Q366266,ic,0684802988,1862,FALSE,FALSE,FALSE,FALSE,FALSE,FALSE,FALSE
1864,Q1444495,NA,102192931,20,mdp.39015014862471,Q1444495,und,NA,1864,FALSE,FALSE,TRUE,FALSE,FALSE,FALSE,FALSE
1869,Q80596,NA,49053224,1,uc1.32106018595790,Q80596,ic,0142000426,1869,FALSE,FALSE,TRUE,FALSE,TRUE,FALSE,FALSE
187,Q285876,0525947655,659508,1,mdp.39015060037267,Q285876,ic,0525947655,187,FALSE,FALSE,TRUE,FALSE,FALSE,FALSE,FALSE
1870,Q110266290,NA,2674145,2,uc1.$b87364,Q110266290,ic,NA,1870,FALSE,FALSE,FALSE,FALSE,FALSE,FALSE,FALSE
1873,Q5444469,0758216300,53730646,3,mdp.39015064753844,Q5444469,ic,0758216300,1873,FALSE,FALSE,TRUE,FALSE,FALSE,FALSE,FALSE
1877,Q182870,0399122443,52692852,19,mdp.39015055842531,Q182870,ic,0399122443,1877,FALSE,FALSE,TRUE,FALSE,FALSE,FALSE,FALSE
1878,NA,NA,NA,3,uc1.b4086401,NA,ic,NA,224,TRUE,TRUE,TRUE,TRUE,FALSE,TRUE,TRUE
1880,Q3502960,0060179791,354851,4,mdp.39015028904327,Q3502960,ic,0060179791,1880,FALSE,FALSE,TRUE,FALSE,FALSE,FALSE,FALSE
1882,Q378878,1401303277,53712330,35,mdp.39015066806558,Q378878,ic,9781401303273,1882,FALSE,FALSE,TRUE,FALSE,FALSE,FALSE,FALSE
1885,Q290686,0671870971,6014405,4,mdp.39015034414279,Q290686,ic,0671870971,1885,FALSE,FALSE,TRUE,FALSE,FALSE,FALSE,FALSE
1886,Q23434,0684803356,4714396086,23,mdp.39015063186673,Q23434,ic,0684102390,1886,FALSE,FALSE,FALSE,FALSE,TRUE,FALSE,FALSE
1889,Q7650783,9780345480163,101386982,2,mdp.39015070739167,Q7650783,ic,0345480163,1889,FALSE,FALSE,TRUE,FALSE,FALSE,FALSE,FALSE
1896,Q2342652,NA,332643,58,mdp.39015049497467,Q2342652,ic,1556524048,1896,FALSE,FALSE,FALSE,FALSE,TRUE,FALSE,FALSE
1899,Q1318617,NA,1332755,1,mdp.39015030742046,Q1318617,ic,NA,1899,FALSE,FALSE,FALSE,FALSE,FALSE,FALSE,FALSE
1904,Q34981,0385247931,4789992137,3,mdp.49015001409755,Q34981,ic,0385247931,1904,FALSE,FALSE,TRUE,FALSE,FALSE,FALSE,FALSE
1905,Q12807,0151327653,614258,17,mdp.39015064846978,Q12807,ic,0151327653,1905,FALSE,FALSE,TRUE,FALSE,FALSE,FALSE,FALSE
1906,Q34981,0385233124,3377071834,15,mdp.49015003243038,Q34981,ic,038523709X,1906,FALSE,FALSE,TRUE,FALSE,FALSE,FALSE,FALSE
1907,Q23752021,0585261466,1946130,10,uc1.b4857879,Q23752021,ic,9780817302870,1907,FALSE,FALSE,FALSE,FALSE,TRUE,FALSE,FALSE
1908,Q34981,0385177259,20570556,24,mdp.39015007068235,Q34981,ic,0385177259,1908,FALSE,FALSE,TRUE,FALSE,FALSE,FALSE,FALSE
1909,Q34981,0385177259,20570556,1,mdp.39015007068235,Q34981,ic,0385177259,1908,FALSE,TRUE,TRUE,TRUE,FALSE,TRUE,TRUE
191,Q445429,NA,21939522,12,uc1.b3687478,Q445429,ic,NA,191,FALSE,FALSE,TRUE,FALSE,FALSE,FALSE,FALSE
1913,Q39829,0451170385,12532760,22,mdp.49015000870908,Q39829,ic,0670835382,1913,FALSE,FALSE,TRUE,FALSE,FALSE,FALSE,FALSE
1914,Q6808705,9780307346506,196098977,1,mdp.39015070730125,Q6808705,ic,0307346501,1914,FALSE,FALSE,TRUE,FALSE,FALSE,FALSE,FALSE
1919,Q79904,NA,375516172,54,mdp.39015049990289,Q79904,ic,0316769029,1919,FALSE,FALSE,TRUE,FALSE,TRUE,FALSE,FALSE
192,Q210669,0517701766,1774653849,8,mdp.39015034890445,Q210669,ic,0517701766,192,FALSE,FALSE,TRUE,FALSE,FALSE,FALSE,FALSE
1920,Q336519,0877959757,1059690,11,mdp.39015029197939,Q336519,ic,0877959757,1920,FALSE,FALSE,TRUE,FALSE,FALSE,FALSE,FALSE
1921,Q558425,0060148330,402615,20,uc1.32106005105181,Q558425,ic,0060148330,1921,FALSE,FALSE,TRUE,FALSE,FALSE,FALSE,FALSE
1922,Q438558,NA,2151904,3,uc1.$b106069,Q438558,ic,NA,1922,FALSE,FALSE,FALSE,FALSE,FALSE,FALSE,FALSE
1925,NA,NA,NA,2,uc1.b4086401,NA,ic,NA,224,TRUE,TRUE,TRUE,TRUE,FALSE,TRUE,TRUE
1928,Q3500849,9780399154102,61979746,5,mdp.39015068816605,Q3500849,ic,0399154108,1928,FALSE,FALSE,TRUE,FALSE,FALSE,FALSE,FALSE
1931,Q454595,NA,20931508,3,uc1.b4091410,Q454595,und,NA,1931,FALSE,FALSE,TRUE,FALSE,FALSE,FALSE,FALSE
1936,Q39829,0743211375,742235,11,mdp.39015055831070,Q39829,ic,0743211375,1936,FALSE,FALSE,TRUE,FALSE,FALSE,FALSE,FALSE
1938,Q462629,9780385333641,3374481597,66,pst.000053783097,Q462629,ic,0440327709,1938,FALSE,FALSE,TRUE,FALSE,TRUE,FALSE,FALSE
1939,Q231467,0684195984,831837,10,mdp.39015034414261,Q231467,ic,0684195984,1939,FALSE,FALSE,TRUE,FALSE,FALSE,FALSE,FALSE
1940,Q272076,0553801341,1068146,11,mdp.39015049971347,Q272076,ic,0553801341,1940,FALSE,FALSE,TRUE,FALSE,FALSE,FALSE,FALSE
1941,Q548345,044508247X,197755988,27,mdp.39015000551310,Q548345,ic,NA,1941,FALSE,FALSE,TRUE,FALSE,FALSE,FALSE,FALSE
1942,Q115674,0671898841,252500060,1,mdp.39015033254957,Q115674,ic,0671898841,1942,FALSE,FALSE,TRUE,FALSE,FALSE,FALSE,FALSE
1946,Q4714283,NA,3943295414,10,uc1.b3295284,Q4714283,und,NA,1946,FALSE,FALSE,TRUE,FALSE,FALSE,FALSE,FALSE
1947,Q1352236,0688111289,20568279,5,mdp.39015028876830,Q1352236,ic,0688111289,1947,FALSE,FALSE,TRUE,FALSE,FALSE,FALSE,FALSE
195,Q236727,9780553801309,687135,7,mdp.39015060019943,Q236727,ic,0553801309,195,FALSE,FALSE,TRUE,FALSE,FALSE,FALSE,FALSE
1951,Q254983,0385121156,327346217,14,mdp.39015002753039,Q254983,ic,0385121156,1951,FALSE,FALSE,TRUE,FALSE,FALSE,FALSE,FALSE
1952,Q1245232,NA,4918913784,1,mdp.39015063933868,Q1245232,ic,NA,1952,FALSE,FALSE,FALSE,FALSE,FALSE,FALSE,FALSE
1956,Q505274,NA,195987863,20,mdp.39015010370453,Q505274,ic,NA,1956,FALSE,FALSE,TRUE,FALSE,FALSE,FALSE,FALSE
1958,Q44306,067946333X,314916532,1,mdp.39015053536226,Q44306,ic,067946333X,1958,FALSE,FALSE,TRUE,FALSE,FALSE,FALSE,FALSE
196,NA,NA,NA,1,uc1.b4086401,NA,ic,NA,224,TRUE,TRUE,TRUE,TRUE,FALSE,TRUE,TRUE
1960,NA,NA,NA,1,uc1.b4086401,NA,ic,NA,224,TRUE,TRUE,TRUE,TRUE,FALSE,TRUE,TRUE
1961,Q231356,0373285442,333422,5,mdp.39015062608065,Q231356,ic,0373285442,1961,FALSE,FALSE,TRUE,FALSE,FALSE,FALSE,FALSE
1962,Q184440,0307276651,2070380961,6,mdp.39015000249642,Q184440,ic,NA,1962,FALSE,FALSE,TRUE,FALSE,FALSE,FALSE,FALSE
1965,Q7347798,1565122429,141755332,13,mdp.39015047877264,Q7347798,ic,1565122429,1965,FALSE,FALSE,TRUE,FALSE,FALSE,FALSE,FALSE
1966,Q358188,0743222016,363642,1,mdp.39015059178981,Q358188,ic,0743222016,1966,FALSE,FALSE,TRUE,FALSE,FALSE,FALSE,FALSE
1968,Q12271265,0670824585,6179767,8,uc1.32106010395066,Q12271265,ic,0670824585,1968,FALSE,FALSE,TRUE,FALSE,FALSE,FALSE,FALSE
197,Q327278,9780525950929,844165749,1,mdp.39015084102303,Q327278,ic,0525950923,197,FALSE,FALSE,TRUE,FALSE,FALSE,FALSE,FALSE
1972,Q106740,NA,478423,8,mdp.39015002172297,Q106740,ic,NA,1972,FALSE,FALSE,FALSE,FALSE,TRUE,FALSE,FALSE
1975,Q5386815,0525948783,375217886,2,mdp.39015066050173,Q5386815,ic,0525948783,1975,FALSE,FALSE,TRUE,FALSE,FALSE,FALSE,FALSE
1976,Q222708,NA,1584428,13,uc1.b3727099,Q222708,ic,NA,1976,FALSE,FALSE,TRUE,FALSE,FALSE,FALSE,FALSE
1978,Q6499575,9780877973256,197737560,36,inu.30000112149996,Q6499575,ic,0877955522,1978,FALSE,FALSE,TRUE,FALSE,TRUE,FALSE,FALSE
1980,Q336519,0385301413,363552,6,uc1.32106016270990,Q336519,ic,0385315678,1980,FALSE,FALSE,TRUE,FALSE,TRUE,FALSE,FALSE
1982,NA,NA,NA,1,uc1.b4086401,NA,ic,NA,224,TRUE,TRUE,TRUE,TRUE,FALSE,TRUE,TRUE
1983,NA,NA,NA,3,uc1.b4086401,NA,ic,NA,224,TRUE,TRUE,TRUE,TRUE,FALSE,TRUE,TRUE
1985,Q364189,0698109597,5129833,19,mdp.39015013957587,Q364189,ic,0698109597,1985,FALSE,FALSE,TRUE,FALSE,FALSE,FALSE,FALSE
1987,Q283496,0385041632,453554,27,mdp.39015002725656,Q283496,ic,NA,1987,FALSE,FALSE,FALSE,FALSE,FALSE,FALSE,FALSE
1988,Q123469,NA,4916074645,7,mdp.39015008361126,Q123469,ic|und,NA,1988,FALSE,FALSE,FALSE,FALSE,FALSE,FALSE,FALSE
199,Q548004,NA,375493303,8,mdp.39015030717782,Q548004,ic,NA,199,FALSE,FALSE,FALSE,FALSE,FALSE,FALSE,FALSE
1990,NA,NA,NA,2,uc1.b4086401,NA,ic,NA,224,TRUE,TRUE,TRUE,TRUE,FALSE,TRUE,TRUE
1993,Q232212,052594527X,297895,2,mdp.39015066070262,Q232212,ic,052594527X,1993,FALSE,FALSE,FALSE,FALSE,FALSE,FALSE,FALSE
1995,NA,NA,1612140,6,uc1.$b56700,Q111994158,pdus,NA,1995,FALSE,FALSE,TRUE,FALSE,FALSE,FALSE,FALSE
1998,NA,NA,NA,12,uc1.b4086401,NA,ic,NA,224,TRUE,TRUE,TRUE,TRUE,FALSE,TRUE,TRUE
20,NA,NA,NA,7,uc1.b4086401,NA,ic,NA,224,TRUE,TRUE,TRUE,TRUE,FALSE,TRUE,TRUE
200,Q310379,0688077080,142937474,19,mdp.39015020746155,Q310379,ic,0688077080,200,FALSE,FALSE,TRUE,FALSE,FALSE,FALSE,FALSE
2001,Q181917,0385175612,20397543,11,uc1.32106005199515,Q181917,ic,0241106907,2001,FALSE,FALSE,TRUE,FALSE,TRUE,FALSE,FALSE
2002,Q462629,NA,480283,8,pst.000007409110,Q462629,ic,NA,2002,FALSE,FALSE,TRUE,FALSE,TRUE,FALSE,FALSE
2003,Q7934,0399125930,4042268,25,uc1.32106009087138,Q7934,ic,0399125930,2003,FALSE,FALSE,TRUE,FALSE,FALSE,FALSE,FALSE
2006,Q208101,0394529197,572836,16,uc1.32106007117622,Q208101,ic,0394529197,2006,FALSE,FALSE,TRUE,FALSE,FALSE,FALSE,FALSE
2007,Q275719,NA,2358821,1,uc1.b3347058,Q275719,pd,NA,2007,FALSE,FALSE,TRUE,FALSE,FALSE,FALSE,FALSE
2008,Q80900,NA,2829769545,15,uc1.$b86997,Q80900,ic,NA,2008,FALSE,FALSE,TRUE,FALSE,FALSE,FALSE,FALSE
2009,Q721386,0684801663,323345088,7,mdp.39015033328629,Q721386,ic,0684801663,2009,FALSE,FALSE,TRUE,FALSE,FALSE,FALSE,FALSE
2012,Q2748902,0345404920,614054,13,mdp.39015037487991,Q2748902,ic,0345404920,2012,FALSE,FALSE,TRUE,FALSE,FALSE,FALSE,FALSE
2014,Q4309918,NA,354027094,26,mdp.39015068133654,Q4309918,ic,NA,2014,FALSE,FALSE,FALSE,FALSE,TRUE,FALSE,FALSE
2018,NA,NA,NA,5,uc1.b4086401,NA,ic,NA,224,TRUE,TRUE,TRUE,TRUE,FALSE,TRUE,TRUE
2019,Q1349245,0345452615,50134142,6,mdp.39015063340742,Q1349245,ic,0345452615,2019,FALSE,FALSE,TRUE,FALSE,FALSE,FALSE,FALSE
2020,Q1028373,0553804316,12638408,4,mdp.39015062538072,Q1028373,ic,9780553804317,2020,FALSE,FALSE,TRUE,FALSE,FALSE,FALSE,FALSE
2025,Q7650783,0345462270,683691,4,mdp.39015056309316,Q7650783,ic,0345462270,2025,FALSE,FALSE,TRUE,FALSE,FALSE,FALSE,FALSE
2026,Q173540,9781416548898,101013,78,mdp.39076000925615,Q173540,ic,0025853902,2026,FALSE,FALSE,FALSE,FALSE,TRUE,FALSE,FALSE
2027,Q2880806,0385470029,2260961145,1,mdp.49015002595420,Q2880806,ic,0385470029,2027,FALSE,FALSE,TRUE,FALSE,FALSE,FALSE,FALSE
2028,Q208101,0671229230,519617,25,mdp.39015020693878,Q208101,ic,0671229230,2028,FALSE,FALSE,TRUE,FALSE,FALSE,FALSE,FALSE
2030,Q5478671,NA,469315,19,mdp.39015000542947,Q5478671,ic,NA,2030,FALSE,FALSE,FALSE,FALSE,FALSE,FALSE,FALSE
2032,NA,NA,NA,9,uc1.b4086401,NA,ic,NA,224,TRUE,TRUE,TRUE,TRUE,FALSE,TRUE,TRUE
2034,Q505274,0394512596,463152,13,uc1.32106008517846,Q505274,ic,0394512596,2034,FALSE,FALSE,TRUE,FALSE,FALSE,FALSE,FALSE
2035,Q328338,9780743470117,12627927,5,mdp.39015062594745,Q328338,ic,0743470117,2035,FALSE,FALSE,TRUE,FALSE,FALSE,FALSE,FALSE
2036,Q1395538,0394517482,463292,45,mdp.39015010204876,Q1395538,ic,0394517482,2036,FALSE,FALSE,TRUE,FALSE,FALSE,FALSE,FALSE
204,Q445429,NA,57067673,30,uc1.32106002094560,Q445429,ic,NA,204,FALSE,FALSE,TRUE,FALSE,TRUE,FALSE,FALSE
2040,Q6687573,NA,196926897,1,mdp.39015000627599,Q6687573,ic,NA,2040,FALSE,FALSE,FALSE,FALSE,FALSE,FALSE,FALSE
2041,Q185406,NA,1514831,13,mdp.39015014667532,Q185406,und,NA,2041,FALSE,FALSE,FALSE,FALSE,FALSE,FALSE,FALSE
2043,Q713658,NA,2039988,1,mdp.39015013401305,Q713658,ic,NA,2043,FALSE,FALSE,FALSE,FALSE,FALSE,FALSE,FALSE
2044,Q72653,0385317093,6692391,11,mdp.39015047518694,Q72653,ic,0385317093,2044,FALSE,FALSE,TRUE,FALSE,FALSE,FALSE,FALSE
2046,Q298221,0684859734,724353,2,mdp.39015055088796,Q298221,ic,0684859734,2046,FALSE,FALSE,TRUE,FALSE,FALSE,FALSE,FALSE
2047,Q35155,0670348325,344215,4,mdp.39015066065254,Q35155,ic,0670348325,2047,FALSE,FALSE,TRUE,FALSE,FALSE,FALSE,FALSE
2049,NA,NA,NA,4,uc1.b4086401,NA,ic,NA,224,TRUE,FALSE,TRUE,TRUE,FALSE,TRUE,TRUE
205,Q548345,NA,570585,33,pst.000047287280,Q548345,ic,0679602666,205,FALSE,FALSE,TRUE,FALSE,TRUE,FALSE,FALSE
2051,Q283496,NA,485800,8,mdp.39015002725680,Q283496,ic,NA,2051,FALSE,FALSE,FALSE,FALSE,TRUE,FALSE,FALSE
2053,Q242571,NA,18673342,22,mdp.39015003942102,Q242571,ic,NA,2053,FALSE,FALSE,FALSE,FALSE,FALSE,FALSE,FALSE
2055,Q1318617,NA,2354090,31,mdp.39015030742319,Q1318617,ic,NA,2055,FALSE,FALSE,FALSE,FALSE,FALSE,FALSE,FALSE
2059,NA,NA,NA,8,uc1.b4086401,NA,ic,NA,224,TRUE,TRUE,TRUE,TRUE,FALSE,TRUE,TRUE
2060,NA,NA,NA,47,uc1.b4086401,NA,ic,NA,224,TRUE,TRUE,TRUE,TRUE,FALSE,TRUE,TRUE
2061,Q1238811,NA,49056579,5,uc1.b4386187,Q1238811,ic,NA,2061,FALSE,FALSE,TRUE,FALSE,FALSE,FALSE,FALSE
2062,Q438024,0385299311,700594,7,uc1.32106011968911,Q438024,ic,0385299311,2062,FALSE,FALSE,TRUE,FALSE,FALSE,FALSE,FALSE
2064,Q451009,0066214718,650597,2,mdp.39015058730014,Q451009,ic,0066214718,2064,FALSE,FALSE,TRUE,FALSE,FALSE,FALSE,FALSE
2068,Q6369994,9780399154614,112885000,1,mdp.39015073992441,Q6369994,ic,0399154612,2068,FALSE,FALSE,TRUE,FALSE,FALSE,FALSE,FALSE
2069,Q1683201,0553099590,5978350,8,mdp.39015037338376,Q1683201,ic,0553099590,2069,FALSE,FALSE,TRUE,FALSE,FALSE,FALSE,FALSE
207,Q433207,1400063043,364083,8,mdp.39015060404624,Q433207,ic,1400063043,207,FALSE,FALSE,TRUE,FALSE,FALSE,FALSE,FALSE
2071,Q1397305,0399143653,138053280,5,mdp.39015040366034,Q1397305,ic,0399143653,2071,FALSE,FALSE,TRUE,FALSE,FALSE,FALSE,FALSE
2072,NA,NA,NA,6,uc1.b4086401,NA,ic,NA,224,TRUE,TRUE,TRUE,TRUE,FALSE,TRUE,TRUE
2073,NA,NA,NA,1,uc1.b4086401,NA,ic,NA,224,TRUE,TRUE,TRUE,TRUE,FALSE,TRUE,TRUE
2075,Q80889,NA,1744931334,1,mdp.39015002702796,Q80889,ic,NA,2075,FALSE,FALSE,FALSE,FALSE,FALSE,FALSE,FALSE
2076,Q52156865,NA,548816,3,uc1.$b106075,Q52156865,ic,NA,2076,FALSE,FALSE,FALSE,FALSE,FALSE,FALSE,FALSE
2077,Q7795141,NA,1438745,17,mdp.39015056158044,Q7795141,und,NA,2077,FALSE,FALSE,TRUE,FALSE,FALSE,FALSE,FALSE
2078,NA,NA,NA,3,uc1.b4086401,NA,ic,NA,224,TRUE,FALSE,TRUE,TRUE,FALSE,TRUE,TRUE
2080,Q5338401,NA,2296943,9,uc1.$b55368,Q5338401,ic,NA,2080,FALSE,FALSE,TRUE,FALSE,FALSE,FALSE,FALSE
2082,NA,NA,NA,13,uc1.b4086401,NA,ic,NA,224,TRUE,TRUE,TRUE,TRUE,FALSE,TRUE,TRUE
2084,Q72653,0385338295,52364116,5,mdp.39015066740930,Q72653,ic,9780385338295,2084,FALSE,FALSE,TRUE,FALSE,FALSE,FALSE,FALSE
2086,Q44593,0375407375,6255627,1,mdp.39015053111947,Q44593,ic,0375407375,2086,FALSE,FALSE,TRUE,FALSE,FALSE,FALSE,FALSE
2087,Q452404,0553076256,2666397,3,mdp.39015046442987,Q452404,ic,0553076256,2087,FALSE,FALSE,TRUE,FALSE,FALSE,FALSE,FALSE
2092,Q5078044,NA,1468429,5,uc1.$b103987,Q5078044,ic,NA,2092,FALSE,FALSE,FALSE,FALSE,FALSE,FALSE,FALSE
2094,NA,NA,NA,3,uc1.b4086401,NA,ic,NA,224,TRUE,TRUE,TRUE,TRUE,FALSE,TRUE,TRUE
2095,Q313377,038529929X,530272,18,mdp.39015054016384,Q313377,ic,0385334877,2095,FALSE,FALSE,TRUE,FALSE,FALSE,FALSE,FALSE
2096,Q313377,9780385339414,59883591,12,uc1.32106019169157,Q313377,ic,9780385339414,2096,FALSE,FALSE,TRUE,FALSE,FALSE,FALSE,FALSE
2097,Q106729706,0385135548,454969,30,mdp.39015019212961,Q106729706,ic,0385135548,2097,FALSE,FALSE,TRUE,FALSE,FALSE,FALSE,FALSE
21,NA,NA,NA,7,uc1.b4086401,NA,ic,NA,224,TRUE,TRUE,TRUE,TRUE,FALSE,TRUE,TRUE
2100,Q4762571,NA,401664956,3,inu.32000002543140,Q4762571,ic,NA,2100,FALSE,FALSE,FALSE,FALSE,FALSE,FALSE,FALSE
2104,Q447404,0399152415,364740,1,mdp.39015060674069,Q447404,ic,0399152415,2104,FALSE,FALSE,TRUE,FALSE,FALSE,FALSE,FALSE
2107,Q23303108,NA,2010163,2,mdp.39015059413370,Q23303108,ic,NA,2107,FALSE,FALSE,FALSE,FALSE,FALSE,FALSE,FALSE
2109,Q439059,NA,178680962,1,mdp.39015005302990,Q439059,ic,NA,2109,FALSE,FALSE,FALSE,FALSE,FALSE,FALSE,FALSE
2110,Q180962,0394588320,2644222,4,mdp.39015021642239,Q180962,ic,0394588320,2110,FALSE,FALSE,TRUE,FALSE,FALSE,FALSE,FALSE
2111,NA,NA,NA,4,uc1.b4086401,NA,ic,NA,224,TRUE,TRUE,TRUE,TRUE,FALSE,TRUE,TRUE
2115,NA,NA,1460457,10,uc1.$b106297,NA,ic,NA,2115,FALSE,FALSE,FALSE,FALSE,FALSE,FALSE,FALSE
2119,Q6950,0671553011,724402,1,mdp.39015038104504,Q6950,ic,0671553011,2119,FALSE,FALSE,TRUE,FALSE,FALSE,FALSE,FALSE
2120,Q1448930,0394485289,462358,18,uc1.32106005749269,Q1448930,ic,9780394485287,2120,FALSE,FALSE,TRUE,FALSE,FALSE,FALSE,FALSE
2121,Q268181,0385509480,19135302,6,mdp.39015066068977,Q268181,ic,0385509480,2121,FALSE,FALSE,TRUE,FALSE,FALSE,FALSE,FALSE
2122,NA,NA,NA,6,uc1.b4086401,NA,ic,NA,224,TRUE,TRUE,TRUE,TRUE,FALSE,TRUE,TRUE
2126,Q361653,0965629279,51746069,94,pst.000025031294,Q361653,ic,0449213358,2126,FALSE,FALSE,TRUE,FALSE,TRUE,FALSE,FALSE
2127,NA,NA,NA,1,uc1.b4086401,NA,ic,NA,224,TRUE,TRUE,TRUE,TRUE,FALSE,TRUE,TRUE
2128,NA,NA,NA,1,uc1.b4086401,NA,ic,NA,224,TRUE,TRUE,TRUE,TRUE,FALSE,TRUE,TRUE
2129,NA,NA,NA,7,uc1.b4086401,NA,ic,NA,224,TRUE,TRUE,TRUE,TRUE,FALSE,TRUE,TRUE
2132,NA,NA,NA,1,uc1.b4086401,NA,ic,NA,224,TRUE,TRUE,TRUE,TRUE,FALSE,TRUE,TRUE
2134,Q78514,NA,3855254498,2,mdp.39015005365583,Q78514,ic,NA,2134,FALSE,FALSE,FALSE,FALSE,TRUE,FALSE,FALSE
2138,Q370377,0061147931,53317093,7,mdp.39015066888838,Q370377,ic,9780061147937,2138,FALSE,FALSE,TRUE,FALSE,FALSE,FALSE,FALSE
214,Q5896852,NA,1471263,1,uc1.$b106035,Q5896852,pd,NA,214,FALSE,FALSE,TRUE,FALSE,FALSE,FALSE,FALSE
2141,Q290686,0671032992,743171,6,mdp.39015042962335,Q290686,ic,0671032992,2141,FALSE,FALSE,TRUE,FALSE,FALSE,FALSE,FALSE
2142,Q214677,0394531809,2964706,29,mdp.39015005904068,Q214677,ic,NA,2142,FALSE,FALSE,TRUE,FALSE,TRUE,FALSE,FALSE
2146,Q23303108,NA,1833106,1,uc1.$b799772,Q23303108,ic,NA,2146,FALSE,FALSE,FALSE,FALSE,FALSE,FALSE,FALSE
2151,Q47293,NA,4915113264,2,mdp.39015066059745,Q47293,ic,NA,2151,FALSE,FALSE,TRUE,FALSE,FALSE,FALSE,FALSE
2152,Q5735724,0297764683,1643316,13,mdp.39015042473952,Q5735724,ic,NA,2152,FALSE,FALSE,TRUE,FALSE,FALSE,FALSE,FALSE
2156,Q107002,NA,32930,8,mdp.39015002265059,Q107002,ic,014001893X,2156,FALSE,FALSE,TRUE,FALSE,TRUE,FALSE,FALSE
2160,Q258096,0743245520,264043,4,mdp.39015057599378,Q258096,ic,0743245520,2160,FALSE,FALSE,TRUE,FALSE,FALSE,FALSE,FALSE
2162,Q287460,0586049037,813680,3,uc1.b3335470,Q287460,ic,NA,2162,FALSE,FALSE,FALSE,FALSE,FALSE,FALSE,FALSE
2163,Q2941863,0399148000,5947382,6,mdp.39015053381276,Q2941863,ic,0399147381,2163,FALSE,FALSE,TRUE,FALSE,FALSE,FALSE,FALSE
2164,Q83059,0140042296,197601764,3,mdp.39015002261041,Q83059,ic,NA,2164,FALSE,FALSE,TRUE,FALSE,FALSE,FALSE,FALSE
2166,Q639041,0385334729,700725,1,mdp.39015055442084,Q639041,ic,0385334729,2166,FALSE,FALSE,TRUE,FALSE,FALSE,FALSE,FALSE
2168,NA,NA,NA,1,uc1.b4086401,NA,ic,NA,224,TRUE,TRUE,TRUE,TRUE,FALSE,TRUE,TRUE
2169,Q437224,0060177217,1069204,5,mdp.39015037495739,Q437224,ic,0060177217,2169,FALSE,FALSE,TRUE,FALSE,FALSE,FALSE,FALSE
2172,Q500042,NA,3943387027,1,mdp.39015030850971,Q500042,und,NA,2172,FALSE,FALSE,FALSE,FALSE,TRUE,FALSE,FALSE
2174,Q7934,0399128980,3345772,20,uc1.32106007983098,Q7934,ic,0399129472,2174,FALSE,FALSE,TRUE,FALSE,FALSE,FALSE,FALSE
2175,Q2852999,NA,2717622,7,mdp.39015014858743,Q2852999,ic,NA,2175,FALSE,FALSE,FALSE,FALSE,FALSE,FALSE,FALSE
2178,Q83059,0670369128,515237,42,inu.30000006065472,Q83059,ic,0670369136.,2178,FALSE,FALSE,TRUE,FALSE,TRUE,FALSE,FALSE
2179,Q5444469,9780743477420,47368747,1,mdp.39015064689055,Q5444469,ic,NA,2179,FALSE,FALSE,TRUE,FALSE,TRUE,FALSE,FALSE
2180,Q6446589,9780375504730,198498959,1,uc1.32106018973252,Q6446589,ic,0375504737,2180,FALSE,FALSE,TRUE,FALSE,FALSE,FALSE,FALSE
2183,Q1701679,039915180X,31699,5,mdp.39015061148436,Q1701679,ic,039915180X,2183,FALSE,FALSE,TRUE,FALSE,FALSE,FALSE,FALSE
2184,Q1028373,0553804324,58125329,3,mdp.39015066888820,Q1028373,ic,9780553804324,2184,FALSE,FALSE,TRUE,FALSE,FALSE,FALSE,FALSE
2185,NA,NA,NA,7,uc1.b4086401,NA,ic,NA,224,TRUE,TRUE,TRUE,TRUE,FALSE,TRUE,TRUE
219,Q2903650,NA,4915173988,10,uc1.b3454982,Q2903650,ic,NA,219,FALSE,FALSE,TRUE,FALSE,FALSE,FALSE,FALSE
2193,Q242956,0553051202,5701534,5,mdp.39015012966225,Q242956,ic,0553051202,2193,FALSE,FALSE,TRUE,FALSE,FALSE,FALSE,FALSE
2196,Q231356,9780399154348,63350648,6,mdp.39015064950556,Q231356,ic,0399154345,2196,FALSE,FALSE,TRUE,FALSE,FALSE,FALSE,FALSE
2197,Q550819,9780399154041,374393038,5,mdp.39015066843361,Q550819,ic,0399154043,2197,FALSE,FALSE,TRUE,FALSE,FALSE,FALSE,FALSE
2198,Q435326,0671014161,11116559,3,mdp.39015046458900,Q435326,ic,0671014161,2198,FALSE,FALSE,TRUE,FALSE,TRUE,FALSE,FALSE
2199,Q4235282,NA,287411970,18,mdp.39015017664585,Q4235282,ic,NA,2199,FALSE,FALSE,TRUE,FALSE,FALSE,FALSE,FALSE
22,NA,NA,NA,7,uc1.b4086401,NA,ic,NA,224,TRUE,TRUE,TRUE,TRUE,FALSE,TRUE,TRUE
220,Q983113,0025648403,16756029,2,mdp.39015042143670,Q983113,ic,0684833662,220,FALSE,FALSE,TRUE,FALSE,TRUE,FALSE,FALSE
2200,NA,NA,NA,10,uc1.b4086401,NA,ic,NA,224,TRUE,TRUE,TRUE,TRUE,FALSE,TRUE,TRUE
2203,Q83059,006015179X,2899327,8,mdp.39015004306463,Q83059,ic,006015179X,2203,FALSE,FALSE,TRUE,FALSE,FALSE,FALSE,FALSE
2204,Q4309918,NA,31947889,4,uc1.b4091446,Q4309918,ic,NA,2204,FALSE,FALSE,FALSE,FALSE,FALSE,FALSE,FALSE
2208,Q49074,0399135243,4915197697,7,mdp.39015062083913,Q49074,ic,0399135499,2208,FALSE,FALSE,TRUE,FALSE,FALSE,FALSE,FALSE
2209,Q3897539,NA,323292803,9,uc1.$b100731,Q3897539,ic,NA,2209,FALSE,FALSE,FALSE,FALSE,FALSE,FALSE,FALSE
2212,NA,NA,NA,15,uc1.b4086401,NA,ic,NA,224,TRUE,TRUE,TRUE,TRUE,FALSE,TRUE,TRUE
2213,Q167821,0394576594,14224270,4,pst.000019335544,Q167821,und,023398495X,2213,FALSE,FALSE,TRUE,FALSE,TRUE,FALSE,FALSE
2214,Q1352236,9780316025287,198186504,2,mdp.39015073992607,Q1352236,ic,0316025283,2214,FALSE,FALSE,TRUE,FALSE,FALSE,FALSE,FALSE
2217,Q1837775,0743216342,2452612993,28,mdp.39015058732960,Q1837775,ic,0671474065,2217,FALSE,FALSE,TRUE,FALSE,TRUE,FALSE,FALSE
2218,Q1837775,0743216342,2452612993,3,mdp.39015058732960,Q1837775,ic,0671474065,2217,FALSE,TRUE,TRUE,TRUE,TRUE,TRUE,TRUE
2219,Q1837775,0743216342,2452612993,2,mdp.39015058732960,Q1837775,ic,0671474065,2217,FALSE,TRUE,TRUE,TRUE,TRUE,TRUE,TRUE
222,Q733850,NA,355606783,25,uc1.b3481744,Q733850,ic,NA,222,FALSE,FALSE,TRUE,FALSE,FALSE,FALSE,FALSE
2228,Q127079,NA,461856,8,mdp.39015052544866,Q127079,ic,NA,2228,FALSE,FALSE,TRUE,FALSE,TRUE,FALSE,FALSE
2230,NA,NA,NA,9,uc1.b4086401,NA,ic,NA,224,TRUE,TRUE,TRUE,TRUE,FALSE,TRUE,TRUE
2232,Q3206288,039914014X,7863054,7,mdp.39015034024490,Q3206288,ic,039914014X,2232,FALSE,FALSE,TRUE,FALSE,FALSE,FALSE,FALSE
2234,Q2568759,NA,1414157,6,mdp.39015016466818,Q2568759,und,NA,2234,FALSE,FALSE,TRUE,FALSE,FALSE,FALSE,FALSE
2237,Q231356,0399143874,539207,6,pst.000058048115,Q231356,ic,0399143874,2237,FALSE,FALSE,TRUE,FALSE,FALSE,FALSE,FALSE
2238,NA,NA,NA,3,uc1.b4086401,NA,ic,NA,224,TRUE,FALSE,TRUE,TRUE,FALSE,TRUE,TRUE
2239,Q287713,NA,227385248,23,uc1.$b87106,Q287713,ic,NA,2239,FALSE,FALSE,TRUE,FALSE,FALSE,FALSE,FALSE
2240,Q765423,NA,556277,11,pst.000056249934,Q765423,ic,089301155X,2240,FALSE,FALSE,FALSE,FALSE,TRUE,FALSE,FALSE
2244,Q258096,1551668904,31809273,1,mdp.39015054289718,Q258096,ic,1551668904,2244,FALSE,FALSE,TRUE,FALSE,FALSE,FALSE,FALSE
2247,NA,0394530497,3177494,1,uc1.b4422275,NA,ic,0394530497,2247,FALSE,FALSE,TRUE,FALSE,FALSE,FALSE,FALSE
225,Q2587411,NA,57104016,1,umn.31951002283505q,Q2587411,ic,NA,225,FALSE,FALSE,FALSE,FALSE,TRUE,FALSE,FALSE
2252,Q7183328,0030421365,304371779,1,mdp.49015000670720,Q7183328,ic,0030589096,2252,FALSE,FALSE,TRUE,FALSE,FALSE,FALSE,FALSE
2253,Q430182,NA,2863972758,2,inu.32000003239136,Q430182,ic,NA,2253,FALSE,FALSE,FALSE,FALSE,TRUE,FALSE,FALSE
2256,Q231467,0399142282,4920729509,11,mdp.39015038582691,Q231467,ic,0399142282,2256,FALSE,FALSE,TRUE,FALSE,FALSE,FALSE,FALSE
2259,Q441067,037540600X,44856,5,mdp.39015048828332,Q441067,ic,037540600X,2259,FALSE,FALSE,TRUE,FALSE,FALSE,FALSE,FALSE
226,Q535812,0394445627,51583062,23,mdp.39015074297212,Q535812,ic,9780394756974,226,FALSE,FALSE,FALSE,FALSE,TRUE,FALSE,FALSE
2260,Q922053,0385495854,6319398,4,mdp.39015053382001,Q922053,ic,0385495854,2260,FALSE,FALSE,TRUE,FALSE,FALSE,FALSE,FALSE
2261,Q76534,NA,52267932,2,uc1.$b101987,Q76534,ic,NA,2261,FALSE,FALSE,FALSE,FALSE,FALSE,FALSE,FALSE
2263,Q231356,0553802747,733920,2,mdp.39015055469681,Q231356,ic,0553264613,2263,FALSE,FALSE,TRUE,FALSE,FALSE,FALSE,FALSE
2269,Q983243,068486360X,195207378,2,mdp.39015042484090,Q983243,ic,068486360X,2269,FALSE,FALSE,TRUE,FALSE,FALSE,FALSE,FALSE
2270,Q7650783,0345467930,15593084,1,mdp.39015059216245,Q7650783,ic,0345467930,2270,FALSE,FALSE,TRUE,FALSE,FALSE,FALSE,FALSE
2271,Q249544,0385032226,453452,46,uc1.32106005932378,Q249544,ic,NA,2271,FALSE,FALSE,TRUE,FALSE,FALSE,FALSE,FALSE
2272,Q237687,0394542150,836089,9,mdp.39015007045860,Q237687,ic,0394542150,2272,FALSE,FALSE,TRUE,FALSE,FALSE,FALSE,FALSE
2274,Q531759,0679402292,6213767,2,pst.000024645355,Q531759,ic,0786201231,2274,FALSE,FALSE,TRUE,FALSE,TRUE,FALSE,FALSE
2275,NA,NA,NA,13,uc1.b4086401,NA,ic,NA,224,TRUE,TRUE,TRUE,TRUE,FALSE,TRUE,TRUE
2279,Q15512037,NA,57625932,8,mdp.39015059377716,Q15512037,ic,NA,2279,FALSE,FALSE,TRUE,FALSE,FALSE,FALSE,FALSE
228,Q1400307,0151836000,6537212,6,uc1.32106018321486,Q1400307,ic,0151836000,228,FALSE,FALSE,TRUE,FALSE,FALSE,FALSE,FALSE
2281,Q4885219,039508329X,573613,40,mdp.39015016902705,Q4885219,ic|und,NA,2281,FALSE,FALSE,TRUE,FALSE,FALSE,FALSE,FALSE
2286,Q561435,NA,160819,35,pst.000021423918,Q561435,ic,0020223722,2286,FALSE,FALSE,FALSE,FALSE,TRUE,FALSE,FALSE
2287,Q535856,0670869902,702022,21,mdp.39015031879979,Q535856,ic,0670869902,2287,FALSE,FALSE,TRUE,FALSE,FALSE,FALSE,FALSE
2289,Q313007,1573221937,6331168,1,mdp.39015051280942,Q313007,ic,0670888230,2289,FALSE,FALSE,TRUE,FALSE,TRUE,FALSE,FALSE
229,Q310379,0679434968,614239,9,mdp.39015054056596,Q310379,ic,0679434968,229,FALSE,FALSE,TRUE,FALSE,FALSE,FALSE,FALSE
2290,Q47026376,0679400702,19263489,8,mdp.39015029974568,Q47026376,ic,0679400702,2290,FALSE,FALSE,TRUE,FALSE,FALSE,FALSE,FALSE
2293,Q550819,0399145877,374393176,4,mdp.39015048828381,Q550819,ic,0399145877,2293,FALSE,FALSE,TRUE,FALSE,FALSE,FALSE,FALSE
2294,NA,NA,NA,4,uc1.b4086401,NA,ic,NA,224,TRUE,FALSE,TRUE,TRUE,FALSE,TRUE,TRUE
2295,Q83059,0670386553,429956,24,mdp.39015001817553,Q83059,ic,0670386553,2295,FALSE,FALSE,TRUE,FALSE,FALSE,FALSE,FALSE
2297,Q357970,0385136056,4463365,10,mdp.39015048902137,Q357970,ic,0385136056,2297,FALSE,FALSE,TRUE,FALSE,FALSE,FALSE,FALSE
2299,Q1586159,NA,57521473,5,mdp.39015006194800,Q1586159,ic,0380422832,2299,FALSE,FALSE,TRUE,FALSE,TRUE,FALSE,FALSE
230,Q179059,NA,396910,3,uc1.$b369094,Q179059,ic,NA,230,FALSE,FALSE,TRUE,FALSE,FALSE,FALSE,FALSE
2300,NA,NA,NA,3,uc1.b4086401,NA,ic,NA,224,TRUE,TRUE,TRUE,TRUE,FALSE,TRUE,TRUE
2301,NA,NA,NA,1,uc1.b4086401,NA,ic,NA,224,TRUE,TRUE,FALSE,TRUE,FALSE,TRUE,TRUE
2304,Q440793,0553803166,888546,1,mdp.39015060122911,Q440793,ic,0553803166,2304,FALSE,FALSE,TRUE,FALSE,FALSE,FALSE,FALSE
2305,Q447404,0399148469,1083866539,4,mdp.39015054119964,Q447404,ic,0399148469,2305,FALSE,FALSE,TRUE,FALSE,FALSE,FALSE,FALSE
2309,Q550819,0399144587,374393179,4,mdp.39015046473164,Q550819,ic,0399144587,2309,FALSE,FALSE,TRUE,FALSE,FALSE,FALSE,FALSE
231,Q2908695,0688065309,534195,7,mdp.39015012075704,Q2908695,ic,0688065309,231,FALSE,FALSE,TRUE,FALSE,FALSE,FALSE,FALSE
2314,Q454595,0151434034,20917612,6,mdp.39015003486407,Q454595,ic,NA,2314,FALSE,FALSE,FALSE,FALSE,FALSE,FALSE,FALSE
2315,NA,NA,NA,14,uc1.b4086401,NA,ic,NA,224,TRUE,TRUE,TRUE,TRUE,FALSE,TRUE,TRUE
2316,Q449085,9780312316167,57740440,20,inu.32000009139280,Q449085,ic,NA,2316,FALSE,FALSE,TRUE,FALSE,TRUE,FALSE,FALSE
2317,Q1621598,0395139392,418991,1,uc1.b3710942,Q1621598,ic,0395139392,2317,FALSE,FALSE,TRUE,FALSE,FALSE,FALSE,FALSE
2318,Q4732812,0375414053,12350852864,11,mdp.39015056479010,Q4732812,ic,0375713751,2318,FALSE,FALSE,TRUE,FALSE,FALSE,FALSE,FALSE
2319,Q231736,9780743264914,60909343,7,mdp.39015069361890,Q231736,ic,0743264916,2319,FALSE,FALSE,TRUE,FALSE,FALSE,FALSE,FALSE
232,Q2908695,0688065309,534195,1,mdp.39015012075704,Q2908695,ic,0688065309,231,TRUE,TRUE,TRUE,TRUE,FALSE,FALSE,FALSE
2320,Q543915,0385025866,448747,20,mdp.39015066051817,Q543915,ic,0385025866,2320,FALSE,FALSE,TRUE,FALSE,FALSE,FALSE,FALSE
2324,Q1631915,NA,2335279,7,uc1.b4086522,Q1631915,und,NA,2324,FALSE,FALSE,TRUE,FALSE,FALSE,FALSE,FALSE
2326,Q1273517,9780385512725,374124738,4,uc1.32106018725439,Q1273517,ic,80385512725,2326,FALSE,FALSE,FALSE,FALSE,FALSE,FALSE,FALSE
2328,Q438345,055310084X,5946605,3,mdp.39015046484286,Q438345,ic,055310084X,2328,FALSE,FALSE,TRUE,FALSE,FALSE,FALSE,FALSE
2330,Q6152562,0679450548,229772555,14,mdp.39015037415034,Q6152562,ic,0679450548,2330,FALSE,FALSE,TRUE,FALSE,FALSE,FALSE,FALSE
2331,Q978959,NA,1374177,1,uc1.b4431044,Q978959,ic,NA,2331,FALSE,FALSE,TRUE,FALSE,FALSE,FALSE,FALSE
2333,Q231736,0671673661,345540,14,mdp.39015057016175,Q231736,ic,NA,2333,FALSE,FALSE,TRUE,FALSE,TRUE,FALSE,FALSE
2342,NA,NA,NA,6,uc1.b4086401,NA,ic,NA,224,TRUE,TRUE,TRUE,TRUE,FALSE,TRUE,TRUE
2343,Q19518982,NA,1369722,6,uc1.$b105020,Q19518982,ic,NA,2343,FALSE,FALSE,TRUE,FALSE,FALSE,FALSE,FALSE
2348,Q283496,NA,380424,28,mdp.39015002725706,Q283496,ic,NA,2348,FALSE,FALSE,TRUE,FALSE,FALSE,FALSE,FALSE
2349,Q333713,9781402790331,20221235,1,mdp.39015024076310,Q333713,ic,NA,2349,FALSE,FALSE,TRUE,FALSE,FALSE,FALSE,FALSE
235,Q356357,0385520514,52470592,2,mdp.39015064872743,Q356357,ic,9780224080460,235,FALSE,FALSE,TRUE,FALSE,TRUE,FALSE,FALSE
2350,Q1383799,0399128115,111264052,11,inu.39000000475686,Q1383799,ic,0224029495,2350,FALSE,FALSE,TRUE,FALSE,TRUE,FALSE,FALSE
2355,Q273210,0803741693,48537789,7,uc1.32106013616450,Q273210,ic,9780803741690,2355,FALSE,FALSE,TRUE,FALSE,FALSE,FALSE,FALSE
236,Q592511,NA,58163580,3,uc1.$b104015,Q592511,pd,NA,236,FALSE,FALSE,TRUE,FALSE,FALSE,FALSE,FALSE
2360,Q1273517,0385486553,208093540,10,mdp.39015041541205,Q1273517,ic,0385486553,2360,FALSE,FALSE,TRUE,FALSE,FALSE,FALSE,FALSE
2365,Q13511828,NA,1772044,6,mdp.49015000996695,Q13511828,ic,NA,2365,FALSE,FALSE,FALSE,FALSE,FALSE,FALSE,FALSE
2367,Q298761,0060179228,588308,3,mdp.39015041986038,Q298761,ic,0060179228,2367,FALSE,FALSE,TRUE,FALSE,FALSE,FALSE,FALSE
2368,Q275719,0822333244,1019860,1,mdp.39015046851203,Q275719,ic,NA,2368,FALSE,FALSE,FALSE,FALSE,TRUE,FALSE,FALSE
2369,Q337103,NA,198813437,22,mdp.39015014559408,Q337103,ic,NA,2369,FALSE,FALSE,FALSE,FALSE,FALSE,FALSE,FALSE
2373,Q1333006,NA,196105989,7,mdp.39015002716648,Q1333006,ic|und,NA,2373,FALSE,FALSE,FALSE,FALSE,FALSE,FALSE,FALSE
2374,Q80900,NA,196613376,24,pst.000032573060,Q80900,ic,1559210354,2374,FALSE,FALSE,FALSE,FALSE,TRUE,FALSE,FALSE
2377,Q72653,0385338260,3943296788,6,mdp.39015060593376,Q72653,ic,0385338260,2377,FALSE,FALSE,TRUE,FALSE,FALSE,FALSE,FALSE
2381,Q442330,1844083209,1426152,4,mdp.39015066062780,Q442330,ic|und,NA,2381,FALSE,FALSE,TRUE,FALSE,FALSE,FALSE,FALSE
2383,Q528702,NA,1426921,12,uc1.$b323560,Q528702,ic,NA,2383,FALSE,FALSE,FALSE,FALSE,FALSE,FALSE,FALSE
2384,NA,0399144218,1021697,7,mdp.39015046480771,Q2536700,ic,0399144218,2384,FALSE,FALSE,TRUE,FALSE,FALSE,FALSE,FALSE
239,Q181677,0553106635,5584300156,2,mdp.39015054095784,Q181677,ic,0553106635,239,FALSE,FALSE,TRUE,FALSE,FALSE,FALSE,FALSE
2390,Q236727,0553102354,2829765077,5,mdp.39015048765146,Q236727,ic,0553102354,2390,FALSE,FALSE,TRUE,FALSE,FALSE,FALSE,FALSE
2392,Q105756,0679446400,26111362,5,mdp.39015037303404,Q105756,ic,0679446400,2392,FALSE,FALSE,TRUE,FALSE,FALSE,FALSE,FALSE
2393,Q560735,0394499603,462633,20,mdp.39015004993609,Q560735,ic,0394499603,2393,FALSE,FALSE,TRUE,FALSE,FALSE,FALSE,FALSE
2394,NA,NA,199049069,1,mdp.39015031312294,NA,und,NA,2394,FALSE,FALSE,TRUE,FALSE,FALSE,FALSE,FALSE
24,Q5548861,0877954135,288000104,7,uc1.b4421473,Q5548861,ic,0877954135,24,FALSE,FALSE,TRUE,FALSE,FALSE,FALSE,FALSE
2401,NA,NA,NA,1,uc1.b4086401,NA,ic,NA,224,TRUE,TRUE,FALSE,TRUE,FALSE,TRUE,TRUE
2402,Q236727,0553092650,561603,8,mdp.39015037304972,Q236727,ic,0553092650,2402,FALSE,FALSE,TRUE,FALSE,FALSE,FALSE,FALSE
2404,Q356639,NA,748185,14,mdp.39015004853423,Q356639,ic,NA,2404,FALSE,FALSE,FALSE,FALSE,FALSE,FALSE,FALSE
2405,NA,NA,NA,2,uc1.b4086401,NA,ic,NA,224,TRUE,TRUE,TRUE,TRUE,FALSE,TRUE,TRUE
2407,Q434735,9780999999998,57069882,19,mdp.39015020749340,Q434735,ic,NA,2407,FALSE,FALSE,TRUE,FALSE,FALSE,FALSE,FALSE
2409,Q6149232,0670031046,658790,8,mdp.39015055102548,Q6149232,ic,0670031046,2409,FALSE,FALSE,TRUE,FALSE,FALSE,FALSE,FALSE
2410,Q433325,NA,1161333,13,mdp.39015003940957,Q433325,ic,NA,2410,FALSE,FALSE,FALSE,FALSE,FALSE,FALSE,FALSE
2413,Q298229,0425198243,363958,4,mdp.39015060397844,Q298229,ic,0425198243,2413,FALSE,FALSE,TRUE,FALSE,FALSE,FALSE,FALSE
2416,Q187019,9780547054841,131230528,2,mdp.49015003448686,Q187019,ic,054705484X,2416,FALSE,FALSE,TRUE,FALSE,FALSE,FALSE,FALSE
2421,Q7188530,NA,149282994,5,mdp.39015031223848,Q7188530,ic,NA,2421,FALSE,FALSE,FALSE,FALSE,TRUE,FALSE,FALSE
2426,Q270648,0684165910,433520,16,mdp.39015004179670,Q270648,ic,0684165910,2426,FALSE,FALSE,TRUE,FALSE,FALSE,FALSE,FALSE
2427,NA,9780399154010,57995618,5,mdp.39015066843502,Q231356,ic,9780399154010,2427,FALSE,FALSE,TRUE,FALSE,FALSE,FALSE,FALSE
2428,Q13563155,NA,13053095,1,mdp.39015003687368,Q13563155,ic,NA,2428,FALSE,FALSE,FALSE,FALSE,FALSE,FALSE,FALSE
243,Q298229,0345443578,793949812,3,mdp.39015060659367,Q298229,ic,0345443578,243,FALSE,FALSE,TRUE,FALSE,FALSE,FALSE,FALSE
2436,Q272076,067942525X,141978325,12,mdp.39015037294751,Q272076,ic,067942525X,2436,FALSE,FALSE,TRUE,FALSE,FALSE,FALSE,FALSE
244,Q437224,038549274X,835134,7,mdp.39015046481365,Q437224,ic,038549274X,244,FALSE,FALSE,TRUE,FALSE,FALSE,FALSE,FALSE
2440,Q7650783,0345480147,196083495,4,mdp.39015064760666,Q7650783,ic,9780345480149,2440,FALSE,FALSE,TRUE,FALSE,FALSE,FALSE,FALSE
2443,Q4731395,0385336128,48269216,1,mdp.39015063268992,Q4731395,ic,9780385336123,2443,FALSE,FALSE,TRUE,FALSE,FALSE,FALSE,FALSE
2444,Q648241,9780773599345,224280201,2,mdp.39015053626522,Q648241,ic,NA,2444,FALSE,FALSE,FALSE,FALSE,TRUE,FALSE,FALSE
2446,NA,NA,NA,7,uc1.b4086401,NA,ic,NA,224,TRUE,TRUE,TRUE,TRUE,FALSE,TRUE,TRUE
2448,Q299965,0679732764,463552,13,uc1.32106007387381,Q299965,ic,0394717155,2448,FALSE,FALSE,FALSE,FALSE,TRUE,FALSE,FALSE
2449,Q1701679,9780399154218,4921031802,5,mdp.39015069362575,Q1701679,ic,0399154213,2449,FALSE,FALSE,TRUE,FALSE,FALSE,FALSE,FALSE
2450,Q3442258,NA,114105528,3,mdp.39015008686332,Q3442258,ic,NA,2450,FALSE,FALSE,FALSE,FALSE,FALSE,FALSE,FALSE
2455,Q3500849,039915325X,880095,1,mdp.39015062594729,Q3500849,ic,NA,2455,FALSE,FALSE,TRUE,FALSE,FALSE,FALSE,FALSE
2456,Q72653,0385319606,9489896585,9,mdp.39015047449866,Q72653,ic,0385334613,2456,FALSE,FALSE,TRUE,FALSE,FALSE,FALSE,FALSE
2457,Q81447,9780061561795,197737499,11,coo.31924001398258,Q81447,ic,NA,2457,FALSE,FALSE,TRUE,FALSE,TRUE,FALSE,FALSE
2459,Q4714283,NA,131537230,20,mdp.39015012158815,Q4714283,ic,NA,2459,FALSE,FALSE,FALSE,FALSE,FALSE,FALSE,FALSE
246,Q2903650,NA,1808291403,18,uc1.b3454985,Q2903650,ic,NA,246,FALSE,FALSE,TRUE,FALSE,TRUE,FALSE,FALSE
2460,Q4823306,NA,476447,9,coo.31924014518355,Q4823306,ic,NA,2460,FALSE,FALSE,FALSE,FALSE,FALSE,FALSE,FALSE
2462,Q23434,0684146428,572646,24,mdp.39015009314462,Q23434,ic,NA,2462,FALSE,FALSE,TRUE,FALSE,FALSE,FALSE,FALSE
2463,Q231467,039914739X,733852,6,mdp.39015053117845,Q231467,ic,039914739X,2463,FALSE,FALSE,TRUE,FALSE,FALSE,FALSE,FALSE
2464,Q54823953,0425191362,698374,4,mdp.39015056309340,Q54823953,ic,0425191362,2464,FALSE,FALSE,TRUE,FALSE,FALSE,FALSE,FALSE
2468,NA,NA,NA,1,uc1.b4086401,NA,ic,NA,224,TRUE,TRUE,TRUE,TRUE,FALSE,TRUE,TRUE
2469,Q500042,NA,1764614,3,uc1.b3687206,Q500042,und,NA,2469,FALSE,FALSE,FALSE,FALSE,TRUE,FALSE,FALSE
2471,NA,NA,NA,3,uc1.b4086401,NA,ic,NA,224,TRUE,TRUE,TRUE,TRUE,FALSE,TRUE,TRUE
2472,NA,NA,NA,1,uc1.b4086401,NA,ic,NA,224,TRUE,TRUE,TRUE,TRUE,FALSE,TRUE,TRUE
2476,Q49074,NA,146827,31,mdp.39015002348343,Q49074,ic,0440054834,2476,FALSE,FALSE,TRUE,FALSE,FALSE,FALSE,FALSE
248,Q1631915,NA,1800129,1,mdp.39076005051359,Q1631915,ic,NA,248,FALSE,FALSE,FALSE,FALSE,FALSE,FALSE,FALSE
2481,NA,NA,NA,1,uc1.b4086401,NA,ic,NA,224,TRUE,TRUE,TRUE,TRUE,FALSE,TRUE,TRUE
2482,Q333251,0385047711,5442048,45,mdp.39015046412964,Q333251,ic,0385047711,2482,FALSE,FALSE,TRUE,FALSE,FALSE,FALSE,FALSE
2483,Q72334,0679411674,4615367430,13,uc1.32106016923267,Q72334,ic,0452269652,2483,FALSE,FALSE,TRUE,FALSE,TRUE,FALSE,FALSE
2484,NA,NA,1341863,11,uc1.$b102394,NA,ic|und,NA,2484,FALSE,FALSE,TRUE,FALSE,FALSE,FALSE,FALSE
2485,NA,NA,NA,1,uc1.b4086401,NA,ic,NA,224,TRUE,TRUE,TRUE,TRUE,FALSE,TRUE,TRUE
2488,NA,NA,NA,1,uc1.b4086401,NA,ic,NA,224,TRUE,TRUE,TRUE,TRUE,FALSE,TRUE,TRUE
2489,NA,NA,NA,10,uc1.b4086401,NA,ic,NA,224,TRUE,TRUE,TRUE,TRUE,FALSE,TRUE,TRUE
249,Q1452749,NA,4161568361,2,uc1.b3727239,Q1452749,ic,NA,249,FALSE,FALSE,FALSE,FALSE,FALSE,FALSE,FALSE
2490,NA,NA,NA,7,uc1.b4086401,NA,ic,NA,224,TRUE,TRUE,TRUE,TRUE,FALSE,TRUE,TRUE
2492,Q452404,0553050680,888498,11,mdp.39015066069140,Q452404,ic,0553050680,2492,FALSE,FALSE,TRUE,FALSE,FALSE,FALSE,FALSE
2495,Q123078,NA,52846599,11,uc1.32106010566989,Q123078,ic,0345320603,2495,FALSE,FALSE,TRUE,FALSE,FALSE,FALSE,FALSE
2496,NA,NA,NA,2,uc1.b4086401,NA,ic,NA,224,TRUE,TRUE,TRUE,TRUE,FALSE,TRUE,TRUE
2497,Q72653,0385335490,1806345560,8,mdp.39015056310876,Q72653,ic,0385335490,2497,FALSE,FALSE,TRUE,FALSE,FALSE,FALSE,FALSE
2498,Q273677,0380975351,9977451,4,mdp.39015043790396,Q273677,ic,0380975351,2498,FALSE,FALSE,TRUE,FALSE,FALSE,FALSE,FALSE
250,Q6303574,NA,1089011,2,mdp.39015032187786,Q6303574,ic,0671798790,250,FALSE,FALSE,TRUE,FALSE,FALSE,FALSE,FALSE
2500,NA,NA,5998399,4,mdp.39015003346106,NA,ic,NA,2500,FALSE,FALSE,FALSE,FALSE,FALSE,FALSE,FALSE
2501,Q245407,0743278909,573167,70,mdp.39015047597573,Q245407,ic,NA,2501,FALSE,FALSE,TRUE,FALSE,FALSE,FALSE,FALSE
2502,NA,NA,NA,11,uc1.b4086401,NA,ic,NA,224,TRUE,TRUE,TRUE,TRUE,FALSE,TRUE,TRUE
2503,NA,NA,NA,3,uc1.b4086401,NA,ic,NA,224,TRUE,FALSE,TRUE,TRUE,FALSE,TRUE,TRUE
2504,Q37030,0394431324,2847071958,3,uc1.b3441915,Q37030,ic,0140045457,2504,FALSE,FALSE,FALSE,FALSE,TRUE,FALSE,FALSE
2505,Q37030,0394431324,2847071958,6,uc1.b3441915,Q37030,ic,0140045457,2504,FALSE,TRUE,FALSE,TRUE,TRUE,TRUE,TRUE
2508,Q72653,0385316879,844370,9,mdp.39015050134611,Q72653,ic,0385316879,2508,FALSE,FALSE,TRUE,FALSE,FALSE,FALSE,FALSE
2510,NA,NA,NA,2,uc1.b4086401,NA,ic,NA,224,TRUE,TRUE,TRUE,TRUE,FALSE,TRUE,TRUE
2515,Q273730,9780000274335,2946030624,10,uc1.b3727982,Q273730,ic,NA,2515,FALSE,FALSE,TRUE,FALSE,FALSE,FALSE,FALSE
2516,Q5478889,NA,1448403,34,uc1.b4095385,Q5478889,pd,NA,2516,FALSE,FALSE,TRUE,FALSE,FALSE,FALSE,FALSE
2518,Q447244,0690467508,234886109,46,mdp.39015012209816,Q447244,ic,NA,2518,FALSE,FALSE,TRUE,FALSE,FALSE,FALSE,FALSE
2519,NA,NA,NA,10,uc1.b4086401,NA,ic,NA,224,TRUE,TRUE,TRUE,TRUE,FALSE,TRUE,TRUE
252,Q181920,0060159383,228314474,11,mdp.39015014445111,Q181920,ic,0060159383,252,FALSE,FALSE,TRUE,FALSE,FALSE,FALSE,FALSE
2522,NA,NA,NA,2,uc1.b4086401,NA,ic,NA,224,TRUE,TRUE,TRUE,TRUE,FALSE,TRUE,TRUE
2523,Q167821,037572706X,464308,32,pst.000012777860,Q167821,ic,0394721012,2523,FALSE,FALSE,TRUE,FALSE,TRUE,FALSE,FALSE
2527,Q522426,NA,1609677,1,uc1.$b87115,Q522426,und,NA,2527,FALSE,FALSE,FALSE,FALSE,FALSE,FALSE,FALSE
2528,Q268466,0688156126,196069728,3,mdp.39015042994106,Q268466,ic,0688156126,2528,FALSE,FALSE,TRUE,FALSE,FALSE,FALSE,FALSE
2529,Q172140,0394588169,156434679,14,mdp.39015035321051,Q172140,ic,0394588169,2529,FALSE,FALSE,TRUE,FALSE,FALSE,FALSE,FALSE
253,Q1683201,0553099604,568352,5,mdp.39015041008692,Q1683201,ic,0553099604,253,FALSE,FALSE,TRUE,FALSE,FALSE,FALSE,FALSE
2530,NA,NA,NA,5,uc1.b4086401,NA,ic,NA,224,TRUE,TRUE,TRUE,TRUE,FALSE,TRUE,TRUE
2533,Q318099,0525947914,31165,5,mdp.39015061751239,Q318099,ic,0525947914,2533,FALSE,FALSE,TRUE,FALSE,FALSE,FALSE,FALSE
2537,NA,NA,NA,2,uc1.b4086401,NA,ic,NA,224,TRUE,TRUE,TRUE,TRUE,FALSE,TRUE,TRUE
2538,Q219784,0525138072,4915767345,1,mdp.39015055119336,Q219784,ic,0525470808,2538,FALSE,FALSE,TRUE,FALSE,TRUE,FALSE,FALSE
2539,Q134798,1400043662,2261416273,1,uc1.32106018638509,Q134798,ic,1400043662,2539,FALSE,FALSE,TRUE,FALSE,FALSE,FALSE,FALSE
254,Q179059,NA,4061480515,21,uc1.$b223955,Q179059,ic|und,NA,254,FALSE,FALSE,FALSE,FALSE,FALSE,FALSE,FALSE
2541,Q78491,NA,10448725440,4,mdp.39015025022784,Q78491,ic,NA,2541,FALSE,FALSE,FALSE,FALSE,FALSE,FALSE,FALSE
2542,Q167821,0394420535,198025605,9,mdp.39015005516904,Q167821,ic,0394420535,2542,FALSE,FALSE,TRUE,FALSE,FALSE,FALSE,FALSE
2543,NA,NA,NA,29,uc1.b4086401,NA,ic,NA,224,TRUE,TRUE,FALSE,TRUE,FALSE,TRUE,TRUE
2544,Q2619779,0689117876,771776475,1,mdp.39015011024901,Q2619779,ic,0689117876,2544,FALSE,FALSE,TRUE,FALSE,FALSE,FALSE,FALSE
2545,Q2857861,9780395081730,467385,29,pst.000008561299,Q2857861,ic,0449240525,2545,FALSE,FALSE,FALSE,FALSE,TRUE,FALSE,FALSE
2546,Q344320,NA,1543934,5,uc1.$b70998,Q344320,ic,NA,2546,FALSE,FALSE,FALSE,FALSE,FALSE,FALSE,FALSE
2548,Q3335,0156468999,3373242766,1,mdp.39015000607021,Q3335,icus,NA,2548,FALSE,FALSE,FALSE,FALSE,TRUE,FALSE,FALSE
255,Q441067,0394577736,568476,2,mdp.39015058018204,Q441067,ic,0394577736,255,FALSE,FALSE,TRUE,FALSE,FALSE,FALSE,FALSE
2551,NA,NA,NA,8,uc1.b4086401,NA,ic,NA,224,TRUE,TRUE,TRUE,TRUE,FALSE,TRUE,TRUE
2554,NA,NA,NA,5,uc1.b4086401,NA,ic,NA,224,TRUE,TRUE,TRUE,TRUE,FALSE,TRUE,TRUE
2556,Q1683201,0553801953,177268,4,mdp.39015059134885,Q1683201,ic,0553801953,2556,FALSE,FALSE,TRUE,FALSE,FALSE,FALSE,FALSE
2558,Q298651,9780553803440,52455713,3,mdp.39015064704615,Q298651,ic,0553803441,2558,FALSE,FALSE,FALSE,FALSE,FALSE,FALSE,FALSE
256,Q1394609,0971766711,392083835,9,mdp.39015055088382,Q1394609,ic,0971766711,256,FALSE,FALSE,TRUE,FALSE,FALSE,FALSE,FALSE
2560,NA,NA,NA,3,uc1.b4086401,NA,ic,NA,224,TRUE,TRUE,TRUE,TRUE,FALSE,TRUE,TRUE
2565,Q936028,9780399154072,11948969401,2,mdp.39015064950507,Q936028,ic,0399154078,2565,FALSE,FALSE,TRUE,FALSE,FALSE,FALSE,FALSE
2567,Q892108,0394554000,19089048,5,mdp.39015018523863,Q892108,ic,0394554000,2567,FALSE,FALSE,TRUE,FALSE,FALSE,FALSE,FALSE
2568,Q1026532,0679463321,48745,1,mdp.39015049544417,Q1026532,ic,0679463321,2568,FALSE,FALSE,TRUE,FALSE,FALSE,FALSE,FALSE
2569,Q446121,034545345X,267713,1,mdp.39015060878504,Q446121,ic,034545345X,2569,FALSE,FALSE,TRUE,FALSE,FALSE,FALSE,FALSE
257,Q193116,9781594489501,64284360,49,mdp.39015068803348,Q193116,ic,1594489505,257,FALSE,FALSE,TRUE,FALSE,FALSE,FALSE,FALSE
2570,Q290686,0345453808,683648,4,mdp.39015055175155,Q290686,ic,078624366X,2570,FALSE,FALSE,TRUE,FALSE,TRUE,FALSE,FALSE
2572,Q356639,NA,1428721,2,inu.32000003311521,Q356639,ic,NA,2572,FALSE,FALSE,FALSE,FALSE,FALSE,FALSE,FALSE
2574,Q273911,0394498364,198475378,7,mdp.39015047522167,Q273911,ic,0394498364,2574,FALSE,FALSE,TRUE,FALSE,FALSE,FALSE,FALSE
2575,Q80900,9781559211567,5577648238,13,mdp.39015031213906,Q80900,ic,NA,2575,FALSE,FALSE,TRUE,FALSE,FALSE,FALSE,FALSE
2577,Q586776,NA,3768464643,18,uc1.b3687446,Q586776,ic,NA,2577,FALSE,FALSE,FALSE,FALSE,FALSE,FALSE,FALSE
2579,Q316802,NA,1903501,1,mdp.39015052400044,Q316802,ic,0440145465,2579,FALSE,FALSE,TRUE,FALSE,TRUE,FALSE,FALSE
2580,Q4082087,NA,4916833375,14,uc1.32106002089198,Q4082087,ic,NA,2580,FALSE,FALSE,FALSE,FALSE,FALSE,FALSE,FALSE
2581,NA,NA,NA,5,uc1.b4086401,NA,ic,NA,224,TRUE,TRUE,TRUE,TRUE,FALSE,TRUE,TRUE
2583,Q434735,0333014464,57067022,17,inu.30000044501959,Q434735,ic,0915943816,2583,FALSE,FALSE,FALSE,FALSE,TRUE,FALSE,FALSE
2584,Q123469,NA,899116,20,mdp.39015050743452,Q123469,ic,0375756868,2584,FALSE,FALSE,TRUE,FALSE,TRUE,FALSE,FALSE
2589,Q25161,NA,573137,12,mdp.39015010402645,Q25161,ic,NA,2589,FALSE,FALSE,TRUE,FALSE,FALSE,FALSE,FALSE
2591,Q446121,0345453433,319426,2,mdp.39015059135049,Q446121,ic,0345453433,2591,FALSE,FALSE,TRUE,FALSE,FALSE,FALSE,FALSE
2592,Q336081,0816155542,57725848,7,mdp.39015028451238,Q336081,ic,NA,2592,FALSE,FALSE,FALSE,FALSE,TRUE,FALSE,FALSE
260,Q47293,NA,4159940903,17,mdp.39015011030759,Q47293,ic,NA,260,FALSE,FALSE,FALSE,FALSE,FALSE,FALSE,FALSE
2600,Q931105,NA,549383,25,uc1.b3711191,Q931105,ic,NA,2600,FALSE,FALSE,FALSE,FALSE,FALSE,FALSE,FALSE
2601,Q310464,NA,49046620,1,mdp.39015031222964,Q310464,und,NA,2601,FALSE,FALSE,FALSE,FALSE,FALSE,FALSE,FALSE
2605,Q2576637,NA,1467260,41,uc1.b3711043,Q2576637,ic,NA,2605,FALSE,FALSE,TRUE,FALSE,FALSE,FALSE,FALSE
2606,Q2941863,9780399155840,190785128,4,mdp.39015080887824,Q2941863,ic,0399155848,2606,FALSE,FALSE,TRUE,FALSE,FALSE,FALSE,FALSE
2609,Q3500849,0399146644,19546809,2,mdp.39015049545539,Q3500849,ic,0399146644,2609,FALSE,FALSE,TRUE,FALSE,FALSE,FALSE,FALSE
2613,Q799543,0671446622,196649754,13,mdp.49015002580265,Q799543,ic,0671446622,2613,FALSE,FALSE,TRUE,FALSE,FALSE,FALSE,FALSE
2615,Q235615,0679439412,2564785667,16,mdp.39015034038573,Q235615,ic,0679441557,2615,FALSE,FALSE,TRUE,FALSE,FALSE,FALSE,FALSE
262,Q236727,0553801279,6073679,7,mdp.39015051308172,Q236727,ic,0553801279,262,FALSE,FALSE,TRUE,FALSE,FALSE,FALSE,FALSE
2622,Q157322,NA,12359955757,17,mdp.39015066706584,Q157322,ic,NA,2622,FALSE,FALSE,TRUE,FALSE,FALSE,FALSE,FALSE
2623,Q2909151,0684864320,1050240,6,mdp.39015047452076,Q2909151,ic,0684864320,2623,FALSE,FALSE,TRUE,FALSE,FALSE,FALSE,FALSE
2624,Q183031,0670805149,594387,48,mdp.39015047868867,Q183031,ic,0670805149,2624,FALSE,FALSE,TRUE,FALSE,FALSE,FALSE,FALSE
2625,Q183031,0670030031,5992720,5,mdp.39015053374537,Q183031,ic,0670030031,2625,FALSE,FALSE,TRUE,FALSE,FALSE,FALSE,FALSE
2626,Q5045187,NA,144499829,24,pst.000022269416,Q5045187,ic,1561450758,2626,FALSE,FALSE,FALSE,FALSE,TRUE,FALSE,FALSE
263,Q273730,NA,3373792813,51,mdp.39015000613409,Q273730,ic,NA,263,FALSE,FALSE,FALSE,FALSE,TRUE,FALSE,FALSE
2632,Q184785,0679412956,346613,17,mdp.39015028937376,Q184785,ic,0679412956,2632,FALSE,FALSE,TRUE,FALSE,FALSE,FALSE,FALSE
2633,Q394358,NA,2188263,1,mdp.39015011305870,Q394358,ic,NA,2633,FALSE,FALSE,TRUE,FALSE,TRUE,FALSE,FALSE
2641,NA,NA,11436742340,9,wu.89048928147,Q182804,ic,0679736409,2641,FALSE,FALSE,TRUE,FALSE,TRUE,FALSE,FALSE
2643,Q5444469,0743457781,742644,4,mdp.39015056480174,Q5444469,ic,0743457781,2643,FALSE,FALSE,TRUE,FALSE,TRUE,FALSE,FALSE
2644,Q438345,0553802712,4451762131,1,mdp.39015056793105,Q438345,ic,0553802712,2644,FALSE,FALSE,TRUE,FALSE,FALSE,FALSE,FALSE
2645,Q207515,NA,130699,4,inu.32000007724323,Q207515,ic,NA,2645,FALSE,FALSE,FALSE,FALSE,TRUE,FALSE,FALSE
2648,Q2295279,9780373772384,68906386,1,mdp.39015064983946,Q2295279,ic,0373772386,2648,FALSE,FALSE,TRUE,FALSE,FALSE,FALSE,FALSE
2654,Q72653,0385332963,6286285,10,mdp.39015050745259,Q72653,ic,0385332963,2654,FALSE,FALSE,TRUE,FALSE,FALSE,FALSE,FALSE
2655,Q559506,NA,136214995,4,uc1.$b103204,Q559506,ic,NA,2655,FALSE,FALSE,FALSE,FALSE,FALSE,FALSE,FALSE
2656,Q4885219,9781556527258,1471684,12,mdp.39015030719481,Q4885219,ic,NA,2656,FALSE,FALSE,FALSE,FALSE,FALSE,FALSE,FALSE
2661,Q183031,0670820121,395277,21,mdp.39015056250759,Q183031,ic,067081976X,2661,FALSE,FALSE,TRUE,FALSE,FALSE,FALSE,FALSE
2663,NA,NA,NA,1,uc1.b4086401,NA,ic,NA,224,TRUE,TRUE,TRUE,TRUE,FALSE,TRUE,TRUE
2667,Q435326,0671744615,6428742,5,mdp.39015038172501,Q435326,ic,0671744615,2667,FALSE,FALSE,TRUE,FALSE,FALSE,FALSE,FALSE
2668,Q540784,0671470450,4919648667,1,uc1.32106006683962,Q540784,ic,0671470450,2668,FALSE,FALSE,TRUE,FALSE,FALSE,FALSE,FALSE
2669,Q241583,0671543296,180786,3,mdp.39015066169080,Q241583,ic,0671543296,2669,FALSE,FALSE,TRUE,FALSE,FALSE,FALSE,FALSE
267,Q5254450,NA,374602329,2,uc1.$b103843,Q5254450,und,NA,267,FALSE,FALSE,TRUE,FALSE,FALSE,FALSE,FALSE
2673,Q231736,9780684803968,196798025,15,mdp.39015034027329,Q231736,ic,068480395X,2673,FALSE,FALSE,TRUE,FALSE,FALSE,FALSE,FALSE
2674,Q2576637,NA,1363297,1,mdp.39015014637402,Q2576637,und,NA,2674,FALSE,FALSE,TRUE,FALSE,FALSE,FALSE,FALSE
2679,NA,NA,195986881,18,mdp.39015013453264,NA,ic,NA,2679,FALSE,FALSE,TRUE,FALSE,FALSE,FALSE,FALSE
268,NA,NA,NA,2,uc1.b4086401,NA,ic,NA,224,TRUE,FALSE,TRUE,TRUE,FALSE,TRUE,TRUE
2680,Q187019,039443305X,461894,11,mdp.39015002750688,Q187019,ic,NA,2680,FALSE,FALSE,TRUE,FALSE,FALSE,FALSE,FALSE
2682,Q120085,NA,49234956,1,uc1.$b102273,Q120085,ic,NA,2682,FALSE,FALSE,FALSE,FALSE,FALSE,FALSE,FALSE
2683,NA,NA,NA,5,uc1.b4086401,NA,ic,NA,224,TRUE,TRUE,TRUE,TRUE,FALSE,TRUE,TRUE
2686,Q310048,0670823171,15555393,5,mdp.39015013241388,Q310048,ic,0670823171,2686,FALSE,FALSE,TRUE,FALSE,FALSE,FALSE,FALSE
2687,Q1383799,0399901183,112208515,13,mdp.39015002613027,Q1383799,ic,0399901183,2687,FALSE,FALSE,TRUE,FALSE,FALSE,FALSE,FALSE
2689,Q245257,NA,61140599,10,mdp.39015003639005,Q245257,ic|und,NA,2689,FALSE,FALSE,TRUE,FALSE,FALSE,FALSE,FALSE
2691,Q430182,0316290637,447839,13,pst.000031739689,Q430182,ic,0786202858,2691,FALSE,FALSE,FALSE,FALSE,TRUE,FALSE,FALSE
2693,Q1190579,NA,4160580844,13,uc1.$b242672,Q1190579,ic,NA,2693,FALSE,FALSE,FALSE,FALSE,TRUE,FALSE,FALSE
2695,Q272076,9780553804140,888563,5,mdp.39015059216021,Q272076,ic,0553804146,2695,FALSE,FALSE,TRUE,FALSE,FALSE,FALSE,FALSE
2696,Q5213748,0671460242,895843966,15,mdp.39015008981501,Q5213748,ic,0671460242,2696,FALSE,FALSE,TRUE,FALSE,FALSE,FALSE,FALSE
2698,Q5362785,0440049245,375569344,13,uc1.b4439625,Q5362785,ic,0440049245,2698,FALSE,FALSE,TRUE,FALSE,FALSE,FALSE,FALSE
2699,NA,NA,NA,1,uc1.b4086401,NA,ic,NA,224,TRUE,TRUE,TRUE,TRUE,FALSE,TRUE,TRUE
27,NA,NA,NA,5,uc1.b4086401,NA,ic,NA,224,TRUE,TRUE,TRUE,TRUE,FALSE,TRUE,TRUE
270,Q547914,NA,20068777,15,mdp.49015000558818,Q547914,ic,0140035656,270,FALSE,FALSE,FALSE,FALSE,TRUE,FALSE,FALSE
2700,Q1095394,NA,461897,1,uc1.$b441039,Q1095394,ic,NA,2700,FALSE,FALSE,FALSE,FALSE,TRUE,FALSE,FALSE
2701,Q42,0517548747,48446501,21,pst.000032241167,Q42,ic,0671739670,2701,FALSE,FALSE,TRUE,FALSE,TRUE,FALSE,FALSE
2702,NA,NA,NA,10,uc1.b4086401,NA,ic,NA,224,TRUE,TRUE,TRUE,TRUE,FALSE,TRUE,TRUE
2703,Q6149232,0670034533,9702096,8,mdp.39015062866556,Q6149232,ic,0670034533,2703,FALSE,FALSE,TRUE,FALSE,FALSE,FALSE,FALSE
2704,Q438345,0399149384,706002,5,mdp.39015056188165,Q438345,ic,0399149384,2704,FALSE,FALSE,TRUE,FALSE,FALSE,FALSE,FALSE
2705,Q66788578,NA,2517238368,1,uc1.b3727941,Q66788578,ic,NA,2705,FALSE,FALSE,TRUE,FALSE,FALSE,FALSE,FALSE
2708,Q72653,0385314884,632194,11,mdp.39015034418718,Q72653,ic,0385312938,2708,FALSE,FALSE,TRUE,FALSE,FALSE,FALSE,FALSE
2710,Q4786618,NA,62702037,3,uc1.$b86015,Q4786618,ic,NA,2710,FALSE,FALSE,FALSE,FALSE,FALSE,FALSE,FALSE
2714,Q366575,0553077376,561919,7,mdp.39015062115194,Q366575,ic,0553078739,2714,FALSE,FALSE,TRUE,FALSE,FALSE,FALSE,FALSE
2718,Q167821,0394528956,196659954,33,mdp.39015005778496,Q167821,ic,0394528956,2718,FALSE,FALSE,TRUE,FALSE,FALSE,FALSE,FALSE
2720,NA,0399136711,1976610,8,mdp.49015002555150,Q2536700,ic,0399136711,2720,FALSE,FALSE,TRUE,FALSE,TRUE,FALSE,FALSE
2722,Q254820,0786868198,902566,4,mdp.39015062547206,Q254820,ic,0786868198,2722,FALSE,FALSE,TRUE,FALSE,FALSE,FALSE,FALSE
2725,Q6760327,NA,37862186,3,uc1.$b106112,Q6760327,ic,NA,2725,FALSE,FALSE,TRUE,FALSE,FALSE,FALSE,FALSE
2727,Q328338,0743470095,16696051,3,mdp.39015060067967,Q328338,ic,0743470095,2727,FALSE,FALSE,TRUE,FALSE,FALSE,FALSE,FALSE
2731,Q76539,NA,2187332,9,mdp.39015060827063,Q76539,ic,0897330862,2731,FALSE,FALSE,FALSE,FALSE,TRUE,FALSE,FALSE
2733,Q893138,NA,2125345,1,mdp.39015063926722,Q893138,ic,NA,2733,FALSE,FALSE,FALSE,FALSE,FALSE,FALSE,FALSE
2736,Q167821,0679416110,327291,2,mdp.39015020827328,Q167821,ic,0679416110,2736,FALSE,FALSE,TRUE,FALSE,FALSE,FALSE,FALSE
2741,NA,NA,NA,2,uc1.b4086401,NA,ic,NA,224,TRUE,TRUE,TRUE,TRUE,FALSE,TRUE,TRUE
2743,NA,NA,NA,7,uc1.b4086401,NA,ic,NA,224,TRUE,TRUE,TRUE,TRUE,FALSE,TRUE,TRUE
2745,Q36591,0679410430,11575702345,54,mdp.39015062084390,Q36591,ic,039950267X,2745,FALSE,FALSE,TRUE,FALSE,TRUE,FALSE,FALSE
2748,Q310176,0517577186,1034286,1,mdp.39015046353432,Q310176,ic,0224026097,2748,FALSE,FALSE,TRUE,FALSE,TRUE,FALSE,FALSE
2749,Q505274,0394549376,4847676,10,uc1.32106006849969,Q505274,ic,0091618908,2749,FALSE,FALSE,TRUE,FALSE,TRUE,FALSE,FALSE
2750,Q72653,0385335377,6494999,8,mdp.39015050547788,Q72653,ic,0385335377,2750,FALSE,FALSE,TRUE,FALSE,FALSE,FALSE,FALSE
2757,Q1226282,NA,51702351,5,uc1.$b103887,Q1226282,ic,NA,2757,FALSE,FALSE,FALSE,FALSE,FALSE,FALSE,FALSE
2759,NA,NA,1234795,1,mdp.49015001020511,NA,ic,0837130603,2759,FALSE,FALSE,TRUE,FALSE,TRUE,FALSE,FALSE
276,Q310379,0375501371,159443748,20,mdp.39015056875464,Q310379,ic,0345424719,276,FALSE,FALSE,TRUE,FALSE,TRUE,FALSE,FALSE
2760,NA,NA,NA,2,uc1.b4086401,NA,ic,NA,224,TRUE,TRUE,TRUE,TRUE,FALSE,TRUE,TRUE
2762,Q314929,0399135812,4916476200,12,mdp.39015018889785,Q314929,ic,0718134478,2762,FALSE,FALSE,TRUE,FALSE,TRUE,FALSE,FALSE
2765,Q7964267,NA,2179010,2,mdp.39015016453287,Q7964267,pd,NA,2765,FALSE,FALSE,FALSE,FALSE,FALSE,FALSE,FALSE
2767,Q110177427,NA,141319061,5,mdp.39015033301170,Q110177427,ic,NA,2767,FALSE,FALSE,FALSE,FALSE,FALSE,FALSE,FALSE
2768,Q639041,0385334710,773897,1,mdp.39015050547002,Q639041,ic,0385334710,2768,FALSE,FALSE,TRUE,FALSE,FALSE,FALSE,FALSE
2769,Q10312711,067122025X,567979,36,mdp.39015002749268,Q10312711,ic,067122025X,2769,FALSE,FALSE,TRUE,FALSE,FALSE,FALSE,FALSE
2770,Q335232,039450691X,462944,25,mdp.39015003670778,Q335232,ic,039450691X,2770,FALSE,FALSE,TRUE,FALSE,FALSE,FALSE,FALSE
2771,Q3087137,0803281188,149461353,6,uc1.$b103938,Q3087137,ic,NA,2771,FALSE,FALSE,FALSE,FALSE,TRUE,FALSE,FALSE
2773,Q272492,9780385337496,4160616296,2,mdp.39015070756815,Q272492,ic,0385337493,2773,FALSE,FALSE,TRUE,FALSE,FALSE,FALSE,FALSE
2774,Q272492,0385337477,4760289905,4,mdp.39015060020453,Q272492,ic,0385337477,2774,FALSE,FALSE,TRUE,FALSE,FALSE,FALSE,FALSE
2779,Q6174593,NA,1317273,30,uc1.b3553065,Q6174593,ic,NA,2779,FALSE,FALSE,FALSE,FALSE,FALSE,FALSE,FALSE
278,Q1444495,NA,102192937,22,uc1.b3463671,Q1444495,ic,NA,278,FALSE,FALSE,TRUE,FALSE,FALSE,FALSE,FALSE
2782,Q922760,0553062247,196799745,2,mdp.39015041027338,Q922760,ic,0553062247,2782,FALSE,FALSE,TRUE,FALSE,FALSE,FALSE,FALSE
2783,NA,NA,NA,14,uc1.b4086401,NA,ic,NA,224,TRUE,TRUE,TRUE,TRUE,FALSE,TRUE,TRUE
2784,NA,NA,NA,5,uc1.b4086401,NA,ic,NA,224,TRUE,TRUE,TRUE,TRUE,FALSE,TRUE,TRUE
2786,Q438345,0399146695,45139,3,mdp.39015050470833,Q438345,ic,0399146695,2786,FALSE,FALSE,TRUE,FALSE,FALSE,FALSE,FALSE
2788,NA,NA,NA,6,uc1.b4086401,NA,ic,NA,224,TRUE,TRUE,TRUE,TRUE,FALSE,TRUE,TRUE
2790,NA,NA,NA,4,uc1.b4086401,NA,ic,NA,224,TRUE,TRUE,TRUE,TRUE,FALSE,TRUE,TRUE
2791,Q43227,0895773619,435446,23,mdp.39015054081222,Q43227,ic,NA,2791,FALSE,FALSE,FALSE,FALSE,TRUE,FALSE,FALSE
2798,Q72334,9780375409448,686883,4,mdp.39015059959802,Q72334,ic,0676976182,2798,FALSE,FALSE,TRUE,FALSE,FALSE,FALSE,FALSE
2799,NA,NA,NA,1,uc1.b4086401,NA,ic,NA,224,TRUE,TRUE,TRUE,TRUE,FALSE,TRUE,TRUE
2800,Q4762571,9781559212045,401915067,1,uc1.32106012324270,Q4762571,ic,1559212047,2800,FALSE,FALSE,TRUE,FALSE,TRUE,FALSE,FALSE
2804,Q1608240,NA,412688,3,uc1.32106001967709,Q1608240,ic,NA,2804,FALSE,FALSE,FALSE,FALSE,TRUE,FALSE,FALSE
2805,Q260026,9780307740823,196727610,5,mdp.39015002996208,Q260026,ic,NA,2805,FALSE,FALSE,TRUE,FALSE,TRUE,FALSE,FALSE
2806,NA,NA,NA,3,uc1.b4086401,NA,ic,NA,224,TRUE,TRUE,TRUE,TRUE,FALSE,TRUE,TRUE
2807,Q437224,0060176806,588574,5,mdp.39015035024697,Q437224,ic,0060176806,2807,FALSE,FALSE,TRUE,FALSE,FALSE,FALSE,FALSE
281,Q235308,NA,752871,5,mdp.39015011903195,Q235308,ic,NA,281,FALSE,FALSE,FALSE,FALSE,FALSE,FALSE,FALSE
2810,Q106029260,NA,1378320,23,mdp.39015003675892,Q106029260,ic,NA,2810,FALSE,FALSE,FALSE,FALSE,FALSE,FALSE,FALSE
2811,Q337103,NA,4916674391,39,mdp.39015011604546,Q337103,ic,NA,2811,FALSE,FALSE,FALSE,FALSE,FALSE,FALSE,FALSE
2813,Q183031,0670032468,724028,4,mdp.39015056316006,Q183031,ic,0670032468,2813,FALSE,FALSE,TRUE,FALSE,FALSE,FALSE,FALSE
2814,Q273677,0688142869,3769711133,4,mdp.39015046460294,Q273677,ic,0688142869,2814,FALSE,FALSE,TRUE,FALSE,FALSE,FALSE,FALSE
2816,Q315343,9780380017607,374391889,62,mdp.39015008850250,Q315343,ic,NA,2816,FALSE,FALSE,TRUE,FALSE,TRUE,FALSE,FALSE
2818,NA,NA,NA,14,uc1.b4086401,NA,ic,NA,224,TRUE,TRUE,TRUE,TRUE,FALSE,TRUE,TRUE
282,Q1621598,NA,1265070,13,mdp.39015050557019,Q1621598,ic,NA,282,FALSE,FALSE,TRUE,FALSE,FALSE,FALSE,FALSE
2820,Q1688127,NA,1471547,1,mdp.39015022186335,Q1688127,ic,NA,2820,FALSE,FALSE,FALSE,FALSE,FALSE,FALSE,FALSE
283,Q216134,NA,1417088,10,uc1.32106002145966,Q216134,ic,NA,283,FALSE,FALSE,TRUE,FALSE,TRUE,FALSE,FALSE
2830,NA,NA,NA,5,uc1.b4086401,NA,ic,NA,224,TRUE,TRUE,TRUE,TRUE,FALSE,TRUE,TRUE
284,Q7129150,NA,2583718,8,uc1.b4095410,Q7129150,und,NA,284,FALSE,FALSE,FALSE,FALSE,FALSE,FALSE,FALSE
2842,Q6239895,NA,405530282,8,mdp.39015005186179,Q6239895,ic,NA,2842,FALSE,FALSE,TRUE,FALSE,FALSE,FALSE,FALSE
2843,Q6775040,NA,1311879,8,uc1.b3810792,Q6775040,ic,NA,2843,FALSE,FALSE,TRUE,FALSE,FALSE,FALSE,FALSE
2847,Q726177,0679454446,196415524,7,mdp.39015040577838,Q726177,ic,0679454446,2847,FALSE,FALSE,TRUE,FALSE,FALSE,FALSE,FALSE
285,NA,NA,NA,1,uc1.b4086401,NA,ic,NA,224,TRUE,TRUE,TRUE,TRUE,FALSE,TRUE,TRUE
2850,Q229480,NA,752978,11,mdp.39015013122042,Q229480,ic,0394717562,2850,FALSE,FALSE,FALSE,FALSE,TRUE,FALSE,FALSE
2852,NA,NA,NA,1,uc1.b4086401,NA,ic,NA,224,TRUE,TRUE,FALSE,TRUE,FALSE,TRUE,TRUE
2856,Q7273646,NA,347900462,1,uc1.$b63865,Q7273646,ic,NA,2856,FALSE,FALSE,TRUE,FALSE,FALSE,FALSE,FALSE
2859,Q4353602,052524252X,3396429,3,mdp.39015049630422,Q4353602,ic,052524252X,2859,FALSE,FALSE,TRUE,FALSE,FALSE,FALSE,FALSE
286,Q1273517,038548657X,3769559392,8,mdp.39015043826000,Q1273517,ic,038548657X,286,FALSE,FALSE,TRUE,FALSE,FALSE,FALSE,FALSE
2863,NA,NA,NA,3,uc1.b4086401,NA,ic,NA,224,TRUE,TRUE,TRUE,TRUE,FALSE,TRUE,TRUE
2866,Q273730,NA,403867,15,mdp.39015005532729,Q273730,ic,NA,2866,FALSE,FALSE,TRUE,FALSE,FALSE,FALSE,FALSE
2869,Q3334185,0060165731,980080,11,inu.30000104214337,Q3334185,ic,0060166657,2869,FALSE,FALSE,FALSE,FALSE,FALSE,FALSE,FALSE
287,NA,NA,NA,15,uc1.b4086401,NA,ic,NA,224,TRUE,TRUE,TRUE,TRUE,FALSE,TRUE,TRUE
2875,Q5762868,NA,1543189,7,uc1.$b56702,Q5762868,pd|ic,NA,2875,FALSE,FALSE,FALSE,FALSE,FALSE,FALSE,FALSE
2876,Q919835,NA,2463190,3,mdp.39015048881158,Q919835,ic,NA,2876,FALSE,FALSE,FALSE,FALSE,TRUE,FALSE,FALSE
2879,Q6659658,NA,101543941,3,wu.89099908030,Q6659658,ic,NA,2879,FALSE,FALSE,TRUE,FALSE,FALSE,FALSE,FALSE
2882,NA,NA,NA,1,uc1.b4086401,NA,ic,NA,224,TRUE,TRUE,TRUE,TRUE,FALSE,TRUE,TRUE
2885,Q46248,9780061161643,102898450,2,mdp.39015066900765,Q46248,ic,0061161640,2885,FALSE,FALSE,TRUE,FALSE,FALSE,FALSE,FALSE
2886,NA,NA,NA,1,uc1.b4086401,NA,ic,NA,224,TRUE,TRUE,TRUE,TRUE,FALSE,TRUE,TRUE
2887,Q72653,0385315201,418670,12,mdp.39015037485128,Q72653,ic,0385306040,2887,FALSE,FALSE,TRUE,FALSE,FALSE,FALSE,FALSE
289,Q38392,NA,407010,1,mdp.49015000582149,Q38392,ic,0394414004,289,FALSE,FALSE,FALSE,FALSE,TRUE,FALSE,FALSE
2890,Q505274,0060179368,14853693,1,mdp.39015022055332,Q505274,ic,0712649638,2890,FALSE,FALSE,TRUE,FALSE,TRUE,FALSE,FALSE
2891,NA,NA,NA,1,uc1.b4086401,NA,ic,NA,224,TRUE,TRUE,TRUE,TRUE,FALSE,TRUE,TRUE
2892,Q315343,0060140313,374392694,5,mdp.39015046363456,Q315343,ic,0060140313,2892,FALSE,FALSE,TRUE,FALSE,FALSE,FALSE,FALSE
2898,Q4309918,NA,4916928971,12,uc1.b3710917,Q4309918,ic,NA,2898,FALSE,FALSE,TRUE,FALSE,FALSE,FALSE,FALSE
2902,NA,NA,NA,2,uc1.b4086401,NA,ic,NA,224,TRUE,FALSE,TRUE,TRUE,FALSE,TRUE,TRUE
2904,Q93444,NA,2441950,1,mdp.39015007047510,Q93444,ic,NA,2904,FALSE,FALSE,FALSE,FALSE,TRUE,FALSE,FALSE
2905,Q49072,NA,1065634,37,uc1.32106002157912,Q49072,ic,NA,2905,FALSE,FALSE,FALSE,FALSE,FALSE,FALSE,FALSE
2908,NA,NA,1780957,12,mdp.39015000578859,NA,ic,NA,2908,FALSE,FALSE,FALSE,FALSE,FALSE,FALSE,FALSE
2909,Q273677,1416505458,35972,1,mdp.39015060879098,Q273677,ic,1416505458,2909,FALSE,FALSE,TRUE,FALSE,FALSE,FALSE,FALSE
2910,Q1837775,9780312341817,134062448,2,mdp.39015080834511,Q1837775,ic,1847372597,2910,FALSE,FALSE,TRUE,FALSE,TRUE,FALSE,FALSE
2911,Q105756,039440856X,1908962806,6,pst.000044928582,Q105756,ic,0449912159,2911,FALSE,FALSE,TRUE,FALSE,TRUE,FALSE,FALSE
2912,Q380439,NA,4594164,30,mdp.39015000615958,Q380439,und,NA,2912,FALSE,FALSE,TRUE,FALSE,FALSE,FALSE,FALSE
2914,Q1337504,NA,1426845,8,mdp.39015030727955,Q1337504,ic,NA,2914,FALSE,FALSE,FALSE,FALSE,FALSE,FALSE,FALSE
2916,Q893138,NA,1410885,9,uc1.$b245130,Q893138,ic,NA,2916,FALSE,FALSE,FALSE,FALSE,FALSE,FALSE,FALSE
2919,NA,NA,NA,8,uc1.b4086401,NA,ic,NA,224,TRUE,TRUE,TRUE,TRUE,FALSE,TRUE,TRUE
2923,Q5623772,NA,2294211,2,mdp.39015016434956,Q5623772,und,NA,2923,FALSE,FALSE,TRUE,FALSE,FALSE,FALSE,FALSE
2924,Q4861348,0884962865,3192492,21,mdp.39015038915115,Q4861348,ic,NA,2924,FALSE,FALSE,FALSE,FALSE,FALSE,FALSE,FALSE
2928,Q189119,0393086577,196071797,2,mdp.39015014367612,Q189119,ic,0393086577,2928,FALSE,FALSE,TRUE,FALSE,FALSE,FALSE,FALSE
2931,Q336519,0385301421,535471,8,pst.000044142797,Q336519,ic,0385323964,2931,FALSE,FALSE,TRUE,FALSE,TRUE,FALSE,FALSE
2932,Q6948422,NA,3260163,2,uc1.$b86165,Q6948422,ic,NA,2932,FALSE,FALSE,FALSE,FALSE,FALSE,FALSE,FALSE
2933,Q379895,0553802135,57740663,2,mdp.39015051307810,Q379895,ic,0553802135,2933,FALSE,FALSE,TRUE,FALSE,FALSE,FALSE,FALSE
2938,NA,0399144900,11509932246,4,mdp.39015048933538,Q9368795,ic,0399144900,2938,FALSE,FALSE,FALSE,FALSE,FALSE,FALSE,FALSE
2939,Q1397305,0399142487,694863196,5,mdp.39015041027353,Q1397305,ic,0399142487,2939,FALSE,FALSE,TRUE,FALSE,FALSE,FALSE,FALSE
2940,Q1397305,0399141359,3373620285,6,mdp.39015037353193,Q1397305,ic,0399141359,2940,FALSE,FALSE,TRUE,FALSE,FALSE,FALSE,FALSE
2943,NA,NA,NA,1,uc1.b4086401,NA,ic,NA,224,TRUE,TRUE,TRUE,TRUE,FALSE,TRUE,TRUE
2946,NA,NA,NA,4,uc1.b4086401,NA,ic,NA,224,TRUE,TRUE,TRUE,TRUE,FALSE,TRUE,TRUE
2948,Q445429,NA,57066423,17,uc1.$b87075,Q445429,ic,NA,2948,FALSE,FALSE,TRUE,FALSE,FALSE,FALSE,FALSE
2949,Q1190579,NA,1464655,23,uc1.b3710897,Q1190579,ic|und,NA,2949,FALSE,FALSE,TRUE,FALSE,FALSE,FALSE,FALSE
2950,Q184785,0679441018,614065,15,mdp.39015034418791,Q184785,ic,0679441018,2950,FALSE,FALSE,TRUE,FALSE,FALSE,FALSE,FALSE
2951,NA,NA,NA,1,uc1.b4086401,NA,ic,NA,224,TRUE,TRUE,TRUE,TRUE,FALSE,TRUE,TRUE
2952,Q432728,0375400117,533176,62,mdp.39015046375104,Q432728,ic,0375400117,2952,FALSE,FALSE,TRUE,FALSE,FALSE,FALSE,FALSE
2953,Q704931,NA,451410,15,mdp.39015002376443,Q704931,ic,087923315X,2953,FALSE,FALSE,TRUE,FALSE,TRUE,FALSE,FALSE
2954,Q1356200,0743453972,373386,8,mdp.39015061148402,Q1356200,ic,0743489179,2954,FALSE,FALSE,TRUE,FALSE,FALSE,FALSE,FALSE
296,Q352059,0399139710,2517149928,7,mdp.39015058018220,Q352059,ic,0399139710,296,FALSE,FALSE,TRUE,FALSE,FALSE,FALSE,FALSE
2960,NA,NA,NA,5,uc1.b4086401,NA,ic,NA,224,TRUE,TRUE,TRUE,TRUE,FALSE,TRUE,TRUE
2961,Q433994,0394524039,3887873,3,pst.000019312149,Q433994,ic,0345329252,2961,FALSE,FALSE,TRUE,FALSE,TRUE,FALSE,FALSE
2962,Q1238811,NA,49056562,1,mdp.39015066288138,Q1238811,ic,NA,2962,FALSE,FALSE,FALSE,FALSE,FALSE,FALSE,FALSE
2963,Q107002,NA,196528145,12,inu.30000007133626,Q107002,ic,NA,2963,FALSE,FALSE,FALSE,FALSE,TRUE,FALSE,FALSE
2965,NA,NA,NA,1,uc1.b4086401,NA,ic,NA,224,TRUE,TRUE,TRUE,TRUE,FALSE,TRUE,TRUE
2968,Q290686,0671034014,787960,5,mdp.39015053114891,Q290686,ic,0671034014,2968,FALSE,FALSE,TRUE,FALSE,FALSE,FALSE,FALSE
2969,Q184785,0679454489,196605084,10,mdp.39015050290710,Q184785,ic,0679454489,2969,FALSE,FALSE,TRUE,FALSE,FALSE,FALSE,FALSE
297,Q72653,0385306024,4919458657,16,pst.000058051221,Q72653,ic,0385312156,297,FALSE,FALSE,TRUE,FALSE,FALSE,FALSE,FALSE
2980,Q505274,0394535251,3761219,8,uc1.32106007059766,Q505274,ic,0091586100,2980,FALSE,FALSE,TRUE,FALSE,TRUE,FALSE,FALSE
2981,NA,NA,NA,1,uc1.b4086401,NA,ic,NA,224,TRUE,TRUE,FALSE,TRUE,FALSE,TRUE,TRUE
2983,NA,NA,NA,4,uc1.b4086401,NA,ic,NA,224,TRUE,TRUE,TRUE,TRUE,FALSE,TRUE,TRUE
2985,Q936028,0786865636,4760273679,1,mdp.39015050130874,Q936028,ic,0786865636,2985,FALSE,FALSE,TRUE,FALSE,FALSE,FALSE,FALSE
2986,Q1065901,0689119682,339664,5,mdp.39015066086482,Q1065901,ic,0689119682,2986,FALSE,FALSE,TRUE,FALSE,FALSE,FALSE,FALSE
299,Q229840,0684195488,933122,4,mdp.39015037761098,Q229840,ic,0684195488,299,FALSE,FALSE,TRUE,FALSE,FALSE,FALSE,FALSE
2991,Q231356,0399148248,765525,5,mdp.39015050168007,Q231356,ic,0399148248,2991,FALSE,FALSE,TRUE,FALSE,FALSE,FALSE,FALSE
2999,NA,0553241605,47892583,33,pst.000061006225,NA,ic,9780553241600,2999,FALSE,FALSE,TRUE,FALSE,TRUE,FALSE,FALSE
3003,Q1701679,0399140093,1083984634,7,mdp.39015034271885,Q1701679,ic,0399140093,3003,FALSE,FALSE,TRUE,FALSE,FALSE,FALSE,FALSE
3006,Q6135294,NA,1316802,4,mdp.39015014860004,Q6135294,ic,NA,3006,FALSE,FALSE,TRUE,FALSE,FALSE,FALSE,FALSE
3008,Q72653,0385336330,86953,7,mdp.39015061423110,Q72653,ic,0385336330,3008,FALSE,FALSE,TRUE,FALSE,FALSE,FALSE,FALSE
3009,NA,NA,NA,2,uc1.b4086401,NA,ic,NA,224,TRUE,FALSE,TRUE,TRUE,FALSE,TRUE,TRUE
3010,NA,NA,NA,1,uc1.b4086401,NA,ic,NA,224,TRUE,TRUE,TRUE,TRUE,FALSE,TRUE,TRUE
3011,NA,NA,NA,4,uc1.b4086401,NA,ic,NA,224,TRUE,TRUE,FALSE,TRUE,FALSE,TRUE,TRUE
3012,Q2386817,055310523X,561741,5,mdp.39015040138821,Q2386817,ic,055310523X,3012,FALSE,FALSE,TRUE,FALSE,FALSE,FALSE,FALSE
3013,NA,NA,NA,3,uc1.b4086401,NA,ic,NA,224,TRUE,TRUE,TRUE,TRUE,FALSE,TRUE,TRUE
3014,Q72653,0385315090,2640292,8,mdp.39015045628396,Q72653,ic,0385315090,3014,FALSE,FALSE,TRUE,FALSE,FALSE,FALSE,FALSE
3015,Q438345,055309355X,3772393717,2,mdp.39015037791715,Q438345,ic,055309355X,3015,FALSE,FALSE,TRUE,FALSE,FALSE,FALSE,FALSE
3017,Q4896373,NA,544713,1,inu.39000001148423,Q4896373,und,0803259093,3017,FALSE,FALSE,FALSE,FALSE,TRUE,FALSE,FALSE
3019,Q460366,9781613161388,548768,3,mdp.39015014614336,Q460366,ic,NA,3019,FALSE,FALSE,FALSE,FALSE,TRUE,FALSE,FALSE
302,Q23434,0684153130,419735,21,mdp.39015077653965,Q23434,ic,9780684844640,302,FALSE,FALSE,TRUE,FALSE,TRUE,FALSE,FALSE
3020,Q3292072,0525948597,287021386,2,mdp.39015060593368,Q3292072,ic,0525948597,3020,FALSE,FALSE,TRUE,FALSE,FALSE,FALSE,FALSE
3022,NA,NA,NA,2,uc1.b4086401,NA,ic,NA,224,TRUE,TRUE,TRUE,TRUE,FALSE,TRUE,TRUE
3027,Q3990638,NA,467356,28,mdp.39015008154901,Q3990638,und,NA,3027,FALSE,FALSE,TRUE,FALSE,FALSE,FALSE,FALSE
3029,Q298229,9780345443588,198816694,1,mdp.39015069131269,Q298229,ic,0345443586,3029,FALSE,FALSE,TRUE,FALSE,FALSE,FALSE,FALSE
303,Q19629059,NA,1634621,16,uc1.$b105634,Q19629059,ic,NA,303,FALSE,FALSE,TRUE,FALSE,FALSE,FALSE,FALSE
3030,NA,NA,NA,2,uc1.b4086401,NA,ic,NA,224,TRUE,TRUE,TRUE,TRUE,FALSE,TRUE,TRUE
3035,Q269129,0385187920,50849378,11,mdp.39015014519006,Q269129,ic,0385187920,3035,FALSE,FALSE,TRUE,FALSE,FALSE,FALSE,FALSE
3036,Q1165510,NA,190166335,9,mdp.39015002742578,Q1165510,ic,NA,3036,FALSE,FALSE,FALSE,FALSE,FALSE,FALSE,FALSE
3037,Q72653,0385299109,1881996991,14,mdp.49015002827708,Q72653,ic,0385299109,3037,FALSE,FALSE,TRUE,FALSE,TRUE,FALSE,FALSE
304,Q369526,NA,1787894,1,mdp.39015020001544,Q369526,ic,NA,304,FALSE,FALSE,FALSE,FALSE,FALSE,FALSE,FALSE
3042,Q298221,0743233476,806456,4,mdp.39015059130289,Q298221,ic,0743233476,3042,FALSE,FALSE,TRUE,FALSE,FALSE,FALSE,FALSE
3043,Q1347301,0743452712,1388822,5,pst.000021427671,Q1347301,ic,0449210014,3043,FALSE,FALSE,TRUE,FALSE,TRUE,FALSE,FALSE
3045,NA,NA,NA,12,uc1.b4086401,NA,ic,NA,224,TRUE,TRUE,TRUE,TRUE,FALSE,TRUE,TRUE
3046,Q128560,0671458183,47382087,1,mdp.39015000000284,Q128560,ic,0370309235,3046,FALSE,FALSE,TRUE,FALSE,TRUE,FALSE,FALSE
3047,Q1349245,067945960X,44685,8,mdp.39015047536506,Q1349245,ic,067945960X,3047,FALSE,FALSE,TRUE,FALSE,FALSE,FALSE,FALSE
3048,Q231356,0399141227,10553667,6,mdp.39015037467506,Q231356,ic,0399141227,3048,FALSE,FALSE,TRUE,FALSE,FALSE,FALSE,FALSE
305,Q1356200,9780743270373,9657515848,5,mdp.39015066740922,Q1356200,ic,0743270371,305,FALSE,FALSE,TRUE,FALSE,FALSE,FALSE,FALSE
3053,Q1676368,9781775417491,1864140,2,mdp.39015014437332,Q1676368,icus,NA,3053,FALSE,FALSE,TRUE,FALSE,TRUE,FALSE,FALSE
3056,Q231736,0684810387,1183153453,17,mdp.39015037434886,Q231736,ic,0684810387,3056,FALSE,FALSE,TRUE,FALSE,FALSE,FALSE,FALSE
3059,Q83059,0688069355,10016539,13,mdp.39015012175975,Q83059,ic,0688069355,3059,FALSE,FALSE,TRUE,FALSE,TRUE,FALSE,FALSE
3063,Q43227,NA,1423704,13,mdp.39015011327569,Q43227,ic,NA,3063,FALSE,FALSE,TRUE,FALSE,FALSE,FALSE,FALSE
3067,Q652225,0316130095,32801325,6,uc1.b4950689,Q652225,ic,9780316130097,3067,FALSE,FALSE,TRUE,FALSE,FALSE,FALSE,FALSE
3069,Q712596,9780399155017,117306587,6,mdp.39015077651142,Q712596,ic,9780399155017,3069,FALSE,FALSE,TRUE,FALSE,FALSE,FALSE,FALSE
3070,Q5995099,0394539516,4080714,6,mdp.49015002821123,Q5995099,ic,0816139350,3070,FALSE,FALSE,TRUE,FALSE,TRUE,FALSE,FALSE
3071,Q380439,NA,1413601,26,uc1.$b662372,Q380439,ic,NA,3071,FALSE,FALSE,TRUE,FALSE,FALSE,FALSE,FALSE
3072,Q356639,0434699101,1878713,8,mdp.39015004814367,Q356639,ic,NA,3072,FALSE,FALSE,FALSE,FALSE,TRUE,FALSE,FALSE
3075,Q42,0517577402,48505385,12,mdp.39015032734942,Q42,ic,0517577402,3075,FALSE,FALSE,TRUE,FALSE,FALSE,FALSE,FALSE
3076,Q6812469,0786864850,285886350,13,mdp.39015043006108,Q6812469,ic,0786864850,3076,FALSE,FALSE,TRUE,FALSE,FALSE,FALSE,FALSE
308,Q1364205,NA,4799332,11,uc1.$b56291,Q1364205,ic,NA,308,FALSE,FALSE,FALSE,FALSE,FALSE,FALSE,FALSE
3082,Q231736,0743229878,742475,5,mdp.39015055177219,Q231736,ic,0743229878,3082,FALSE,FALSE,TRUE,FALSE,FALSE,FALSE,FALSE
3084,NA,NA,NA,1,uc1.b4086401,NA,ic,NA,224,TRUE,TRUE,TRUE,TRUE,FALSE,TRUE,TRUE
3088,Q219784,9780140153200,2487680741,4,mdp.39015055119344,Q219784,ic,0525470824,3088,FALSE,FALSE,TRUE,FALSE,TRUE,FALSE,FALSE
3089,Q4357166,0385332777,55416,1,mdp.39015050244998,Q4357166,ic,0385332777,3089,FALSE,FALSE,TRUE,FALSE,FALSE,FALSE,FALSE
309,Q315343,0553070347,374392916,6,inu.30000029415860,Q315343,ic,0553070347,309,FALSE,FALSE,TRUE,FALSE,FALSE,FALSE,FALSE
3091,NA,NA,NA,1,uc1.b4086401,NA,ic,NA,224,TRUE,TRUE,TRUE,TRUE,FALSE,TRUE,TRUE
3093,Q3897539,NA,423312756,36,uc1.b3687703,Q3897539,ic,NA,3093,FALSE,FALSE,TRUE,FALSE,FALSE,FALSE,FALSE
3094,Q6077764,NA,2622485,1,uc1.$b105014,Q6077764,pd|und,NA,3094,FALSE,FALSE,FALSE,FALSE,TRUE,FALSE,FALSE
3096,Q5386740,NA,57894816,8,pst.000017679671,Q5386740,ic,0897332458,3096,FALSE,FALSE,TRUE,FALSE,TRUE,FALSE,FALSE
3097,Q5762868,NA,347030981,2,uc1.$b101845,Q5762868,ic,NA,3097,FALSE,FALSE,FALSE,FALSE,FALSE,FALSE,FALSE
3098,Q1293793,NA,1862596310,17,mdp.39015031305983,Q1293793,ic,NA,3098,FALSE,FALSE,FALSE,FALSE,FALSE,FALSE,FALSE
310,Q6303574,0517703246,3982384822,5,mdp.39015041025852,Q6303574,ic,0517703246,310,FALSE,FALSE,TRUE,FALSE,FALSE,FALSE,FALSE
3103,Q35064,0553350617,3900992384,2,mdp.39015000682040,Q35064,ic,NA,3103,FALSE,FALSE,FALSE,FALSE,TRUE,FALSE,FALSE
3104,Q446121,0671034065,743722,6,mdp.39015050149379,Q446121,ic,0671034065,3104,FALSE,FALSE,TRUE,FALSE,FALSE,FALSE,FALSE
3106,Q83059,0670333190,515949,14,mdp.39015015181491,Q83059,ic,0670333190,3106,FALSE,FALSE,TRUE,FALSE,FALSE,FALSE,FALSE
3107,Q500042,NA,1424909,12,uc1.$b86142,Q500042,ic,NA,3107,FALSE,FALSE,TRUE,FALSE,FALSE,FALSE,FALSE
3108,Q592511,NA,58163559,1,mdp.39015030709896,Q592511,ic,NA,3108,FALSE,FALSE,TRUE,FALSE,FALSE,FALSE,FALSE
3110,Q709751,9780739480403,3901330354,14,uc1.$b244232,Q709751,ic,NA,3110,FALSE,FALSE,TRUE,FALSE,FALSE,FALSE,FALSE
3111,Q709751,9780739480397,52236471,37,mdp.39015024078910,Q709751,ic,NA,3111,FALSE,FALSE,TRUE,FALSE,FALSE,FALSE,FALSE
3112,Q2693491,NA,950063,13,mdp.39015020629922,Q2693491,ic,NA,3112,FALSE,FALSE,TRUE,FALSE,TRUE,FALSE,FALSE
3114,Q269982,068812707X,688595,1,mdp.39015032846308,Q269982,ic,1856193306,3114,FALSE,FALSE,TRUE,FALSE,TRUE,FALSE,FALSE
312,NA,NA,NA,4,uc1.b4086401,NA,ic,NA,224,TRUE,TRUE,TRUE,TRUE,FALSE,TRUE,TRUE
3120,Q6149999,NA,4918683532,29,mdp.39015028547191,Q6149999,und,NA,3120,FALSE,FALSE,FALSE,FALSE,FALSE,FALSE,FALSE
3122,Q500042,NA,544808,14,mdp.39015030851136,Q500042,ic,NA,3122,FALSE,FALSE,FALSE,FALSE,FALSE,FALSE,FALSE
3123,NA,NA,NA,12,uc1.b4086401,NA,ic,NA,224,TRUE,TRUE,TRUE,TRUE,FALSE,TRUE,TRUE
3127,NA,NA,NA,6,uc1.b4086401,NA,ic,NA,224,TRUE,TRUE,TRUE,TRUE,FALSE,TRUE,TRUE
3128,Q35064,0553030000,2829722136,3,mdp.39015008016746,Q35064,ic,NA,3128,FALSE,FALSE,FALSE,FALSE,TRUE,FALSE,FALSE
3130,Q290686,0345453824,683650,4,mdp.39015060098202,Q290686,ic,0345453824,3130,FALSE,FALSE,TRUE,FALSE,FALSE,FALSE,FALSE
3132,Q268254,0060171928,650782,31,mdp.39015032612809,Q268254,ic,0060171928,3132,FALSE,FALSE,TRUE,FALSE,FALSE,FALSE,FALSE
3134,NA,NA,NA,2,uc1.b4086401,NA,ic,NA,224,FALSE,TRUE,TRUE,TRUE,FALSE,TRUE,TRUE
3137,Q2908658,NA,57521586,20,uc1.$b349500,Q2908658,ic,NA,3137,FALSE,FALSE,FALSE,FALSE,FALSE,FALSE,FALSE
3140,Q467428,1573221775,2262178,4,mdp.39015049663548,Q467428,ic,1573221775,3140,FALSE,FALSE,TRUE,FALSE,FALSE,FALSE,FALSE
3141,Q273077,NA,275720,1,uc1.b4087563,Q273077,ic,NA,3141,FALSE,FALSE,FALSE,FALSE,FALSE,FALSE,FALSE
3142,Q231736,0684832291,2908666534,11,mdp.39015038531136,Q231736,ic,0684832291,3142,FALSE,FALSE,TRUE,FALSE,FALSE,FALSE,FALSE
3144,Q560735,0394461371,462080,26,uc1.32106006269002,Q560735,ic,0394461371,3144,FALSE,FALSE,TRUE,FALSE,FALSE,FALSE,FALSE
3147,Q510320,0399134247,18113292,2,mdp.39015014538469,Q510320,ic,0399134247,3147,FALSE,FALSE,TRUE,FALSE,FALSE,FALSE,FALSE
3150,Q1631915,NA,4919425958,31,uc1.$b105642,Q1631915,ic,NA,3150,FALSE,FALSE,FALSE,FALSE,FALSE,FALSE,FALSE
3153,NA,NA,NA,2,uc1.b4086401,NA,ic,NA,224,TRUE,TRUE,TRUE,TRUE,FALSE,TRUE,TRUE
3159,Q438345,0553096982,9512784,2,mdp.39015034389109,Q438345,ic,0553096982,3159,FALSE,FALSE,TRUE,FALSE,FALSE,FALSE,FALSE
3161,Q115322855,0214651452,792969,13,mdp.39015019641342,Q115322855,ic,NA,3161,FALSE,FALSE,TRUE,FALSE,FALSE,FALSE,FALSE
3165,Q1701679,0399150439,918844632,7,mdp.39015056802047,Q1701679,ic,0399150439,3165,FALSE,FALSE,TRUE,FALSE,FALSE,FALSE,FALSE
3168,Q447630,9780688314224,688743,13,uc1.b4097966,Q447630,ic,NA,3168,FALSE,FALSE,FALSE,FALSE,TRUE,FALSE,FALSE
317,Q191023,081120202X,470471,2,uc1.32106006985227,Q191023,ic,0370309286,317,FALSE,FALSE,FALSE,FALSE,TRUE,FALSE,FALSE
3170,Q5346446,NA,1864281,6,mdp.39015003940585,Q5346446,ic,NA,3170,FALSE,FALSE,FALSE,FALSE,FALSE,FALSE,FALSE
3173,Q726177,9780307262998,50868752,7,mdp.39015066844823,Q726177,ic,9780307262998,3173,FALSE,FALSE,TRUE,FALSE,FALSE,FALSE,FALSE
3174,Q5386815,0525947760,712255,1,mdp.39015058106801,Q5386815,ic,0525947760,3174,FALSE,FALSE,TRUE,FALSE,FALSE,FALSE,FALSE
3177,Q542118,9780451531728,197813170,1,inu.30000011493958,Q542118,ic,0451134605,3177,FALSE,FALSE,FALSE,FALSE,TRUE,FALSE,FALSE
318,Q337103,NA,69733015,7,uc1.b4385869,Q337103,ic,NA,318,FALSE,FALSE,TRUE,FALSE,FALSE,FALSE,FALSE
3180,Q454595,NA,114350541,3,mdp.39015002141011,Q454595,ic,NA,3180,FALSE,FALSE,TRUE,FALSE,FALSE,FALSE,FALSE
3186,Q460075,NA,2212484,1,mdp.39015058558746,Q460075,pd,NA,3186,FALSE,FALSE,FALSE,FALSE,FALSE,FALSE,FALSE
3189,NA,NA,NA,7,uc1.b4086401,NA,ic,NA,224,TRUE,TRUE,TRUE,TRUE,FALSE,TRUE,TRUE
319,Q733850,038505419X,453726,102,pst.000023243460,Q733850,ic,1568490607,319,FALSE,FALSE,TRUE,FALSE,TRUE,FALSE,FALSE
3190,Q19666662,NA,6971257,1,uc1.b3346617,Q19666662,ic,NA,3190,FALSE,FALSE,FALSE,FALSE,FALSE,FALSE,FALSE
3192,Q445429,NA,32420910,29,uc1.b3481743,Q445429,ic,NA,3192,FALSE,FALSE,FALSE,FALSE,FALSE,FALSE,FALSE
3194,Q1522742,9780375413629,3855466232,1,uc1.32106018760832,Q1522742,ic,0375712917,3194,FALSE,FALSE,TRUE,FALSE,FALSE,FALSE,FALSE
3195,Q268262,NA,1494239,1,mdp.39015010321068,Q268262,pd,NA,3195,FALSE,FALSE,TRUE,FALSE,FALSE,FALSE,FALSE
3196,Q4973520,0002215624,470210,7,pst.000027234310,Q4973520,ic,NA,3196,FALSE,FALSE,TRUE,FALSE,TRUE,FALSE,FALSE
3197,Q17496550,NA,198878599,7,uc1.$b103882,Q17496550,ic,NA,3197,FALSE,FALSE,TRUE,FALSE,FALSE,FALSE,FALSE
320,Q438345,0553100769,562164,5,mdp.39015041007066,Q438345,ic,0553100769,320,FALSE,FALSE,TRUE,FALSE,FALSE,FALSE,FALSE
3200,Q528702,NA,4350796,13,mdp.39015016445978,Q528702,ic,NA,3200,FALSE,FALSE,TRUE,FALSE,FALSE,FALSE,FALSE
3205,Q1381985,0394488830,292336907,10,mdp.39015003681270,Q1381985,ic,0394488830,3205,FALSE,FALSE,TRUE,FALSE,FALSE,FALSE,FALSE
3207,Q1995154,NA,198859721,5,mdp.39015030701141,Q1995154,ic,NA,3207,FALSE,FALSE,TRUE,FALSE,TRUE,FALSE,FALSE
3211,Q7422323,NA,1363704,16,mdp.39015003682369,Q7422323,ic,NA,3211,FALSE,FALSE,TRUE,FALSE,TRUE,FALSE,FALSE
3213,Q500042,NA,1885998,13,mdp.39015030851110,Q500042,ic,NA,3213,FALSE,FALSE,FALSE,FALSE,FALSE,FALSE,FALSE
3216,Q457450,NA,402385,18,mdp.39015046443225,Q457450,ic,NA,3216,FALSE,FALSE,TRUE,FALSE,FALSE,FALSE,FALSE
3221,Q550819,0399143041,374393072,4,mdp.39015040577085,Q550819,ic,0399143041,3221,FALSE,FALSE,TRUE,FALSE,FALSE,FALSE,FALSE
3227,Q310176,0609601288,565761,2,mdp.49015003479079,Q310176,ic,0609601288,3227,FALSE,FALSE,TRUE,FALSE,FALSE,FALSE,FALSE
3230,Q2664596,0671000853,839607,2,mdp.39015046885474,Q2664596,ic,0671000853,3230,FALSE,FALSE,TRUE,FALSE,FALSE,FALSE,FALSE
3231,Q333713,0385005466,62191816,2,uc1.b4091285,Q333713,ic,NA,3231,FALSE,FALSE,TRUE,FALSE,FALSE,FALSE,FALSE
3232,NA,NA,NA,3,uc1.b4086401,NA,ic,NA,224,TRUE,TRUE,TRUE,TRUE,FALSE,TRUE,TRUE
3233,Q2426488,1400060044,47452513,1,mdp.39015063249224,Q2426488,ic,1400060044,3233,FALSE,FALSE,TRUE,FALSE,FALSE,FALSE,FALSE
3234,Q938844,9781590173480,1558852,2,pst.000002504810,Q938844,ic,NA,3234,FALSE,FALSE,TRUE,FALSE,TRUE,FALSE,FALSE
3235,NA,NA,NA,18,uc1.b4086401,NA,ic,NA,224,TRUE,TRUE,TRUE,TRUE,FALSE,TRUE,TRUE
3236,Q469250,NA,195978424,3,mdp.39015008522008,Q469250,ic,NA,3236,FALSE,FALSE,TRUE,FALSE,FALSE,FALSE,FALSE
3238,Q152690,052594754X,15096,4,mdp.39015060064469,Q152690,ic,052594754X,3238,FALSE,FALSE,TRUE,FALSE,FALSE,FALSE,FALSE
3239,Q231736,9780743206075,4617001580,8,mdp.39015061102854,Q231736,ic,074320607X,3239,FALSE,FALSE,TRUE,FALSE,FALSE,FALSE,FALSE
324,Q2880806,0385475489,2466444,2,mdp.39015034416266,Q2880806,ic,0385475489,324,FALSE,FALSE,TRUE,FALSE,FALSE,FALSE,FALSE
3245,Q79904,0316767727,375516174,15,mdp.39015002969874,Q79904,und,NA,3245,FALSE,FALSE,FALSE,FALSE,FALSE,FALSE,FALSE
3246,Q3335,9780451524935,1908975549,20,pst.000045994821,Q3335,ic,0140126716,3246,FALSE,FALSE,TRUE,FALSE,TRUE,FALSE,FALSE
3249,Q3434910,NA,1308802,6,uc1.$b101853,Q3434910,und,NA,3249,FALSE,FALSE,FALSE,FALSE,FALSE,FALSE,FALSE
3251,Q249197,0670514209,4921741625,4,uc1.32106005299406,Q249197,ic,0091478707,3251,FALSE,FALSE,TRUE,FALSE,TRUE,FALSE,FALSE
3252,Q272610,0375406778,42377,5,mdp.39015074066054,Q272610,ic,0375406778,3252,FALSE,FALSE,TRUE,FALSE,FALSE,FALSE,FALSE
3255,Q11928236,NA,4443502,9,uc1.$b103921,Q11928236,ic,NA,3255,FALSE,FALSE,TRUE,FALSE,FALSE,FALSE,FALSE
3257,Q288627,0345456521,1158418287,1,mdp.39015059965247,Q288627,ic,0345456521,3257,FALSE,FALSE,TRUE,FALSE,FALSE,FALSE,FALSE
3259,Q356639,NA,481179,2,mdp.39015013941904,Q356639,ic,NA,3259,FALSE,FALSE,TRUE,FALSE,TRUE,FALSE,FALSE
326,Q81447,9781566630184,3900995509,3,pst.000010188415,Q81447,ic,0060910631,326,FALSE,FALSE,FALSE,FALSE,TRUE,FALSE,FALSE
3260,Q443820,9780553805086,58685472,1,mdp.39015068793671,Q443820,ic,0553805088,3260,FALSE,FALSE,TRUE,FALSE,FALSE,FALSE,FALSE
3268,Q298651,0553802453,1030631,2,mdp.39015055831039,Q298651,ic,0553802453,3268,FALSE,FALSE,TRUE,FALSE,FALSE,FALSE,FALSE
3269,Q231736,0743264894,267491,6,mdp.39015060641787,Q231736,ic,0743264894,3269,FALSE,FALSE,TRUE,FALSE,FALSE,FALSE,FALSE
327,Q270707,NA,2134907,4,mdp.39015000539802,Q270707,ic,NA,327,FALSE,FALSE,FALSE,FALSE,FALSE,FALSE,FALSE
3270,Q1678883,0679450424,533812,5,mdp.39015046343011,Q1678883,ic,0679450424,3270,FALSE,FALSE,TRUE,FALSE,FALSE,FALSE,FALSE
3271,Q318099,0525947299,4919812357,5,mdp.39015056687513,Q318099,ic,0525947299,3271,FALSE,FALSE,TRUE,FALSE,FALSE,FALSE,FALSE
3272,NA,NA,1957576,2,mdp.39015063542040,NA,pd,NA,3272,FALSE,FALSE,FALSE,FALSE,FALSE,FALSE,FALSE
3273,NA,NA,NA,1,uc1.b4086401,NA,ic,NA,224,TRUE,TRUE,TRUE,TRUE,FALSE,TRUE,FALSE
3276,Q52156802,NA,9437911845,14,uc1.$b105953,Q52156802,und,NA,3276,FALSE,FALSE,TRUE,FALSE,FALSE,FALSE,FALSE
3277,NA,NA,NA,4,uc1.b4086401,NA,ic,NA,224,TRUE,TRUE,TRUE,TRUE,FALSE,TRUE,TRUE
3278,Q316802,0440064562,4820331506,47,pst.000019381688,Q316802,ic,NA,3278,FALSE,FALSE,TRUE,FALSE,TRUE,FALSE,FALSE
3282,Q561435,NA,399213,5,mdp.39015048444957,Q561435,ic,NA,3282,FALSE,FALSE,FALSE,FALSE,FALSE,FALSE,FALSE
3289,Q454595,NA,40785397,23,mdp.39015008587167,Q454595,ic,NA,3289,FALSE,FALSE,TRUE,FALSE,FALSE,FALSE,FALSE
3291,Q346729,NA,572675,53,mdp.39015007028577,Q346729,ic,NA,3291,FALSE,FALSE,FALSE,FALSE,TRUE,FALSE,FALSE
3293,Q1273517,0385498241,316461780,8,mdp.39015050150542,Q1273517,ic,0385498241,3293,FALSE,FALSE,TRUE,FALSE,FALSE,FALSE,FALSE
3294,Q6914955,NA,1471110,79,uc1.$b120096,Q6914955,ic,NA,3294,FALSE,FALSE,FALSE,FALSE,FALSE,FALSE,FALSE
3296,Q716579,NA,200546290,2,mdp.39015065980990,Q716579,ic,NA,3296,FALSE,FALSE,FALSE,FALSE,TRUE,FALSE,FALSE
3298,NA,NA,195239509,1,mdp.39015016446513,NA,ic,NA,3298,FALSE,FALSE,TRUE,FALSE,FALSE,FALSE,FALSE
3299,Q1285562,NA,1231444,7,mdp.39015014190386,Q1285562,ic|und,NA,3299,FALSE,FALSE,TRUE,FALSE,FALSE,FALSE,FALSE
3300,Q105118,0688084915,12532130,18,mdp.39015032715487,Q105118,ic,0688084915,3300,FALSE,FALSE,TRUE,FALSE,FALSE,FALSE,FALSE
3301,Q43227,NA,1437069,13,mdp.39015011336990,Q43227,ic,NA,3301,FALSE,FALSE,TRUE,FALSE,FALSE,FALSE,FALSE
3306,Q550819,0399154418,3768482882,3,mdp.39015074299283,Q550819,ic,9780399154416,3306,FALSE,FALSE,TRUE,FALSE,FALSE,FALSE,FALSE
3307,Q6288391,0671204890,1161522,7,uc1.$b243329,Q6288391,und,NA,3307,FALSE,FALSE,FALSE,FALSE,FALSE,FALSE,FALSE
3309,NA,NA,NA,9,uc1.b4086401,NA,ic,NA,224,TRUE,TRUE,TRUE,TRUE,FALSE,TRUE,TRUE
3310,Q446121,0671568825,743723,1,mdp.39015043779373,Q446121,ic,0671568825,3310,FALSE,FALSE,TRUE,FALSE,FALSE,FALSE,FALSE
3311,Q1612773,0385320175,2830224421,6,mdp.39015040361522,Q1612773,ic,0385320175,3311,FALSE,FALSE,TRUE,FALSE,FALSE,FALSE,FALSE
3315,NA,NA,NA,5,uc1.b4086401,NA,ic,NA,224,TRUE,TRUE,TRUE,TRUE,FALSE,TRUE,TRUE
3316,NA,NA,NA,6,uc1.b4086401,NA,ic,NA,224,TRUE,TRUE,TRUE,TRUE,FALSE,TRUE,TRUE
3317,NA,NA,NA,5,uc1.b4086401,NA,ic,NA,224,TRUE,TRUE,TRUE,TRUE,FALSE,TRUE,TRUE
3318,NA,NA,NA,5,uc1.b4086401,NA,ic,NA,224,TRUE,TRUE,TRUE,TRUE,FALSE,TRUE,TRUE
3320,NA,NA,NA,1,uc1.b4086401,NA,ic,NA,224,TRUE,TRUE,TRUE,TRUE,FALSE,TRUE,TRUE
3323,Q4767426,0394569652,546567,4,mdp.39015025159818,Q4767426,ic,0394569652,3323,FALSE,FALSE,TRUE,FALSE,FALSE,FALSE,FALSE
3324,Q229480,NA,464049,3,mdp.39015008265236,Q229480,ic,NA,3324,FALSE,FALSE,FALSE,FALSE,FALSE,FALSE,FALSE
3325,Q1349245,9780345452634,60909145,5,mdp.39015069312570,Q1349245,ic,0345452631,3325,FALSE,FALSE,TRUE,FALSE,FALSE,FALSE,FALSE
3326,Q6369994,9780399154164,65236302,1,mdp.39015068817025,Q6369994,ic,0399154167,3326,FALSE,FALSE,TRUE,FALSE,FALSE,FALSE,FALSE
3328,Q1381985,0394499123,3768371748,10,mdp.39015003681254,Q1381985,ic,0394499123,3328,FALSE,FALSE,TRUE,FALSE,FALSE,FALSE,FALSE
3332,Q272076,0553802496,687285,6,mdp.39015057659149,Q272076,ic,0553802496,3332,FALSE,FALSE,TRUE,FALSE,FALSE,FALSE,FALSE
3333,NA,NA,NA,3,uc1.b4086401,NA,ic,NA,224,TRUE,TRUE,TRUE,TRUE,FALSE,TRUE,TRUE
3335,Q2908658,NA,192478754,8,mdp.39015019181349,Q2908658,ic,NA,3335,FALSE,FALSE,FALSE,FALSE,TRUE,FALSE,FALSE
3337,Q39212,0670347914,4140851160,16,mdp.39015000516081,Q39212,ic,0070018082,5317,FALSE,TRUE,TRUE,TRUE,TRUE,TRUE,TRUE
3338,Q314256,0684147394,4813754540,25,mdp.39015048765096,Q314256,ic,0684867850,3338,FALSE,FALSE,FALSE,FALSE,TRUE,FALSE,FALSE
334,Q1792237,NA,20374067,7,mdp.39015014137171,Q1792237,ic,NA,334,FALSE,FALSE,FALSE,FALSE,FALSE,FALSE,FALSE
3341,Q379895,0553801600,57740391,1,mdp.39015042482979,Q379895,ic,0553801600,3341,FALSE,FALSE,TRUE,FALSE,FALSE,FALSE,FALSE
3344,Q1594680,NA,1449012,3,mdp.39015031236071,Q1594680,ic,NA,3344,FALSE,FALSE,FALSE,FALSE,TRUE,FALSE,FALSE
3345,NA,NA,NA,3,uc1.b4086401,NA,ic,NA,224,TRUE,TRUE,TRUE,TRUE,FALSE,TRUE,TRUE
3346,Q7308579,NA,712213,24,mdp.39015049732491,Q7308579,ic,NA,3346,FALSE,FALSE,TRUE,FALSE,TRUE,FALSE,FALSE
3347,Q75612,0374225818,52425694,4,uc1.b4929452,Q75612,ic,9780374225810,3347,FALSE,FALSE,TRUE,FALSE,FALSE,FALSE,FALSE
3348,Q1805285,0394545370,2640488,16,mdp.39015015491973,Q1805285,ic,0394545370,3348,FALSE,FALSE,TRUE,FALSE,FALSE,FALSE,FALSE
335,NA,NA,NA,7,uc1.b4086401,NA,ic,NA,224,TRUE,TRUE,TRUE,TRUE,FALSE,TRUE,TRUE
3350,Q346729,NA,453624,23,mdp.39015041912174,Q346729,ic,0385121490,3350,FALSE,FALSE,FALSE,FALSE,TRUE,FALSE,FALSE
3351,Q315343,9780380017607,374391889,31,mdp.39015008850250,Q315343,ic,NA,2816,FALSE,FALSE,TRUE,TRUE,TRUE,TRUE,TRUE
3354,Q182870,0375502548,38327087,8,uc1.32106015877050,Q182870,ic,0375502548,3354,FALSE,FALSE,TRUE,FALSE,FALSE,FALSE,FALSE
3356,Q190379,9780385522403,62574401,5,mdp.39015069333014,Q190379,ic,0224081187,3356,FALSE,FALSE,TRUE,FALSE,TRUE,FALSE,FALSE
3357,Q433708,0399139338,6405824,6,mdp.39015032300306,Q433708,ic,0399139338,3357,FALSE,FALSE,TRUE,FALSE,FALSE,FALSE,FALSE
3359,Q82104,9780142003251,2800160738,25,mdp.39076005056150,Q82104,ic,022460208x,3359,FALSE,FALSE,TRUE,FALSE,TRUE,FALSE,FALSE
3362,Q1258959,052594544X,196804721,1,mdp.39015042601107,Q1258959,ic,052594544X,3362,FALSE,FALSE,TRUE,FALSE,FALSE,FALSE,FALSE
3363,Q356639,9780899683652,435467,29,mdp.39015013019701,Q356639,und,NA,3363,FALSE,FALSE,TRUE,FALSE,FALSE,FALSE,FALSE
3365,NA,0670874787,50097,5,mdp.39015060794263,NA,ic,0670874787,3365,FALSE,FALSE,TRUE,FALSE,FALSE,FALSE,FALSE
3366,Q298651,0553803433,2255657,5,mdp.39015063677218,Q298651,ic,0553803433,3366,FALSE,FALSE,TRUE,FALSE,FALSE,FALSE,FALSE
3367,Q231736,0743206029,6284502,12,mdp.39015051278300,Q231736,ic,NA,3367,FALSE,FALSE,TRUE,FALSE,FALSE,FALSE,FALSE
3369,Q241903,0688001564,434621,36,mdp.39015046381375,Q241903,ic,0688001564,3369,FALSE,FALSE,TRUE,FALSE,FALSE,FALSE,FALSE
3370,Q15499484,0028604199,3863837492,14,mdp.39015034276017,Q15499484,ic,0028604199,3370,FALSE,FALSE,TRUE,FALSE,FALSE,FALSE,FALSE
3373,Q216134,NA,1813944,7,uc1.32106002145826,Q216134,ic,NA,3373,FALSE,FALSE,TRUE,FALSE,TRUE,FALSE,FALSE
3375,Q272076,0553801376,1068147,8,mdp.39015054152858,Q272076,ic,0553801376,3375,FALSE,FALSE,TRUE,FALSE,FALSE,FALSE,FALSE
3379,Q1286904,NA,1304713,4,mdp.39015059377237,Q1286904,pd,NA,3379,FALSE,FALSE,FALSE,FALSE,FALSE,FALSE,FALSE
338,Q35155,159420120X,58151334,1,uc1.32106018851599,Q35155,ic,9781594201202,338,FALSE,FALSE,TRUE,FALSE,FALSE,FALSE,FALSE
3381,Q378878,1401303277,53712330,1,mdp.39015066806558,Q378878,ic,9781401303273,1882,FALSE,TRUE,FALSE,TRUE,FALSE,TRUE,TRUE
3382,Q82248,NA,3900994601,8,uc1.b3834423,Q82248,ic,NA,3382,FALSE,FALSE,FALSE,FALSE,FALSE,FALSE,FALSE
3383,Q592511,NA,119423307,6,uc1.b3711205,Q592511,ic,NA,3383,FALSE,FALSE,FALSE,FALSE,TRUE,FALSE,FALSE
3387,Q6780050,NA,115903497,18,uc1.b4091189,Q6780050,ic,NA,3387,FALSE,FALSE,TRUE,FALSE,FALSE,FALSE,FALSE
3391,Q18154402,NA,149071276,3,uc1.$b102428,Q18154402,ic,NA,3391,FALSE,FALSE,FALSE,FALSE,FALSE,FALSE,FALSE
3395,Q4767426,067940712X,4921912007,4,mdp.39015032582622,Q4767426,ic,067940712X,3395,FALSE,FALSE,TRUE,FALSE,FALSE,FALSE,FALSE
3398,Q5596907,NA,1446219,5,uc1.$b101971,Q5596907,ic,NA,3398,FALSE,FALSE,FALSE,FALSE,FALSE,FALSE,FALSE
34,NA,NA,NA,8,uc1.b4086401,NA,ic,NA,224,TRUE,TRUE,TRUE,TRUE,FALSE,TRUE,TRUE
340,NA,NA,NA,5,uc1.b4086401,NA,ic,NA,224,TRUE,TRUE,TRUE,TRUE,FALSE,TRUE,TRUE
3403,Q675396,NA,14499668,16,uc1.b3727930,Q675396,pd|ic,NA,3403,FALSE,FALSE,TRUE,FALSE,FALSE,FALSE,FALSE
3404,Q3500849,0399147772,12392429162,2,mdp.39015053531284,Q3500849,ic,0399147772,3404,FALSE,FALSE,TRUE,FALSE,FALSE,FALSE,FALSE
3406,Q451136,9780374184216,878652,4,mdp.39015062627040,Q451136,ic,0374184216,3406,FALSE,FALSE,TRUE,FALSE,FALSE,FALSE,FALSE
3407,Q513262,0670528315,4926028635,19,mdp.39015000017767,Q513262,ic,0670528315,3407,FALSE,FALSE,TRUE,FALSE,FALSE,FALSE,FALSE
3408,Q128560,0142437913,2754355690,1,uc1.32106017509032,Q128560,ic,0142437913,3408,FALSE,FALSE,FALSE,FALSE,FALSE,FALSE,FALSE
341,Q454595,0151039674,104369688,21,mdp.39015001506586,Q454595,ic,0151039674,341,FALSE,FALSE,TRUE,FALSE,FALSE,FALSE,FALSE
3413,Q134180,039443949X,932678,9,mdp.39015060110916,Q134180,ic,0679643222,3413,FALSE,FALSE,TRUE,FALSE,TRUE,FALSE,FALSE
3418,Q184622,NA,19781669,1,mdp.39015066410096,Q184622,ic,NA,3418,FALSE,FALSE,TRUE,FALSE,FALSE,FALSE,FALSE
3419,Q128560,9780142438008,3943289080,5,mdp.39015002781741,Q128560,ic,0670003077,3419,FALSE,FALSE,TRUE,FALSE,TRUE,FALSE,FALSE
3420,NA,NA,1466590,5,mdp.39015014517091,NA,ic,NA,3420,FALSE,FALSE,TRUE,FALSE,FALSE,FALSE,FALSE
3422,Q4309918,NA,365916251,4,uc1.$b106174,Q4309918,ic,NA,3422,FALSE,FALSE,FALSE,FALSE,FALSE,FALSE,FALSE
3423,Q548345,0394439597,262602865,19,mdp.39015000551138,Q548345,ic,NA,3423,FALSE,FALSE,TRUE,FALSE,FALSE,FALSE,FALSE
3425,Q336519,0385308485,544489,3,mdp.39015038100866,Q336519,ic,0385308485,3425,FALSE,FALSE,TRUE,FALSE,FALSE,FALSE,FALSE
3427,Q6149232,067087485X,567197,8,mdp.39015041102404,Q6149232,ic,067087485X,3427,FALSE,FALSE,TRUE,FALSE,FALSE,FALSE,FALSE
3432,Q1633025,0395587816,2993289734,6,mdp.39015022244522,Q1633025,ic,0395553482,3432,FALSE,FALSE,TRUE,FALSE,FALSE,FALSE,FALSE
3434,Q2295279,0373771215,55144153,1,mdp.39015064884276,Q2295279,ic,0373771215,3434,FALSE,FALSE,TRUE,FALSE,FALSE,FALSE,FALSE
3435,NA,NA,NA,1,uc1.b4086401,NA,ic,NA,224,TRUE,TRUE,TRUE,TRUE,FALSE,TRUE,TRUE
3436,Q249544,0385021046,453313,19,mdp.39015005588903,Q249544,ic,0385021046,3436,FALSE,FALSE,TRUE,FALSE,FALSE,FALSE,FALSE
3437,Q4885219,NA,1844470,13,uc1.$b105983,Q4885219,ic,NA,3437,FALSE,FALSE,TRUE,FALSE,FALSE,FALSE,FALSE
3438,Q73506,0670853453,6042980,1,mdp.39015055119385,Q73506,ic,0436201356,3438,FALSE,FALSE,TRUE,FALSE,TRUE,FALSE,FALSE
3439,Q336519,0385333927,47648,4,mdp.39015050245821,Q336519,ic,0385333927,3439,FALSE,FALSE,TRUE,FALSE,FALSE,FALSE,FALSE
3446,Q4940683,0070079153,4487039,1,mdp.39015017667695,Q4940683,ic,0070079153,3446,FALSE,FALSE,TRUE,FALSE,FALSE,FALSE,FALSE
3447,Q184785,0375401598,4923667127,10,mdp.39015040355359,Q184785,ic,0375401598,3447,FALSE,FALSE,TRUE,FALSE,FALSE,FALSE,FALSE
3449,NA,NA,380411,8,mdp.39015059390131,NA,ic,NA,3449,FALSE,FALSE,FALSE,FALSE,FALSE,FALSE,FALSE
345,NA,NA,NA,1,uc1.b4086401,NA,ic,NA,224,TRUE,TRUE,TRUE,TRUE,FALSE,TRUE,TRUE
3451,Q454420,NA,1341831,11,mdp.39015003675504,Q454420,ic,NA,3451,FALSE,FALSE,FALSE,FALSE,FALSE,FALSE,FALSE
3452,Q2664596,0671601296,178211,13,mdp.49015002559293,Q2664596,ic,0671601296,3452,FALSE,FALSE,TRUE,FALSE,FALSE,FALSE,FALSE
3453,Q72334,0679433740,533327,18,mdp.39015066087613,Q72334,ic,0679433740,3453,FALSE,FALSE,FALSE,FALSE,FALSE,FALSE,FALSE
3454,NA,NA,NA,3,uc1.b4086401,NA,ic,NA,224,TRUE,TRUE,TRUE,TRUE,FALSE,TRUE,TRUE
3455,Q973713,0670800945,179426173,1,mdp.39015010481243,Q973713,ic,0670800945,3455,FALSE,FALSE,TRUE,FALSE,FALSE,FALSE,FALSE
3456,Q973713,0670800945,179426173,1,mdp.39015010481243,Q973713,ic,0670800945,3455,TRUE,TRUE,TRUE,TRUE,FALSE,FALSE,FALSE
346,Q1646,NA,48081291,1,mdp.39015066083893,Q1646,ic|und,NA,346,FALSE,FALSE,TRUE,FALSE,TRUE,FALSE,FALSE
3464,Q4082087,NA,1424030,12,mdp.39015030701877,Q4082087,ic,NA,3464,FALSE,FALSE,TRUE,FALSE,FALSE,FALSE,FALSE
3465,Q333713,0385182627,20931304,1,inu.39000001748784,Q333713,ic,0385182627,3465,FALSE,FALSE,TRUE,FALSE,FALSE,FALSE,FALSE
3466,NA,NA,NA,3,uc1.b4086401,NA,ic,NA,224,TRUE,TRUE,TRUE,TRUE,FALSE,TRUE,TRUE
3470,NA,NA,NA,7,uc1.b4086401,NA,ic,NA,224,TRUE,TRUE,TRUE,TRUE,FALSE,TRUE,TRUE
3471,Q81071,NA,1835440776,7,mdp.39015018629413,Q81071,ic,0877956510,3471,FALSE,FALSE,TRUE,FALSE,TRUE,FALSE,FALSE
3475,Q356639,NA,376865557,1,inu.39000000919105,Q356639,ic,0330102923,3475,FALSE,FALSE,FALSE,FALSE,TRUE,FALSE,FALSE
3476,Q704768,NA,352179109,14,uc1.$b236297,Q704768,ic,NA,3476,FALSE,FALSE,FALSE,FALSE,FALSE,FALSE,FALSE
3482,NA,NA,NA,1,uc1.b4086401,NA,ic,NA,224,TRUE,TRUE,TRUE,TRUE,FALSE,TRUE,TRUE
3483,Q80900,1559210249,4095675826,18,mdp.39015000641541,Q80900,ic,155921287X,3483,FALSE,FALSE,TRUE,FALSE,FALSE,FALSE,FALSE
3485,Q4762571,NA,44298454,3,mdp.39015005104651,Q4762571,ic,NA,3485,FALSE,FALSE,TRUE,FALSE,FALSE,FALSE,FALSE
3489,NA,NA,NA,2,uc1.b4086401,NA,ic,NA,224,TRUE,FALSE,TRUE,TRUE,FALSE,TRUE,TRUE
349,Q172140,0679446486,156434779,17,mdp.39015036063876,Q172140,ic,0679446486,349,FALSE,FALSE,TRUE,FALSE,FALSE,FALSE,FALSE
3491,Q982095,0743277724,49138629,5,mdp.39015064884680,Q982095,ic,9780743277723,3491,FALSE,FALSE,TRUE,FALSE,FALSE,FALSE,FALSE
3492,Q2510607,NA,9120828,4,mdp.39015016440177,Q2510607,ic,NA,3492,FALSE,FALSE,FALSE,FALSE,FALSE,FALSE,FALSE
3494,Q80900,1559213388,1047801,14,mdp.39015019477739,Q80900,ic,0819705926,3494,FALSE,FALSE,TRUE,FALSE,TRUE,FALSE,FALSE
3495,Q448776,9780812975222,64125415,5,mdp.39015064950580,Q448776,ic,140006466X,3495,FALSE,FALSE,TRUE,FALSE,FALSE,FALSE,FALSE
3498,Q94517407,NA,2574944,1,uc1.$b104427,Q94517407,ic,NA,3498,FALSE,FALSE,TRUE,FALSE,FALSE,FALSE,FALSE
350,Q249544,038504139X,4917056910,64,mdp.39015003763698,Q249544,ic,NA,350,FALSE,FALSE,TRUE,FALSE,FALSE,FALSE,FALSE
3503,Q550819,0399146687,374393157,2,mdp.39015049483822,Q550819,ic,0399146687,3503,FALSE,FALSE,TRUE,FALSE,FALSE,FALSE,FALSE
3507,Q456336,9781555537593,576696,76,inu.30000035415862,Q456336,ic,0899668615,3507,FALSE,FALSE,FALSE,FALSE,TRUE,FALSE,FALSE
351,Q271111,NA,435140,23,mdp.39015022364874,Q271111,ic,NA,351,FALSE,FALSE,TRUE,FALSE,FALSE,FALSE,FALSE
3511,Q1701679,9780399155000,131169563,5,mdp.39015082680227,Q1701679,ic,9780399155000,3511,FALSE,FALSE,TRUE,FALSE,FALSE,FALSE,FALSE
3514,NA,NA,NA,1,uc1.b4086401,NA,ic,NA,224,TRUE,TRUE,TRUE,TRUE,FALSE,TRUE,TRUE
3516,Q356639,NA,699479,9,mdp.39015005001063,Q356639,ic,NA,3516,FALSE,FALSE,FALSE,FALSE,TRUE,FALSE,FALSE
3518,Q1264643,0060168013,325324,17,mdp.39015029109074,Q1264643,ic,0060168013,3518,FALSE,FALSE,TRUE,FALSE,FALSE,FALSE,FALSE
3519,Q242571,NA,59974856,24,mdp.39015003942086,Q242571,und,NA,3519,FALSE,FALSE,TRUE,FALSE,FALSE,FALSE,FALSE
3520,Q210669,0688046592,1097966,6,pst.000051406523,Q210669,ic,0451207149,6011,FALSE,FALSE,TRUE,TRUE,TRUE,TRUE,FALSE
3522,Q1307719,NA,895596529,6,uc1.$b104375,Q1307719,ic,NA,3522,FALSE,FALSE,TRUE,FALSE,FALSE,FALSE,FALSE
3524,NA,NA,NA,3,uc1.b4086401,NA,ic,NA,224,TRUE,TRUE,TRUE,TRUE,FALSE,TRUE,TRUE
3525,NA,NA,NA,3,uc1.b4086401,NA,ic,NA,224,TRUE,TRUE,TRUE,TRUE,FALSE,TRUE,TRUE
3526,Q7693001,9780743275071,21455797,1,mdp.39015062563997,Q7693001,ic,NA,3526,FALSE,FALSE,TRUE,FALSE,FALSE,FALSE,FALSE
3529,NA,NA,NA,6,uc1.b4086401,NA,ic,NA,224,TRUE,TRUE,TRUE,TRUE,FALSE,TRUE,TRUE
3530,NA,NA,NA,4,uc1.b4086401,NA,ic,NA,224,TRUE,TRUE,TRUE,TRUE,FALSE,TRUE,TRUE
3531,Q5444469,1575666731,6543307,3,mdp.39015050484321,Q5444469,ic,NA,3531,FALSE,FALSE,TRUE,FALSE,FALSE,FALSE,FALSE
3532,Q6391763,0375406182,1066060,5,mdp.39015048774098,Q6391763,ic,0375406182,3532,FALSE,FALSE,TRUE,FALSE,FALSE,FALSE,FALSE
3535,Q258096,9780743289351,102075324,5,mdp.39015070773117,Q258096,ic,0743289358,3535,FALSE,FALSE,TRUE,FALSE,FALSE,FALSE,FALSE
3537,Q106465,9780385525008,103577570,17,mdp.39015070756609,Q106465,ic,0385525001,3537,FALSE,FALSE,TRUE,FALSE,FALSE,FALSE,FALSE
3538,Q236727,0553092626,714697,4,mdp.39015032592092,Q236727,ic,0553092626,3538,FALSE,FALSE,TRUE,FALSE,FALSE,FALSE,FALSE
3541,NA,NA,NA,1,uc1.b4086401,NA,ic,NA,224,TRUE,TRUE,TRUE,TRUE,FALSE,TRUE,TRUE
3545,Q240547,9780312377632,112883634,8,mdp.39015073865340,Q240547,ic,0312377630,3545,FALSE,FALSE,TRUE,FALSE,FALSE,FALSE,FALSE
3548,Q1190579,NA,448379,34,uc1.b3710898,Q1190579,und,NA,3548,FALSE,FALSE,TRUE,FALSE,FALSE,FALSE,FALSE
3549,Q231467,0399143947,526825,11,mdp.39015047111656,Q231467,ic,0399144129,3549,FALSE,FALSE,TRUE,FALSE,FALSE,FALSE,FALSE
355,NA,NA,NA,4,uc1.b4086401,NA,ic,NA,224,TRUE,TRUE,TRUE,TRUE,FALSE,TRUE,TRUE
3551,NA,NA,NA,5,uc1.b4086401,NA,ic,NA,224,TRUE,TRUE,TRUE,TRUE,FALSE,TRUE,TRUE
3552,Q1395538,0394578198,11204861,15,mdp.39015053525567,Q1395538,ic,0394578198,3552,FALSE,FALSE,TRUE,FALSE,FALSE,FALSE,FALSE
3553,NA,NA,NA,3,uc1.b4086401,NA,ic,NA,224,TRUE,TRUE,TRUE,TRUE,FALSE,TRUE,TRUE
3555,Q15499484,002542730X,25714405,65,mdp.39015037456236,Q15499484,ic,002542730X,3555,FALSE,FALSE,TRUE,FALSE,FALSE,FALSE,FALSE
3556,Q15499484,0028604202,37195587,13,mdp.39015035016099,Q15499484,ic,0783815360,3556,FALSE,FALSE,TRUE,FALSE,FALSE,FALSE,FALSE
3557,Q298388,NA,507767,28,uc1.b3862768,Q298388,ic,NA,3557,FALSE,FALSE,TRUE,FALSE,TRUE,FALSE,FALSE
3558,Q313981,0679428895,196371829,8,mdp.39015060035667,Q313981,ic,0091779251,3558,FALSE,FALSE,TRUE,FALSE,TRUE,FALSE,FALSE
3560,NA,NA,NA,4,uc1.b4086401,NA,ic,NA,224,TRUE,TRUE,TRUE,TRUE,FALSE,TRUE,TRUE
3562,Q1103301,NA,195973805,26,uc1.b3727814,Q1103301,ic,NA,3562,FALSE,FALSE,TRUE,FALSE,FALSE,FALSE,FALSE
3566,Q187019,0679756450,461967,40,mdp.39015054403160,Q187019,ic,0375507930,3566,FALSE,FALSE,TRUE,FALSE,TRUE,FALSE,FALSE
3567,Q1621598,NA,1424471,14,uc1.b3710949,Q1621598,ic,NA,3567,FALSE,FALSE,TRUE,FALSE,FALSE,FALSE,FALSE
3569,Q80900,NA,642311,3,mdp.39015031213930,Q80900,und,NA,3569,FALSE,FALSE,FALSE,FALSE,TRUE,FALSE,FALSE
357,NA,NA,NA,6,uc1.b4086401,NA,ic,NA,224,TRUE,TRUE,TRUE,TRUE,FALSE,TRUE,TRUE
3571,Q592511,NA,32323043,9,pst.000032762600,Q592511,ic,0899663567,3571,FALSE,FALSE,FALSE,FALSE,TRUE,FALSE,FALSE
3573,NA,NA,NA,3,uc1.b4086401,NA,ic,NA,224,TRUE,TRUE,TRUE,TRUE,FALSE,TRUE,TRUE
3574,Q215868,0151731527,5988739,15,mdp.39015049500856,Q215868,ic,0151731527,3574,FALSE,FALSE,TRUE,FALSE,FALSE,FALSE,FALSE
3575,Q232417,0394586239,15568059,18,mdp.39015066051494,Q232417,ic,0701132604,3575,FALSE,FALSE,TRUE,FALSE,TRUE,FALSE,FALSE
3578,Q108941,0671624415,9437563,2,uc1.32106015791764,Q108941,ic,0671624415,3578,FALSE,FALSE,TRUE,FALSE,FALSE,FALSE,FALSE
358,Q183492,0385475713,141013133,5,mdp.39015040702071,Q183492,ic,0385475713,358,FALSE,FALSE,TRUE,FALSE,FALSE,FALSE,FALSE
3581,Q550819,0399147101,374392246,5,mdp.39015050734741,Q550819,ic,0399147101,3581,FALSE,FALSE,TRUE,FALSE,FALSE,FALSE,FALSE
3587,Q1621598,NA,1424463,3,mdp.39015002603234,Q1621598,ic|und,NA,3587,FALSE,FALSE,TRUE,FALSE,FALSE,FALSE,FALSE
3588,Q4799707,NA,1466530,12,uc1.$b243514,Q4799707,pd,NA,3588,FALSE,FALSE,TRUE,FALSE,FALSE,FALSE,FALSE
3589,Q454595,9781781161524,19602359,12,mdp.39015008587175,Q454595,ic,NA,3589,FALSE,FALSE,FALSE,FALSE,FALSE,FALSE,FALSE
3593,Q231467,0399152830,1121147,12,mdp.39015062627115,Q231467,ic,0399152830,3593,FALSE,FALSE,TRUE,FALSE,FALSE,FALSE,FALSE
3594,Q34981,0385233132,3768433693,9,mdp.39015027248882,Q34981,ic,0385245858,3594,FALSE,FALSE,TRUE,FALSE,FALSE,FALSE,FALSE
3597,Q733850,NA,319425484,28,mdp.39015008914940,Q733850,ic,NA,3597,FALSE,FALSE,TRUE,FALSE,FALSE,FALSE,FALSE
3598,Q216134,NA,1813935,6,mdp.39015030711868,Q216134,ic,NA,3598,FALSE,FALSE,FALSE,FALSE,FALSE,FALSE,FALSE
3599,Q216134,9997531698,1813914,10,mdp.39015048900867,Q216134,ic,NA,3599,FALSE,FALSE,TRUE,FALSE,FALSE,FALSE,FALSE
36,NA,NA,NA,8,uc1.b4086401,NA,ic,NA,224,TRUE,TRUE,TRUE,TRUE,FALSE,TRUE,TRUE
3602,Q231736,0684810395,3094821399,14,mdp.39015040993191,Q231736,ic,0684810395,3602,FALSE,FALSE,TRUE,FALSE,FALSE,FALSE,FALSE
3604,Q5444469,0743457811,19698,1,mdp.39015066062830,Q5444469,ic,0743457811,3604,FALSE,FALSE,TRUE,FALSE,FALSE,FALSE,FALSE
3609,NA,NA,NA,5,uc1.b4086401,NA,ic,NA,224,TRUE,TRUE,TRUE,TRUE,FALSE,TRUE,TRUE
3612,Q16012634,NA,29988551,13,uc1.b4462504,Q16012634,ic,NA,3612,FALSE,FALSE,FALSE,FALSE,FALSE,FALSE,FALSE
3616,Q5298351,NA,2220406,5,uc1.$b104507,Q5298351,und,NA,3616,FALSE,FALSE,TRUE,FALSE,FALSE,FALSE,FALSE
3618,NA,NA,NA,26,uc1.b4086401,NA,ic,NA,224,TRUE,TRUE,TRUE,TRUE,FALSE,TRUE,TRUE
3621,Q452206,0517536064,2863410186,36,mdp.39015046449768,Q452206,ic,0517536064,3621,FALSE,FALSE,TRUE,FALSE,FALSE,FALSE,FALSE
3622,Q1683201,0553801988,46245005,5,mdp.39015064688776,Q1683201,ic,0553801988,3622,FALSE,FALSE,TRUE,FALSE,FALSE,FALSE,FALSE
3623,Q716579,NA,196207205,6,mdp.39015028734765,Q716579,ic,NA,3623,FALSE,FALSE,FALSE,FALSE,FALSE,FALSE,FALSE
3624,NA,NA,NA,8,uc1.b4086401,NA,ic,NA,224,TRUE,TRUE,TRUE,TRUE,FALSE,TRUE,TRUE
3626,NA,NA,NA,6,uc1.b4086401,NA,ic,NA,224,TRUE,TRUE,TRUE,TRUE,FALSE,TRUE,TRUE
3627,Q4762571,NA,44298464,3,mdp.39015025291934,Q4762571,ic,NA,3627,FALSE,FALSE,TRUE,FALSE,TRUE,FALSE,FALSE
3632,NA,NA,NA,5,uc1.b4086401,NA,ic,NA,224,TRUE,TRUE,TRUE,TRUE,FALSE,TRUE,TRUE
3633,NA,NA,NA,6,uc1.b4086401,NA,ic,NA,224,TRUE,TRUE,TRUE,TRUE,FALSE,TRUE,TRUE
3634,NA,NA,NA,9,uc1.b4086401,NA,ic,NA,224,TRUE,TRUE,TRUE,TRUE,FALSE,TRUE,TRUE
3635,NA,NA,NA,8,uc1.b4086401,NA,ic,NA,224,TRUE,TRUE,TRUE,TRUE,FALSE,TRUE,TRUE
3639,Q5338580,NA,9490269145,2,uc1.$b56986,Q5338580,ic,NA,3639,FALSE,FALSE,FALSE,FALSE,FALSE,FALSE,FALSE
364,NA,NA,NA,2,uc1.b4086401,NA,ic,NA,224,TRUE,FALSE,TRUE,TRUE,FALSE,TRUE,TRUE
3643,Q639041,0385311109,18669690,1,mdp.39015037802132,Q639041,ic,0385311109,3643,FALSE,FALSE,TRUE,FALSE,FALSE,FALSE,FALSE
3645,Q314929,0399130365,3768536476,11,mdp.39015013938082,Q314929,ic,0718124812,3645,FALSE,FALSE,TRUE,FALSE,TRUE,FALSE,FALSE
3646,Q314929,0399130365,3768536476,1,mdp.39015013938082,Q314929,ic,0718124812,3645,TRUE,TRUE,TRUE,TRUE,TRUE,FALSE,FALSE
365,Q945929,NA,197735386,2,mdp.39015019622599,Q945929,ic,1556111924,365,FALSE,FALSE,TRUE,FALSE,TRUE,FALSE,FALSE
3651,Q1678883,0679450440,266723,5,mdp.39015054096428,Q1678883,ic,0679450440,3651,FALSE,FALSE,TRUE,FALSE,FALSE,FALSE,FALSE
3652,Q1356200,9780743270410,104339393,9,mdp.39015073656657,Q1356200,ic,1416505032,3652,FALSE,FALSE,TRUE,FALSE,FALSE,FALSE,FALSE
3653,Q471021,0688034047,47488570,9,mdp.39015002157488,Q471021,ic,0688034047,3653,FALSE,FALSE,TRUE,FALSE,FALSE,FALSE,FALSE
3654,Q77024,NA,2865963708,18,mdp.39015014551041,Q77024,und,NA,3654,FALSE,FALSE,TRUE,FALSE,FALSE,FALSE,FALSE
3655,Q4309918,NA,365556603,22,uc1.$b98403,Q4309918,ic,NA,3655,FALSE,FALSE,TRUE,FALSE,FALSE,FALSE,FALSE
3658,NA,NA,NA,14,uc1.b4086401,NA,ic,NA,224,TRUE,FALSE,TRUE,TRUE,FALSE,TRUE,TRUE
3660,Q333713,NA,20554000,17,uc1.b3435485,Q333713,ic,NA,3660,FALSE,FALSE,TRUE,FALSE,FALSE,FALSE,FALSE
3661,Q7624015,NA,190017538,4,mdp.39015000514003,Q7624015,pd|ic,NA,3661,FALSE,FALSE,TRUE,FALSE,TRUE,FALSE,FALSE
3663,Q982095,0385488440,196682101,6,mdp.39015050142093,Q982095,ic,0385488440,3663,FALSE,FALSE,TRUE,FALSE,FALSE,FALSE,FALSE
3667,Q38392,NA,461965,3,mdp.39015000646805,Q38392,ic,NA,3667,FALSE,FALSE,FALSE,FALSE,TRUE,FALSE,FALSE
3668,Q333251,0394553608,5732382,2,uc1.b4975764,Q333251,ic,0394553608,3668,FALSE,FALSE,FALSE,FALSE,FALSE,FALSE,FALSE
3669,Q234865,0399149155,698485,6,mdp.39015055861465,Q234865,ic,0399149155,3669,FALSE,FALSE,TRUE,FALSE,FALSE,FALSE,FALSE
3670,Q1351554,0671891529,12853952,5,mdp.39015052548164,Q1351554,ic,0671891529,3670,FALSE,FALSE,TRUE,FALSE,FALSE,FALSE,FALSE
3674,NA,NA,NA,1,uc1.b4086401,NA,ic,NA,224,TRUE,TRUE,TRUE,TRUE,FALSE,TRUE,TRUE
3675,NA,NA,NA,15,uc1.b4086401,NA,ic,NA,224,TRUE,TRUE,TRUE,TRUE,FALSE,TRUE,TRUE
3679,NA,NA,NA,1,uc1.b4086401,NA,ic,NA,224,TRUE,FALSE,TRUE,TRUE,FALSE,TRUE,TRUE
3683,Q5416311,NA,2105094,7,uc1.$b104439,Q5416311,ic,NA,3683,FALSE,FALSE,FALSE,FALSE,FALSE,FALSE,FALSE
3685,Q31984,0670804371,13544741,2,mdp.39015013254423,Q31984,ic,0670822132,3685,FALSE,FALSE,TRUE,FALSE,FALSE,FALSE,FALSE
3686,Q4848392,0679445315,533805,3,mdp.39015047067262,Q4848392,ic,0679445315,3686,FALSE,FALSE,TRUE,FALSE,FALSE,FALSE,FALSE
3687,Q105756,0394588150,881313,7,pst.000023067882,Q105756,ic,0394588150,3687,FALSE,FALSE,TRUE,FALSE,FALSE,FALSE,FALSE
3688,Q105756,0394520874,463408,23,uc1.32106009369858,Q105756,ic,0394520475,3688,FALSE,FALSE,TRUE,FALSE,FALSE,FALSE,FALSE
3689,Q105756,0394474392,462188,17,uc1.32106009338523,Q105756,ic,0394474392,3689,FALSE,FALSE,TRUE,FALSE,FALSE,FALSE,FALSE
3691,Q113445918,NA,1089246,7,uc1.$b106316,Q113445918,ic,NA,3691,FALSE,FALSE,FALSE,FALSE,FALSE,FALSE,FALSE
3692,NA,NA,NA,13,uc1.b4086401,NA,ic,NA,224,TRUE,TRUE,TRUE,TRUE,FALSE,TRUE,TRUE
3694,Q1349245,034546706X,369477,5,mdp.39015060893644,Q1349245,ic,034546706X,3694,FALSE,FALSE,TRUE,FALSE,FALSE,FALSE,FALSE
3695,Q350404,0380974738,4757850848,1,mdp.39015041008064,Q350404,ic,0380974738,3695,FALSE,FALSE,TRUE,FALSE,FALSE,FALSE,FALSE
3699,Q335232,0394469011,547747,39,mdp.39015062115814,Q335232,ic,0394469011.,3699,FALSE,FALSE,TRUE,FALSE,FALSE,FALSE,FALSE
3701,Q2428988,NA,572381,4,uc1.b3727985,Q2428988,ic,NA,3701,FALSE,FALSE,FALSE,FALSE,FALSE,FALSE,FALSE
3703,Q7965531,NA,1425894,1,inu.30000042699938,Q7965531,ic,0863221858,3703,FALSE,FALSE,TRUE,FALSE,TRUE,FALSE,FALSE
3706,Q454420,NA,1443989,11,uc1.$b104185,Q454420,ic,NA,3706,FALSE,FALSE,FALSE,FALSE,FALSE,FALSE,FALSE
3707,Q105167,0399143904,533823,25,mdp.39015057947536,Q105167,ic,0399143904,3707,FALSE,FALSE,TRUE,FALSE,FALSE,FALSE,FALSE
3709,Q7369476,NA,467363,29,pst.000022671783,Q7369476,ic,014023666X,3709,FALSE,FALSE,TRUE,FALSE,TRUE,FALSE,FALSE
371,Q514998,NA,1607122,4,mdp.39015029402115,Q514998,ic,NA,371,FALSE,FALSE,FALSE,FALSE,FALSE,FALSE,FALSE
3711,Q366266,0670589330,2542263621,22,mdp.39015046344514,Q366266,ic,0670589330,3711,FALSE,FALSE,TRUE,FALSE,FALSE,FALSE,FALSE
3713,NA,NA,NA,51,uc1.b4086401,NA,ic,NA,224,TRUE,TRUE,FALSE,TRUE,FALSE,TRUE,TRUE
3714,NA,NA,NA,6,uc1.b4086401,NA,ic,NA,224,TRUE,TRUE,FALSE,TRUE,FALSE,TRUE,TRUE
3715,Q43227,NA,572260,29,inu.32000009149842,Q43227,ic,NA,3715,FALSE,FALSE,FALSE,FALSE,FALSE,FALSE,FALSE
3717,Q72653,0385337841,363337,6,mdp.39015058209779,Q72653,ic,0385337841,3717,FALSE,FALSE,TRUE,FALSE,FALSE,FALSE,FALSE
3723,Q83059,067084134X,6648859,1,mdp.39015047866317,Q83059,ic,067084134X,3723,FALSE,FALSE,TRUE,FALSE,FALSE,FALSE,FALSE
3728,Q3500849,0399151516,134341,3,mdp.39015061751247,Q3500849,ic,0399151516,3728,FALSE,FALSE,TRUE,FALSE,FALSE,FALSE,FALSE
373,Q6948422,NA,14895465,1,uc1.$b86159,Q6948422,ic,NA,373,FALSE,FALSE,FALSE,FALSE,FALSE,FALSE,FALSE
3731,NA,NA,NA,3,uc1.b4086401,NA,ic,NA,224,TRUE,TRUE,TRUE,TRUE,FALSE,TRUE,TRUE
3734,NA,NA,NA,1,uc1.b4086401,NA,ic,NA,224,TRUE,TRUE,TRUE,TRUE,FALSE,TRUE,TRUE
3737,Q5622456,NA,1405013,14,uc1.$b105753,Q5622456,ic,NA,3737,FALSE,FALSE,TRUE,FALSE,FALSE,FALSE,FALSE
3738,Q105167,0399148701,698348,17,mdp.39015066057756,Q105167,ic,0399149147,3738,FALSE,FALSE,TRUE,FALSE,FALSE,FALSE,FALSE
3739,Q7324310,0060931906,4915136191,15,mdp.39015056498135,Q7324310,ic,0060913614,3739,FALSE,FALSE,TRUE,FALSE,TRUE,FALSE,FALSE
3740,Q1395538,0679416889,388157,6,mdp.39015029202002,Q1395538,ic,0679416889,3740,FALSE,FALSE,TRUE,FALSE,FALSE,FALSE,FALSE
3750,Q314929,0399125981,473085,15,mdp.39015002714478,Q314929,ic,0399125981,3750,FALSE,FALSE,TRUE,FALSE,FALSE,FALSE,FALSE
3753,Q272076,0553804790,49053811,4,mdp.39015064704995,Q272076,ic,9780553804799,5450,FALSE,FALSE,FALSE,TRUE,FALSE,TRUE,TRUE
3754,NA,NA,NA,1,uc1.b4086401,NA,ic,NA,224,TRUE,TRUE,TRUE,TRUE,FALSE,TRUE,TRUE
3758,Q16018804,NA,2082084,28,uc1.b4447330,Q16018804,ic,NA,3758,FALSE,FALSE,TRUE,FALSE,FALSE,FALSE,FALSE
3761,Q2664596,0671525700,1910083964,3,mdp.39015038607597,Q2664596,ic,0671525700,3761,FALSE,FALSE,FALSE,FALSE,FALSE,FALSE,FALSE
3762,NA,NA,NA,4,uc1.b4086401,NA,ic,NA,224,TRUE,TRUE,TRUE,TRUE,FALSE,TRUE,TRUE
3767,Q1190579,NA,1633879,3,mdp.39015048901972,Q1190579,ic|und,NA,3767,FALSE,FALSE,FALSE,FALSE,FALSE,FALSE,FALSE
3769,Q110146691,NA,9489849327,5,uc1.$b56709,Q110146691,ic,NA,3769,FALSE,FALSE,TRUE,FALSE,FALSE,FALSE,FALSE
377,NA,NA,NA,9,uc1.b4086401,NA,ic,NA,224,TRUE,TRUE,TRUE,TRUE,FALSE,TRUE,TRUE
3771,Q38392,9780307946805,461989,7,inu.39000004799461,Q38392,ic,0394714121,3771,FALSE,FALSE,TRUE,FALSE,TRUE,FALSE,FALSE
3772,Q454595,NA,116416943,7,uc1.b4091414,Q454595,ic,NA,3772,FALSE,FALSE,TRUE,FALSE,FALSE,FALSE,FALSE
3775,NA,0399150811,691202,2,mdp.39015058097323,Q2536700,ic,0399150811,3775,TRUE,FALSE,TRUE,FALSE,FALSE,TRUE,FALSE
3776,NA,0399150811,691202,3,mdp.39015058097323,Q2536700,ic,0399150811,3775,TRUE,TRUE,TRUE,TRUE,FALSE,TRUE,FALSE
3778,NA,NA,NA,31,uc1.b4086401,NA,ic,NA,224,TRUE,TRUE,TRUE,TRUE,FALSE,TRUE,TRUE
378,Q1631915,NA,1868105,10,mdp.39015030716347,Q1631915,und,NA,378,FALSE,FALSE,TRUE,FALSE,FALSE,FALSE,FALSE
3780,Q361653,NA,51745923,26,mdp.39015002323866,Q361653,ic,NA,3780,FALSE,FALSE,TRUE,FALSE,FALSE,FALSE,FALSE
3781,Q456336,9781555537609,2205676,3,mdp.39015037819334,Q456336,ic,NA,3781,FALSE,FALSE,TRUE,FALSE,TRUE,FALSE,FALSE
3782,Q54823953,9780061438455,154868253,3,mdp.39015084102469,Q54823953,ic,0061438456,3782,FALSE,FALSE,TRUE,FALSE,FALSE,FALSE,FALSE
3784,Q6819709,NA,61702953,7,uc1.$b106349,Q6819709,und,NA,3784,FALSE,FALSE,FALSE,FALSE,FALSE,FALSE,FALSE
3791,NA,NA,NA,8,uc1.b4086401,NA,ic,NA,224,TRUE,TRUE,TRUE,TRUE,FALSE,TRUE,TRUE
3794,Q6153169,NA,4215512,1,mdp.39015063914579,Q6153169,und,NA,3794,FALSE,FALSE,FALSE,FALSE,FALSE,FALSE,FALSE
3795,Q315380,9780440074236,19855526,33,mdp.39015007021986,Q315380,ic,NA,3795,FALSE,FALSE,TRUE,FALSE,FALSE,FALSE,FALSE
3798,Q258096,0743289331,53132635,6,mdp.39015064760922,Q258096,ic,9780743289337,3798,FALSE,FALSE,TRUE,FALSE,FALSE,FALSE,FALSE
380,Q312720,NA,27145785,9,mdp.39015032496526,Q312720,ic,0151047723,380,FALSE,FALSE,TRUE,FALSE,TRUE,FALSE,FALSE
3800,Q7154292,NA,2336133,8,uc1.$b106140,Q7154292,ic,NA,3800,FALSE,FALSE,TRUE,FALSE,FALSE,FALSE,FALSE
3801,NA,NA,NA,1,uc1.b4086401,NA,ic,NA,224,TRUE,TRUE,TRUE,TRUE,FALSE,TRUE,TRUE
3804,Q258096,0553104144,5568534,4,mdp.39015049687455,Q258096,ic,0553104144,3804,FALSE,FALSE,TRUE,FALSE,FALSE,FALSE,FALSE
3807,Q2941863,0399146164,4820502064,7,mdp.39015050115784,Q2941863,ic,0399146164,3807,FALSE,FALSE,TRUE,FALSE,FALSE,FALSE,FALSE
3808,Q4767426,0375502246,50868570,7,mdp.39015064761383,Q4767426,ic,0375502246,3808,FALSE,FALSE,TRUE,FALSE,FALSE,FALSE,FALSE
3809,Q2748902,034542753X,9834924,6,mdp.39015050745234,Q2748902,ic,034542753X,3809,FALSE,FALSE,TRUE,FALSE,FALSE,FALSE,FALSE
3810,Q172140,0394589424,156434152,21,mdp.49015001309815,Q172140,ic,0679410171,3810,FALSE,FALSE,TRUE,FALSE,TRUE,FALSE,FALSE
3814,Q6141832,NA,1396863,14,uc1.$b105824,Q6141832,ic,NA,3814,FALSE,FALSE,TRUE,FALSE,FALSE,FALSE,FALSE
3816,Q1594680,NA,10568193193,5,mdp.39015031236097,Q1594680,ic,NA,3816,FALSE,FALSE,FALSE,FALSE,FALSE,FALSE,FALSE
3817,Q231356,0399144706,6249799,7,mdp.39015043829053,Q231356,ic,0399144706,3817,FALSE,FALSE,TRUE,FALSE,FALSE,FALSE,FALSE
3819,Q4309918,NA,325167030,1,uc1.$b106175,Q4309918,ic,NA,3819,FALSE,FALSE,FALSE,FALSE,FALSE,FALSE,FALSE
382,Q203460,0140154418,503132283,1,mdp.39015032443536,Q203460,ic,0140154418,382,FALSE,FALSE,TRUE,FALSE,TRUE,FALSE,FALSE
3820,Q7498694,NA,290698729,6,uc1.b3710972,Q7498694,ic,NA,3820,FALSE,FALSE,TRUE,FALSE,FALSE,FALSE,FALSE
3822,Q336519,9780061733147,144406277,3,mdp.39015080834412,Q336519,ic,006176776X,3822,FALSE,FALSE,TRUE,FALSE,FALSE,FALSE,FALSE
3823,Q592511,NA,58163506,3,uc1.$b243962,Q592511,ic,NA,3823,FALSE,FALSE,FALSE,FALSE,TRUE,FALSE,FALSE
3824,Q316431,9780786940752,58266068,1,mdp.39015066844161,Q316431,ic,9780786940752,3824,FALSE,FALSE,TRUE,FALSE,FALSE,FALSE,FALSE
3826,NA,NA,NA,13,uc1.b4086401,NA,ic,NA,224,TRUE,TRUE,TRUE,TRUE,FALSE,TRUE,TRUE
3839,NA,NA,NA,1,uc1.b4086401,NA,ic,NA,224,TRUE,TRUE,TRUE,TRUE,FALSE,TRUE,TRUE
384,Q272610,9780394574745,4732353272,22,mdp.39015066049159,Q272610,ic,0394574745,384,FALSE,FALSE,TRUE,FALSE,FALSE,FALSE,FALSE
3840,NA,NA,NA,1,uc1.b4086401,NA,ic,NA,224,TRUE,TRUE,TRUE,TRUE,FALSE,TRUE,TRUE
3841,NA,NA,NA,1,uc1.b4086401,NA,ic,NA,224,TRUE,TRUE,TRUE,TRUE,FALSE,TRUE,TRUE
3843,Q982095,9781416548485,66638155,3,mdp.39015070702702,Q982095,ic,1416548483,6530,FALSE,TRUE,TRUE,TRUE,FALSE,TRUE,TRUE
3849,Q105756,0394554353,6952928,15,mdp.39015011245043,Q105756,ic,0394554353,3849,FALSE,FALSE,TRUE,FALSE,FALSE,FALSE,FALSE
385,Q446121,0671034413,27677685,5,mdp.39015054072965,Q446121,ic,0671034413,385,FALSE,FALSE,TRUE,FALSE,FALSE,FALSE,FALSE
3853,NA,NA,NA,7,uc1.b4086401,NA,ic,NA,224,TRUE,FALSE,FALSE,TRUE,FALSE,TRUE,TRUE
3854,NA,NA,NA,4,uc1.b4086401,NA,ic,NA,224,TRUE,TRUE,TRUE,TRUE,FALSE,TRUE,TRUE
3855,NA,NA,NA,5,uc1.b4086401,NA,ic,NA,224,TRUE,TRUE,TRUE,TRUE,FALSE,TRUE,TRUE
3856,NA,NA,NA,1,uc1.b4086401,NA,ic,NA,224,TRUE,FALSE,TRUE,TRUE,FALSE,TRUE,TRUE
3858,Q6130077,NA,1885751,7,mdp.39015030846532,Q6130077,ic,NA,3858,FALSE,FALSE,FALSE,FALSE,FALSE,FALSE,FALSE
3860,Q725344,0416006019,478499,1,mdp.39015008633334,Q725344,ic,NA,3860,FALSE,FALSE,TRUE,FALSE,TRUE,FALSE,FALSE
3861,Q522004,NA,2305126,1,uc1.$b87022,Q522004,ic,NA,3861,FALSE,FALSE,FALSE,FALSE,FALSE,FALSE,FALSE
3863,Q39829,0670858692,8000157,14,mdp.39015046410182,Q39829,ic,0670858692,3863,FALSE,FALSE,TRUE,FALSE,FALSE,FALSE,FALSE
3864,Q317631,9781605981109,4917191779,43,mdp.39015056848560,Q317631,ic,0965723178,3864,FALSE,FALSE,TRUE,FALSE,TRUE,FALSE,FALSE
3870,NA,NA,2557506,1,uc1.$b102596,NA,und,NA,3870,FALSE,FALSE,FALSE,FALSE,FALSE,FALSE,FALSE
3871,Q356639,NA,1184366,10,uc1.32106002004973,Q356639,ic,NA,3871,FALSE,FALSE,TRUE,FALSE,TRUE,FALSE,FALSE
3873,Q5560909,NA,3855892602,3,uc1.$b87319,Q5560909,ic,NA,3873,FALSE,FALSE,FALSE,FALSE,FALSE,FALSE,FALSE
3875,Q339577,0061052477,2909577202,2,mdp.39015037476531,Q339577,ic,0061052477,3875,FALSE,FALSE,TRUE,FALSE,FALSE,FALSE,FALSE
3881,Q336519,038530143X,338264,3,uc1.32106016054949,Q336519,ic,0385307659,3881,FALSE,FALSE,TRUE,FALSE,FALSE,FALSE,FALSE
3882,Q433485,9780061340635,63140216,5,mdp.39015066900757,Q433485,ic,0061340634,3882,FALSE,FALSE,TRUE,FALSE,FALSE,FALSE,FALSE
3885,Q1292826,NA,69700801,19,mdp.39015016453493,Q1292826,ic,NA,3885,FALSE,FALSE,FALSE,FALSE,FALSE,FALSE,FALSE
3886,Q234819,140004281X,4813771832,1,mdp.39015059552748,Q234819,ic,140004281X,3886,FALSE,FALSE,TRUE,FALSE,FALSE,FALSE,FALSE
389,Q1453687,NA,480870,38,uc1.$b223962,Q1453687,ic,NA,389,FALSE,FALSE,FALSE,FALSE,FALSE,FALSE,FALSE
3890,Q526927,0517580489,600335,5,mdp.49015002966043,Q526927,ic,0517580489,3890,FALSE,FALSE,TRUE,FALSE,FALSE,FALSE,FALSE
3893,Q105756,0394568354,15967290,6,mdp.39015013397271,Q105756,ic,0394568354,3893,FALSE,FALSE,TRUE,FALSE,FALSE,FALSE,FALSE
3897,Q231356,0553801163,787076,1,mdp.39015050128795,Q231356,ic,0553801163,3897,FALSE,FALSE,TRUE,FALSE,FALSE,FALSE,FALSE
3898,Q298417,9780345477408,70001926,2,mdp.39015064983938,Q298417,ic,0345477405,3898,FALSE,FALSE,TRUE,FALSE,FALSE,FALSE,FALSE
39,NA,NA,NA,11,uc1.b4086401,NA,ic,NA,224,TRUE,TRUE,TRUE,TRUE,FALSE,TRUE,TRUE
390,Q231736,0684856603,890148,11,mdp.39015045693713,Q231736,ic,0684856603,390,FALSE,FALSE,TRUE,FALSE,FALSE,FALSE,FALSE
3900,Q72653,0385336306,687130,8,mdp.39015057621289,Q72653,ic,0385336993,3900,FALSE,FALSE,TRUE,FALSE,FALSE,FALSE,FALSE
3903,NA,NA,NA,9,uc1.b4086401,NA,ic,NA,224,TRUE,TRUE,TRUE,TRUE,FALSE,TRUE,TRUE
3904,Q235615,0679403612,782955,9,mdp.39015021880326,Q235615,ic,0679403612,3904,FALSE,FALSE,TRUE,FALSE,FALSE,FALSE,FALSE
391,Q7650783,9780345501097,793879587,1,mdp.39015074044218,Q7650783,ic,0345501098,391,FALSE,FALSE,TRUE,FALSE,FALSE,FALSE,FALSE
3910,Q600415,1401352197,16598259,2,uc1.32106017748812,Q600415,ic,1401352197,3910,FALSE,FALSE,TRUE,FALSE,FALSE,FALSE,FALSE
3912,Q6695027,0553804197,48934608,3,mdp.39015064882577,Q6695027,ic,9780553804195,3912,FALSE,FALSE,TRUE,FALSE,FALSE,FALSE,FALSE
3913,NA,NA,NA,4,uc1.b4086401,NA,ic,NA,224,TRUE,TRUE,TRUE,TRUE,FALSE,TRUE,TRUE
3914,Q2526733,NA,115487527,11,mdp.39015031301933,Q2526733,ic,NA,3914,FALSE,FALSE,FALSE,FALSE,TRUE,FALSE,FALSE
3915,Q934642,NA,163228217,5,pst.000006484408,Q934642,ic,NA,3915,FALSE,FALSE,TRUE,FALSE,FALSE,FALSE,FALSE
3920,Q229480,NA,464131,12,mdp.39015003502468,Q229480,ic,NA,3920,FALSE,FALSE,FALSE,FALSE,FALSE,FALSE,FALSE
3921,Q283496,NA,453648,14,mdp.39015002725508,Q283496,ic,NA,3921,FALSE,FALSE,FALSE,FALSE,TRUE,FALSE,FALSE
3923,Q526927,051756338X,2452450401,24,mdp.39015035324576,Q526927,ic,051756338X,3923,FALSE,FALSE,TRUE,FALSE,FALSE,FALSE,FALSE
3927,NA,NA,NA,1,uc1.b4086401,NA,ic,NA,224,TRUE,TRUE,FALSE,TRUE,FALSE,TRUE,TRUE
3933,Q234989,0399153012,880088,5,mdp.39015062616464,Q234989,ic,0399153012,3933,FALSE,FALSE,TRUE,FALSE,FALSE,FALSE,FALSE
3937,Q273677,0688142877,899391,2,mdp.39015038547298,Q273677,ic,0688142877,3937,FALSE,FALSE,TRUE,FALSE,FALSE,FALSE,FALSE
3939,Q361653,9780394443850,44197177,21,mdp.39015004647072,Q361653,ic,NA,3939,FALSE,FALSE,FALSE,FALSE,FALSE,FALSE,FALSE
3942,NA,NA,NA,12,uc1.b4086401,NA,ic,NA,224,TRUE,TRUE,TRUE,TRUE,FALSE,TRUE,TRUE
3946,NA,NA,NA,1,uc1.b4086401,NA,ic,NA,224,TRUE,TRUE,TRUE,TRUE,FALSE,TRUE,TRUE
3947,Q231467,0399152199,34126,11,mdp.39015060068718,Q231467,ic,0399152199,6946,FALSE,FALSE,TRUE,TRUE,FALSE,TRUE,TRUE
3957,Q565684,NA,2155782,2,uc1.$b57145,Q565684,ic,NA,3957,FALSE,FALSE,FALSE,FALSE,FALSE,FALSE,FALSE
3958,NA,NA,NA,2,uc1.b4086401,NA,ic,NA,224,TRUE,TRUE,TRUE,TRUE,FALSE,TRUE,TRUE
3962,NA,NA,NA,1,uc1.b4086401,NA,ic,NA,224,TRUE,TRUE,TRUE,TRUE,FALSE,TRUE,TRUE
3967,NA,NA,NA,1,uc1.b4086401,NA,ic,NA,224,TRUE,TRUE,TRUE,TRUE,FALSE,TRUE,TRUE
3968,Q72653,0385336357,370362,5,mdp.39015058795710,Q72653,ic,0385336357,3968,FALSE,FALSE,TRUE,FALSE,FALSE,FALSE,FALSE
397,Q533256,1573222631,784033,1,mdp.39015058229751,Q533256,ic,1573222631,397,FALSE,FALSE,TRUE,FALSE,FALSE,FALSE,FALSE
3971,Q380202,0395264839,51584161,20,mdp.39015010699794,Q380202,ic,0395264839,3971,FALSE,FALSE,TRUE,FALSE,FALSE,FALSE,FALSE
3972,Q513262,0670628301,516164,15,mdp.39015005067304,Q513262,ic,0670628301,3972,FALSE,FALSE,TRUE,FALSE,FALSE,FALSE,FALSE
3973,NA,NA,NA,6,uc1.b4086401,NA,ic,NA,224,TRUE,TRUE,TRUE,TRUE,FALSE,TRUE,TRUE
3974,Q452722,0399139087,544023,4,mdp.39015031788212,Q452722,ic,0399139087,3974,FALSE,FALSE,TRUE,FALSE,FALSE,FALSE,FALSE
3976,NA,NA,NA,1,uc1.b4086401,NA,ic,NA,224,TRUE,FALSE,TRUE,TRUE,FALSE,TRUE,TRUE
3977,Q314929,0399145621,46839,5,mdp.39015048944790,Q314929,ic,0718144120,3977,FALSE,FALSE,TRUE,FALSE,TRUE,FALSE,FALSE
398,Q1028373,0553802534,364348,2,mdp.39015059216765,Q1028373,ic,0553802534,398,FALSE,FALSE,TRUE,FALSE,FALSE,FALSE,FALSE
3980,Q639041,0385316860,535269,2,mdp.39015041358162,Q639041,ic,0385316860,3980,FALSE,FALSE,TRUE,FALSE,FALSE,FALSE,FALSE
3981,NA,0399145680,10013679636,4,mdp.39015048828621,NA,ic,0399145680,3981,FALSE,FALSE,TRUE,FALSE,FALSE,FALSE,FALSE
3982,Q1701679,0399143823,539194,6,mdp.39015047066199,Q1701679,ic,0399143823,3982,FALSE,FALSE,TRUE,FALSE,FALSE,FALSE,FALSE
3983,Q1349144,NA,1484320,2,mdp.39015063527736,Q1349144,ic,NA,3983,FALSE,FALSE,FALSE,FALSE,TRUE,FALSE,FALSE
3984,Q72653,0385335431,687698,21,pst.000058093399,Q72653,ic,0385336578,480,FALSE,TRUE,TRUE,TRUE,FALSE,TRUE,TRUE
3985,Q3366905,0812825276,198615866,2,mdp.39015013396265,Q3366905,ic,0812825276,3985,FALSE,FALSE,TRUE,FALSE,FALSE,FALSE,FALSE
3990,Q298229,034544356X,12151274259,6,mdp.39015058207500,Q298229,ic,034544356X,3990,FALSE,FALSE,TRUE,FALSE,FALSE,FALSE,FALSE
3995,NA,NA,1476772,15,uc1.$b103153,NA,pd,NA,3995,FALSE,FALSE,TRUE,FALSE,FALSE,FALSE,FALSE
3996,Q272076,0553106651,9380986269,9,mdp.39015042816549,Q272076,ic,0553106651,3996,FALSE,FALSE,TRUE,FALSE,FALSE,FALSE,FALSE
3997,Q352059,0399148760,2452530597,3,mdp.39015056309332,Q352059,ic,0399148760,3997,FALSE,FALSE,TRUE,FALSE,FALSE,FALSE,FALSE
3998,Q1349245,055308920X,10565518,7,mdp.39015062111516,Q1349245,ic,055308920X,3998,FALSE,FALSE,TRUE,FALSE,FALSE,FALSE,FALSE
3999,Q5213748,NA,437486,29,uc1.b4451024,Q5213748,ic,NA,3999,FALSE,FALSE,TRUE,FALSE,FALSE,FALSE,FALSE
4,Q234865,0805019375,6837998,7,pst.000033362915,Q234865,ic,NA,4,FALSE,FALSE,TRUE,FALSE,TRUE,FALSE,FALSE
400,Q6796154,NA,1914420,3,mdp.39015051142530,Q6796154,ic,NA,400,FALSE,FALSE,FALSE,FALSE,FALSE,FALSE,FALSE
4001,Q440793,055380300X,1030639,4,mdp.39015056838173,Q440793,ic,055380300X,4001,FALSE,FALSE,TRUE,FALSE,FALSE,FALSE,FALSE
4002,Q1356200,0671047337,777676,4,mdp.39015053119122,Q1356200,ic,0671047337,4002,FALSE,FALSE,TRUE,FALSE,FALSE,FALSE,FALSE
4004,Q81071,NA,464409,7,mdp.39015005494136,Q81071,ic,NA,4004,FALSE,FALSE,FALSE,FALSE,FALSE,FALSE,FALSE
4008,Q184785,9780679433019,614064,10,mdp.39015037821371,Q184785,ic,0679433015,4008,FALSE,FALSE,TRUE,FALSE,FALSE,FALSE,FALSE
4010,Q245257,NA,61140602,14,mdp.39015010204827,Q245257,ic,NA,4010,FALSE,FALSE,TRUE,FALSE,FALSE,FALSE,FALSE
4011,NA,NA,NA,48,uc1.b4086401,NA,ic,NA,224,TRUE,TRUE,TRUE,TRUE,FALSE,TRUE,TRUE
4012,NA,NA,4917974960,9,wu.89071070114,Q182804,ic,0394742915,4012,FALSE,FALSE,FALSE,FALSE,TRUE,FALSE,FALSE
4013,Q2550081,NA,2502576,1,mdp.39015013426575,Q2550081,und,NA,4013,FALSE,FALSE,FALSE,FALSE,FALSE,FALSE,FALSE
4017,Q452722,0399135359,1016483,5,mdp.39015018944895,Q452722,ic,0399135359,4017,FALSE,FALSE,TRUE,FALSE,FALSE,FALSE,FALSE
4022,Q290686,NA,60755923,4,mdp.39015066877252,Q290686,ic,9780345453860,4022,FALSE,FALSE,TRUE,FALSE,FALSE,FALSE,FALSE
4023,Q290686,9780345500731,114361013,4,mdp.39015074235436,Q290686,ic,0345500733,4023,FALSE,FALSE,TRUE,FALSE,FALSE,FALSE,FALSE
4029,Q444534,0312714106,443991,15,uc1.b4095393,Q444534,und,NA,4029,FALSE,FALSE,TRUE,FALSE,TRUE,FALSE,FALSE
4031,NA,NA,NA,4,uc1.b4086401,NA,ic,NA,224,TRUE,TRUE,TRUE,TRUE,FALSE,TRUE,TRUE
4037,Q1368134,0553100890,1152606632,6,mdp.39015037768119,Q1368134,ic,0553100890,4037,FALSE,FALSE,TRUE,FALSE,FALSE,FALSE,FALSE
4038,Q229480,0679764046,1288595,1,uc1.32106002095583,Q229480,ic,9780394445069,4038,FALSE,FALSE,FALSE,FALSE,TRUE,FALSE,FALSE
4040,Q44306,0679463356,4162366,2,mdp.39015062609188,Q44306,ic,0224077848,4040,FALSE,FALSE,TRUE,FALSE,TRUE,FALSE,FALSE
4043,NA,NA,NA,2,uc1.b4086401,NA,ic,NA,224,TRUE,TRUE,TRUE,TRUE,FALSE,TRUE,TRUE
4044,Q93444,NA,3377079952,2,uc1.b3583426,Q93444,ic,NA,4044,FALSE,FALSE,FALSE,FALSE,FALSE,FALSE,FALSE
4046,Q179059,NA,519608,23,uc1.b3834593,Q179059,ic,NA,5334,TRUE,FALSE,TRUE,TRUE,FALSE,TRUE,TRUE
4047,Q313289,0671220152,516753,19,uc1.b3435129,Q313289,ic,0671220152,4047,FALSE,FALSE,TRUE,FALSE,FALSE,FALSE,FALSE
4048,Q438345,0671523104,568140,4,uc1.32106014625765,Q438345,ic,0671523104,4048,FALSE,FALSE,FALSE,FALSE,FALSE,FALSE,FALSE
4050,Q314929,0399146601,45135,5,mdp.39015050134397,Q314929,ic,0718144538,4050,FALSE,FALSE,TRUE,FALSE,TRUE,FALSE,FALSE
4053,Q54823953,0425196089,796377273,3,mdp.39015060111013,Q54823953,ic,0425196089,4053,FALSE,FALSE,TRUE,FALSE,FALSE,FALSE,FALSE
4054,Q6149232,0670031208,474816912,10,mdp.39015057621222,Q6149232,ic,0670031208,4054,FALSE,FALSE,TRUE,FALSE,FALSE,FALSE,FALSE
4056,Q7273516,NA,1142636,3,mdp.39015031325866,Q7273516,ic,NA,4056,FALSE,FALSE,FALSE,FALSE,FALSE,FALSE,FALSE
4057,Q3334185,0060159790,650994,8,mdp.39015053393511,Q3334185,ic,NA,4057,FALSE,FALSE,TRUE,FALSE,TRUE,FALSE,FALSE
4058,Q6376862,NA,1954137,1,mdp.39015063936259,Q6376862,ic,NA,4058,FALSE,FALSE,FALSE,FALSE,FALSE,FALSE,FALSE
4059,NA,0316713902,1304670,44,mdp.39076006273952,NA,ic,NA,4059,FALSE,FALSE,TRUE,FALSE,FALSE,FALSE,FALSE
406,Q72653,9780385340236,69694054,5,mdp.39015074044085,Q72653,ic,0385340230,406,FALSE,FALSE,TRUE,FALSE,FALSE,FALSE,FALSE
4060,Q381086,NA,2260830227,1,wu.89008854226,Q381086,und,NA,4060,FALSE,FALSE,FALSE,FALSE,FALSE,FALSE,FALSE
4061,Q476660,075821393X,48502573,3,mdp.39015064689691,Q476660,ic,075821393X,4061,FALSE,FALSE,TRUE,FALSE,FALSE,FALSE,FALSE
4062,Q352059,0399146008,748197,4,mdp.39015053382985,Q352059,ic,0399146008,4062,FALSE,FALSE,TRUE,FALSE,FALSE,FALSE,FALSE
4063,Q366266,068480297X,55973363,10,mdp.39015038410083,Q366266,ic,068480297X,4063,FALSE,FALSE,TRUE,FALSE,FALSE,FALSE,FALSE
4067,Q3500849,9780399154447,102569798,5,mdp.39015070756625,Q3500849,ic,0399154442,4067,FALSE,FALSE,TRUE,FALSE,FALSE,FALSE,FALSE
4068,NA,NA,NA,6,uc1.b4086401,NA,ic,NA,224,TRUE,TRUE,TRUE,TRUE,FALSE,TRUE,TRUE
4069,NA,NA,NA,5,uc1.b4086401,NA,ic,NA,224,TRUE,TRUE,TRUE,TRUE,FALSE,TRUE,TRUE
4072,Q3500849,0399153683,48094616,3,mdp.39015066740948,Q3500849,ic,9780399153686,4072,FALSE,FALSE,TRUE,FALSE,FALSE,FALSE,FALSE
4074,Q550819,0399149309,374393189,3,mdp.39015055835816,Q550819,ic,0399149309,4074,FALSE,FALSE,TRUE,FALSE,FALSE,FALSE,FALSE
4076,Q726177,0679454454,196091038,10,mdp.39015048828811,Q726177,ic,0679454454,4076,FALSE,FALSE,TRUE,FALSE,FALSE,FALSE,FALSE
4080,Q1337504,NA,1426842,6,uc1.b3688035,Q1337504,ic,NA,4080,FALSE,FALSE,FALSE,FALSE,FALSE,FALSE,FALSE
4083,Q72653,0385313012,4922975527,10,mdp.39015038528215,Q72653,ic,0385317123,4083,FALSE,FALSE,TRUE,FALSE,FALSE,FALSE,FALSE
4086,Q231736,0684815451,2564784880,14,mdp.39015034535867,Q231736,ic,0684815451,4086,FALSE,FALSE,TRUE,FALSE,FALSE,FALSE,FALSE
4087,NA,NA,NA,1,uc1.b4086401,NA,ic,NA,224,TRUE,TRUE,TRUE,TRUE,FALSE,TRUE,TRUE
409,NA,NA,NA,4,uc1.b4086401,NA,ic,NA,224,TRUE,TRUE,TRUE,TRUE,FALSE,TRUE,TRUE
4090,NA,NA,NA,1,uc1.b4086401,NA,ic,NA,224,TRUE,TRUE,TRUE,TRUE,FALSE,TRUE,TRUE
4091,Q2386817,0553095161,888520,4,mdp.39015033336978,Q2386817,ic,0553095161,4091,FALSE,FALSE,TRUE,FALSE,FALSE,FALSE,FALSE
4092,Q1678883,0679450408,613973,10,mdp.39015066055602,Q1678883,ic,0679450408,4092,FALSE,FALSE,TRUE,FALSE,FALSE,FALSE,FALSE
4094,NA,NA,NA,3,uc1.b4086401,NA,ic,NA,224,TRUE,TRUE,TRUE,TRUE,FALSE,TRUE,TRUE
4097,Q4309918,NA,422886637,1,mdp.39015016414834,Q4309918,ic,NA,4097,FALSE,FALSE,FALSE,FALSE,FALSE,FALSE,FALSE
41,Q4878309,1400040744,217664426,1,mdp.39015060875179,Q4878309,ic,1400040744,41,FALSE,FALSE,TRUE,FALSE,FALSE,FALSE,FALSE
4100,Q5346446,NA,2330815,26,uc1.b3688126,Q5346446,und,NA,4100,FALSE,FALSE,FALSE,FALSE,FALSE,FALSE,FALSE
4103,Q611672,0743233026,196415550,5,mdp.39015054378057,Q611672,ic,0743233026,4103,FALSE,FALSE,TRUE,FALSE,FALSE,FALSE,FALSE
4110,Q13511828,NA,1428009,11,uc1.$b106417,Q13511828,ic,NA,4110,FALSE,FALSE,TRUE,FALSE,FALSE,FALSE,FALSE
4111,NA,NA,NA,7,uc1.b4086401,NA,ic,NA,224,TRUE,TRUE,TRUE,TRUE,FALSE,TRUE,TRUE
4114,NA,NA,NA,4,uc1.b4086401,NA,ic,NA,224,TRUE,TRUE,TRUE,TRUE,FALSE,TRUE,TRUE
4115,Q6727922,NA,346113981,10,uc1.b4469976,Q6727922,ic,NA,4115,FALSE,FALSE,FALSE,FALSE,FALSE,FALSE,FALSE
4119,Q72653,0385340222,60802664,8,mdp.39015067683550,Q72653,ic,9780385340229,4119,FALSE,FALSE,TRUE,FALSE,FALSE,FALSE,FALSE
4124,Q438345,9780399154454,104643028,4,mdp.39015073982731,Q438345,ic,0399154450,4124,FALSE,FALSE,TRUE,FALSE,FALSE,FALSE,FALSE
4126,Q39829,039913039X,546950,32,uc1.32106007992271,Q39829,ic,039913039X,4126,FALSE,FALSE,TRUE,FALSE,FALSE,FALSE,FALSE
413,Q283496,NA,485786,2,mdp.39015003345298,Q283496,ic,NA,413,FALSE,FALSE,FALSE,FALSE,FALSE,FALSE,FALSE
4131,NA,NA,NA,1,uc1.b4086401,NA,ic,NA,224,TRUE,TRUE,TRUE,TRUE,FALSE,TRUE,TRUE
4133,Q726177,0375411089,175653,11,mdp.39015058856298,Q726177,ic,0375411089,4133,FALSE,FALSE,TRUE,FALSE,FALSE,FALSE,FALSE
4134,Q452404,0553057758,4535822962,15,mdp.39015046339316,Q452404,ic,0553057758,4134,FALSE,FALSE,TRUE,FALSE,FALSE,FALSE,FALSE
4135,NA,NA,NA,1,uc1.b4086401,NA,ic,NA,224,TRUE,TRUE,TRUE,TRUE,FALSE,TRUE,TRUE
4136,Q106465,0385505833,831843,35,mdp.39015053541309,Q106465,ic,0385506244,4136,FALSE,FALSE,TRUE,FALSE,FALSE,FALSE,FALSE
4139,Q49074,NA,456882,24,mdp.39015020747013,Q49074,ic,0-440-08046-x,4139,FALSE,FALSE,TRUE,FALSE,FALSE,FALSE,FALSE
4141,Q275563,0517561077,6086611,2,pst.000050573486,Q275563,ic,0671673076,4141,FALSE,FALSE,TRUE,FALSE,TRUE,FALSE,FALSE
4143,Q6795240,NA,148176688,19,mdp.39015020678473,Q6795240,ic,NA,4143,FALSE,FALSE,TRUE,FALSE,FALSE,FALSE,FALSE
4144,NA,NA,NA,14,uc1.b4086401,NA,ic,NA,224,TRUE,TRUE,TRUE,TRUE,FALSE,TRUE,TRUE
4147,Q318297,0394484746,111289517,6,uc1.32106002129325,Q318297,ic,9780394484747,4147,FALSE,FALSE,TRUE,FALSE,FALSE,FALSE,FALSE
4149,Q440793,0553803182,49049480,4,mdp.39015064872834,Q440793,ic,9780553803181,4149,FALSE,FALSE,TRUE,FALSE,FALSE,FALSE,FALSE
415,Q6830385,NA,196900399,13,mdp.39015003677252,Q6830385,ic,NA,415,FALSE,FALSE,FALSE,FALSE,FALSE,FALSE,FALSE
4151,Q3296143,0385338112,884473,1,mdp.39015059130461,Q3296143,ic,0385338112,4151,FALSE,FALSE,TRUE,FALSE,FALSE,FALSE,FALSE
4152,Q438345,0553801880,773880,3,mdp.39015050499121,Q438345,ic,0553801880,4152,FALSE,FALSE,TRUE,FALSE,FALSE,FALSE,FALSE
4154,Q290686,0345453840,34521177,3,mdp.39015062563773,Q290686,ic,0345453840,4154,FALSE,FALSE,TRUE,FALSE,FALSE,FALSE,FALSE
4159,Q550819,0399142444,374392250,6,mdp.39015041008676,Q550819,ic,0399142444,4159,FALSE,FALSE,TRUE,FALSE,FALSE,FALSE,FALSE
416,Q5431144,NA,57522583,1,mdp.39015008471917,Q5431144,ic,NA,416,FALSE,FALSE,FALSE,FALSE,TRUE,FALSE,FALSE
4160,NA,NA,NA,1,uc1.b4086401,NA,ic,NA,224,TRUE,TRUE,TRUE,TRUE,FALSE,TRUE,TRUE
4165,Q2550081,NA,1730317,2,mdp.39015031231189,Q2550081,ic,NA,4165,FALSE,FALSE,FALSE,FALSE,FALSE,FALSE,FALSE
4167,Q438345,0399147926,811540,3,mdp.39015054153955,Q438345,ic,0399147926,4167,FALSE,FALSE,TRUE,FALSE,FALSE,FALSE,FALSE
4168,Q258096,9781416563068,116297557,5,mdp.39015079245166,Q258096,ic,0340961813,4168,FALSE,FALSE,TRUE,FALSE,TRUE,FALSE,FALSE
4170,NA,NA,NA,1,uc1.b4086401,NA,ic,NA,224,TRUE,TRUE,TRUE,TRUE,FALSE,TRUE,TRUE
4177,NA,NA,19717366,2,uc1.$b56156,NA,ic,NA,4177,FALSE,FALSE,FALSE,FALSE,FALSE,FALSE,FALSE
4179,Q1190579,NA,1466207,28,mdp.39015048901733,Q1190579,ic,NA,4179,FALSE,FALSE,FALSE,FALSE,FALSE,FALSE,FALSE
4180,NA,NA,NA,1,uc1.b4086401,NA,ic,NA,224,TRUE,TRUE,TRUE,TRUE,FALSE,TRUE,TRUE
4182,Q7601980,NA,553886,27,pst.000021218941,Q7601980,ic,1879941120,4182,FALSE,FALSE,FALSE,FALSE,TRUE,FALSE,FALSE
4183,Q43227,NA,1423709,23,mdp.39015050557142,Q43227,ic,NA,4183,FALSE,FALSE,FALSE,FALSE,FALSE,FALSE,FALSE
4184,Q438345,0399145788,46838,2,mdp.39015047856458,Q438345,ic,0399145788,4184,FALSE,FALSE,TRUE,FALSE,FALSE,FALSE,FALSE
4186,Q1779816,NA,55494005,25,mdp.39015003681049,Q1779816,ic,NA,4186,FALSE,FALSE,FALSE,FALSE,FALSE,FALSE,FALSE
4187,Q272076,0679425268,63131772,10,mdp.39015040722442,Q272076,ic,0679425268,4187,FALSE,FALSE,TRUE,FALSE,FALSE,FALSE,FALSE
4189,Q433708,0812827139,473042,7,mdp.39015000563000,Q433708,ic,0812827139,4189,FALSE,FALSE,TRUE,FALSE,FALSE,FALSE,FALSE
4190,Q462629,NA,1426161,13,mdp.39015003464677,Q462629,und,NA,4190,FALSE,FALSE,TRUE,FALSE,FALSE,FALSE,FALSE
4191,Q611672,0671642677,197909930,6,mdp.39015015308383,Q611672,ic,0671642677,4191,FALSE,FALSE,TRUE,FALSE,FALSE,FALSE,FALSE
4197,Q435326,9780743437165,62743086,2,mdp.39015070730117,Q435326,ic,9781416550280,4197,FALSE,FALSE,TRUE,FALSE,FALSE,FALSE,FALSE
4198,Q2664596,0671525751,765608,6,mdp.39015058013163,Q2664596,ic,0671525751,4198,FALSE,FALSE,TRUE,FALSE,FALSE,FALSE,FALSE
4200,Q208101,0394465687,462118,29,mdp.39015049553541,Q208101,ic,0394465687,4200,FALSE,FALSE,TRUE,FALSE,FALSE,FALSE,FALSE
4202,Q439059,NA,178689266,3,mdp.39015039762847,Q439059,ic,NA,4202,FALSE,FALSE,TRUE,FALSE,FALSE,FALSE,FALSE
4203,Q1103301,NA,1082293,42,mdp.39015002751025,Q1103301,ic|und,NA,4203,FALSE,FALSE,FALSE,FALSE,FALSE,FALSE,FALSE
4205,Q4235282,NA,287411899,19,mdp.39015018620339,Q4235282,ic,NA,4205,FALSE,FALSE,TRUE,FALSE,FALSE,FALSE,FALSE
4209,NA,NA,431742382,7,uc1.b3116639,NA,ic,NA,4209,FALSE,FALSE,TRUE,FALSE,FALSE,FALSE,FALSE
421,Q190379,9780385494236,9600034,8,mdp.39015043101354,Q190379,ic,9780224051705,421,FALSE,FALSE,TRUE,FALSE,TRUE,FALSE,FALSE
4210,Q39829,1880418592,1933139306,10,mdp.39015066064497,Q39829,ic,1880418592,4210,FALSE,FALSE,TRUE,FALSE,FALSE,FALSE,FALSE
4212,Q4896373,0803259182,2566090,1,mdp.39015014823770,Q4896373,ic,NA,4212,FALSE,FALSE,FALSE,FALSE,FALSE,FALSE,FALSE
4214,Q4766601,9780375412813,62676787,1,uc1.32106019118212,Q4766601,ic,0375412816,4214,FALSE,FALSE,TRUE,FALSE,FALSE,FALSE,FALSE
4216,Q80900,9781727421057,1661313,6,pst.000031902632,Q80900,ic,1559210397,4216,FALSE,FALSE,FALSE,FALSE,TRUE,FALSE,FALSE
4218,Q245257,0394461096,3372136476,47,uc1.32106006152380,Q245257,ic,9780394461090,4218,FALSE,FALSE,TRUE,FALSE,FALSE,FALSE,FALSE
422,Q262712,0375501347,197000575,2,mdp.39015046883636,Q262712,ic,0375501347,422,FALSE,FALSE,TRUE,FALSE,FALSE,FALSE,FALSE
4221,Q242956,055380362X,46720330,1,mdp.39015063249232,Q242956,ic,9780553803624,4221,FALSE,FALSE,TRUE,FALSE,FALSE,FALSE,FALSE
4222,NA,NA,NA,4,uc1.b4086401,NA,ic,NA,224,TRUE,TRUE,TRUE,TRUE,FALSE,TRUE,TRUE
4224,Q1688127,NA,1471558,5,mdp.39015014856150,Q1688127,ic,NA,4224,FALSE,FALSE,TRUE,FALSE,FALSE,FALSE,FALSE
4228,Q231467,039914465X,4921884803,10,mdp.39015046886159,Q231467,ic,039914465X,4228,FALSE,FALSE,TRUE,FALSE,FALSE,FALSE,FALSE
4229,Q242956,0060149280,402642,1,mdp.39015020643766,Q242956,ic,0060149280,4229,FALSE,FALSE,TRUE,FALSE,FALSE,FALSE,FALSE
4233,Q47293,NA,3372229115,14,inu.39000000525985,Q47293,ic,0583132464,4233,FALSE,FALSE,TRUE,FALSE,TRUE,FALSE,FALSE
4234,Q1065287,NA,1696584,15,mdp.39015053606771,Q1065287,ic,NA,4234,FALSE,FALSE,FALSE,FALSE,FALSE,FALSE,FALSE
4235,NA,NA,NA,1,uc1.b4086401,NA,ic,NA,224,TRUE,TRUE,TRUE,TRUE,FALSE,TRUE,TRUE
4236,NA,NA,NA,5,uc1.b4086401,NA,ic,NA,224,TRUE,TRUE,TRUE,TRUE,FALSE,TRUE,TRUE
4239,Q72653,0385316917,372813,15,mdp.39015041359921,Q72653,ic,0385316917,4239,FALSE,FALSE,TRUE,FALSE,FALSE,FALSE,FALSE
424,Q2909151,0743204700,196574865,2,mdp.39015055452034,Q2909151,ic,0743204700,424,FALSE,FALSE,TRUE,FALSE,FALSE,FALSE,FALSE
4240,NA,0399146466,11700305856,6,mdp.39015049988614,Q2536700,ic,0399146466,4240,FALSE,FALSE,TRUE,FALSE,FALSE,FALSE,FALSE
4241,NA,NA,NA,3,uc1.b4086401,NA,ic,NA,224,TRUE,TRUE,TRUE,TRUE,FALSE,TRUE,TRUE
4242,Q310257,0374299625,8220,1,uc1.32106018065802,Q310257,ic,000719384X,4242,FALSE,FALSE,TRUE,FALSE,TRUE,FALSE,FALSE
4243,Q454920,0385339143,38118,1,mdp.39015062563906,Q454920,ic,0385339143,4243,FALSE,FALSE,TRUE,FALSE,FALSE,FALSE,FALSE
4247,Q352059,0399123288,4159914431,7,mdp.49015002595263,Q352059,ic,0399123288,4247,FALSE,FALSE,TRUE,FALSE,FALSE,FALSE,FALSE
425,Q6066318,NA,149305879,5,mdp.39015059427701,Q6066318,ic,NA,425,FALSE,FALSE,TRUE,FALSE,FALSE,FALSE,FALSE
4254,Q1226282,NA,51703502,20,mdp.39015030699550,Q1226282,ic,NA,4254,FALSE,FALSE,TRUE,FALSE,FALSE,FALSE,FALSE
4259,Q188987,9780399154300,65378160,3,mdp.39015070729945,Q188987,ic,0399154302,4259,FALSE,FALSE,FALSE,FALSE,FALSE,FALSE,FALSE
4260,Q7383136,NA,2374625,15,uc1.$b103187,Q7383136,ic,NA,4260,FALSE,FALSE,TRUE,FALSE,FALSE,FALSE,FALSE
4261,NA,NA,NA,3,uc1.b4086401,NA,ic,NA,224,TRUE,FALSE,TRUE,TRUE,FALSE,TRUE,TRUE
4262,Q452206,0679758801,11984631,6,mdp.39015037432666,Q452206,ic,0517593343,4262,FALSE,FALSE,TRUE,FALSE,FALSE,FALSE,FALSE
4264,NA,NA,NA,29,uc1.b4086401,NA,ic,NA,224,TRUE,TRUE,TRUE,TRUE,FALSE,TRUE,TRUE
4266,Q7693001,0743277236,57715771,4,mdp.39015064760930,Q7693001,ic,9780743277235,4266,FALSE,FALSE,TRUE,FALSE,FALSE,FALSE,FALSE
4267,Q505274,0394551788,196632706,10,mdp.39015014233541,Q505274,ic,0091736420,4267,FALSE,FALSE,TRUE,FALSE,TRUE,FALSE,FALSE
4269,Q505274,0060391189,147852,6,mdp.39015019619140,Q505274,ic,0091743206,4269,FALSE,FALSE,TRUE,FALSE,TRUE,FALSE,FALSE
427,Q3897539,NA,323292798,1,uc1.b4095546,Q3897539,ic,NA,427,FALSE,FALSE,TRUE,FALSE,FALSE,FALSE,FALSE
4273,Q505274,0394504097,2452569032,16,mdp.39015005282622,Q505274,ic,0394504097,4273,FALSE,FALSE,TRUE,FALSE,FALSE,FALSE,FALSE
4274,NA,NA,355746857,4,uc1.b3727323,NA,pdus,NA,4274,FALSE,FALSE,TRUE,FALSE,FALSE,FALSE,FALSE
4276,Q298651,055380345X,57727667,4,mdp.39015066877120,Q298651,ic,055380345X,4276,FALSE,FALSE,TRUE,FALSE,FALSE,FALSE,FALSE
4280,Q433207,0679426159,196163959,8,mdp.39015055435070,Q433207,ic,0679426159,4280,FALSE,FALSE,TRUE,FALSE,FALSE,FALSE,FALSE
4283,Q72653,0440500729,354858,17,pst.000058051146,Q72653,ic,0440500729,4283,FALSE,FALSE,TRUE,FALSE,FALSE,FALSE,FALSE
4284,Q83325,0743493729,35009818,2,mdp.39015060123216,Q83325,ic,0743270614,4284,FALSE,FALSE,TRUE,FALSE,FALSE,FALSE,FALSE
4286,Q2342652,NA,3943559089,22,mdp.39015062494060,Q2342652,ic,NA,4286,FALSE,FALSE,TRUE,FALSE,FALSE,FALSE,FALSE
4287,Q78514,NA,3980165196,3,mdp.39015033397988,Q78514,ic,NA,4287,FALSE,FALSE,TRUE,FALSE,FALSE,FALSE,FALSE
4288,NA,NA,NA,3,uc1.b4086401,NA,ic,NA,224,TRUE,TRUE,TRUE,TRUE,FALSE,TRUE,TRUE
429,Q180962,038527887X,533611,6,uc1.32106005936296,Q180962,ic,NA,429,FALSE,FALSE,TRUE,FALSE,TRUE,FALSE,FALSE
4296,NA,NA,NA,1,uc1.b4086401,NA,ic,NA,224,TRUE,TRUE,TRUE,TRUE,FALSE,TRUE,TRUE
4298,NA,NA,NA,2,uc1.b4086401,NA,ic,NA,224,TRUE,TRUE,TRUE,TRUE,FALSE,TRUE,TRUE
4308,Q4309918,NA,366322354,16,mdp.39015056893418,Q4309918,ic,NA,4308,FALSE,FALSE,FALSE,FALSE,TRUE,FALSE,FALSE
431,NA,NA,NA,11,uc1.b4086401,NA,ic,NA,224,TRUE,TRUE,TRUE,TRUE,FALSE,TRUE,TRUE
4315,Q5478889,NA,519490,34,uc1.b3710831,Q5478889,ic,NA,4315,FALSE,FALSE,FALSE,FALSE,FALSE,FALSE,FALSE
4317,Q59532878,NA,1476688,3,mdp.39015012409077,Q59532878,ic,NA,4317,FALSE,FALSE,FALSE,FALSE,FALSE,FALSE,FALSE
4319,NA,NA,NA,3,uc1.b4086401,NA,ic,NA,224,TRUE,TRUE,TRUE,TRUE,FALSE,TRUE,TRUE
4328,Q550819,0399150870,374392231,2,mdp.39015060020446,Q550819,ic,0399150870,4328,FALSE,FALSE,TRUE,FALSE,FALSE,FALSE,FALSE
433,Q434735,NA,57067339,16,pst.000062855570,Q434735,ic,NA,433,FALSE,FALSE,FALSE,FALSE,TRUE,FALSE,FALSE
4330,Q1190579,NA,1466515,12,uc1.b3711212,Q1190579,und,NA,4330,FALSE,FALSE,FALSE,FALSE,FALSE,FALSE,FALSE
4331,Q37030,NA,462030,6,pst.000029139026,Q37030,ic,0394604830,4331,FALSE,FALSE,FALSE,FALSE,TRUE,FALSE,FALSE
4335,NA,NA,NA,1,uc1.b4086401,NA,ic,NA,224,TRUE,TRUE,TRUE,TRUE,FALSE,TRUE,TRUE
4338,Q433708,0030177618,27865,25,mdp.39015000542897,Q433708,ic,0030177618,4338,FALSE,FALSE,TRUE,FALSE,FALSE,FALSE,FALSE
4339,Q323353,9780399139314,6716339,1,mdp.39015033065213,Q323353,ic,0399139311,4339,FALSE,FALSE,TRUE,FALSE,FALSE,FALSE,FALSE
4341,Q726177,0679419829,6938,6,mdp.39015034285463,Q726177,ic,0679419829,4341,FALSE,FALSE,TRUE,FALSE,FALSE,FALSE,FALSE
4342,Q314929,0399134700,5969529,10,mdp.39015062109155,Q314929,ic,0718131800,4342,FALSE,FALSE,TRUE,FALSE,TRUE,FALSE,FALSE
4344,Q6548210,NA,197707254,32,mdp.39015049691218,Q6548210,ic,NA,4344,FALSE,FALSE,FALSE,FALSE,TRUE,FALSE,FALSE
435,Q448767,0517577631,22854895,1,uc1.32106009455319,Q448767,ic,9780517577639,435,FALSE,FALSE,TRUE,FALSE,FALSE,FALSE,FALSE
4350,Q7182457,NA,1471190,3,uc1.$b244819,Q7182457,ic,NA,4350,FALSE,FALSE,FALSE,FALSE,FALSE,FALSE,FALSE
4351,Q272076,0399131434,8912094736,1,mdp.49015002980580,Q272076,ic,NA,4351,FALSE,FALSE,TRUE,FALSE,TRUE,FALSE,FALSE
4353,NA,NA,480701665,15,uc1.$b404099,Q369632,und,NA,4353,FALSE,FALSE,TRUE,FALSE,FALSE,FALSE,FALSE
4356,Q611672,0671792814,219881812,12,mdp.39015026975949,Q611672,ic,0671792814,4356,FALSE,FALSE,TRUE,FALSE,FALSE,FALSE,FALSE
4357,Q726177,0679419810,196059880,7,mdp.39015058013296,Q726177,ic,0679419810,4357,FALSE,FALSE,TRUE,FALSE,FALSE,FALSE,FALSE
4358,Q249544,0385180144,544469,21,mdp.39015039090371,Q249544,ic,0440183669,4358,FALSE,FALSE,TRUE,FALSE,TRUE,FALSE,FALSE
436,Q448767,0517577631,22854895,17,uc1.32106009455319,Q448767,ic,9780517577639,435,TRUE,TRUE,TRUE,TRUE,FALSE,FALSE,FALSE
4363,Q16015494,NA,480419,7,mdp.39015058727051,Q16015494,ic,NA,4363,FALSE,FALSE,TRUE,FALSE,TRUE,FALSE,FALSE
4367,Q1701679,0399141383,370808609,7,mdp.39015037445304,Q1701679,ic,0399141383,4367,FALSE,FALSE,TRUE,FALSE,FALSE,FALSE,FALSE
4369,Q168441,1400044731,35018136,4,mdp.39015063339967,Q168441,ic,1400044731,4369,FALSE,FALSE,TRUE,FALSE,TRUE,FALSE,FALSE
437,Q228801,0060149205,8403,33,mdp.49015002573658,Q228801,ic,0060149205,437,FALSE,FALSE,TRUE,FALSE,FALSE,FALSE,FALSE
4372,Q533400,0609607375,275898525,1,mdp.39015050484420,Q533400,ic,0609607375,4372,FALSE,FALSE,TRUE,FALSE,FALSE,FALSE,FALSE
4373,Q3134083,NA,472709,10,mdp.39015008837968,Q3134083,ic,NA,4373,FALSE,FALSE,TRUE,FALSE,TRUE,FALSE,FALSE
4375,NA,NA,950699,1,mdp.39015037484535,NA,ic,NA,4375,FALSE,FALSE,TRUE,FALSE,TRUE,FALSE,FALSE
4378,Q441214,0385324057,535477,22,mdp.39015047066348,Q441214,ic,0385324057,4378,FALSE,FALSE,TRUE,FALSE,FALSE,FALSE,FALSE
438,Q983568,1573220825,1807426634,6,mdp.39015052614222,Q983568,ic,1573220825,438,FALSE,FALSE,TRUE,FALSE,FALSE,FALSE,FALSE
4380,Q1347301,0090991206,546700,9,uc1.b3435098,Q1347301,ic,NA,4380,FALSE,FALSE,TRUE,FALSE,FALSE,FALSE,FALSE
4381,NA,NA,NA,8,uc1.b4086401,NA,ic,NA,224,TRUE,TRUE,TRUE,TRUE,FALSE,TRUE,TRUE
4382,Q258096,0553104284,714379,1,mdp.39015058085120,Q258096,ic,0553104284,4382,FALSE,FALSE,TRUE,FALSE,FALSE,FALSE,FALSE
4383,Q185406,NA,1788184,1,mdp.39015016455860,Q185406,ic,NA,4383,FALSE,FALSE,TRUE,FALSE,FALSE,FALSE,FALSE
4385,Q72653,0385335466,687690,8,mdp.39015055087590,Q72653,ic,0385335466,4385,FALSE,FALSE,TRUE,FALSE,FALSE,FALSE,FALSE
4386,Q982095,0385488424,536004,2,mdp.39015040054101,Q982095,ic,0385488424,4386,FALSE,FALSE,TRUE,FALSE,FALSE,FALSE,FALSE
4388,Q2646833,0394536320,57524884,8,mdp.39015008434535,Q2646833,ic,0394536320,4388,FALSE,FALSE,TRUE,FALSE,FALSE,FALSE,FALSE
4389,Q6369994,0399152806,258026,1,mdp.39015060818427,Q6369994,ic,0399152806,4389,FALSE,FALSE,TRUE,FALSE,FALSE,FALSE,FALSE
4392,Q423597,0060161647,8629126,1,mdp.39015019563579,Q423597,ic,0060920335,4392,FALSE,FALSE,TRUE,FALSE,TRUE,FALSE,FALSE
4395,Q1349245,0553089234,561659,8,mdp.39015040065479,Q1349245,ic,0553089234,4395,FALSE,FALSE,TRUE,FALSE,FALSE,FALSE,FALSE
4397,Q434029,0345459164,1909522577,2,mdp.39015058207518,Q434029,ic,0345459164,4397,FALSE,FALSE,TRUE,FALSE,FALSE,FALSE,FALSE
4399,Q3704362,0778323021,48357980,4,mdp.39015064700936,Q3704362,ic,0778323021,4399,FALSE,FALSE,FALSE,FALSE,FALSE,FALSE,FALSE
4412,Q39212,9780143039471,1783968,25,uc1.32106002148002,Q39212,ic,NA,4412,FALSE,FALSE,FALSE,FALSE,FALSE,FALSE,FALSE
4420,NA,NA,NA,8,uc1.b4086401,NA,ic,NA,224,TRUE,TRUE,TRUE,TRUE,FALSE,TRUE,TRUE
4423,Q11326950,0671665537,198756417,1,uc1.b4432351,Q11326950,ic,0671665537,4423,FALSE,FALSE,TRUE,FALSE,FALSE,FALSE,FALSE
4425,Q1621598,0837137284,499920,1,mdp.39015011895540,Q1621598,ic,NA,4425,FALSE,FALSE,TRUE,FALSE,TRUE,FALSE,FALSE
4427,Q15524996,0899193129,6737383,1,uc1.b4421428,Q15524996,ic,0899193129,4427,FALSE,FALSE,TRUE,FALSE,FALSE,FALSE,FALSE
4429,Q2941863,9780399155031,115498347,4,mdp.39015077652207,Q2941863,ic,0399155031,4429,FALSE,FALSE,FALSE,FALSE,FALSE,FALSE,FALSE
443,Q5623772,NA,1496074,8,mdp.39015033003800,Q5623772,ic,NA,443,FALSE,FALSE,TRUE,FALSE,FALSE,FALSE,FALSE
4435,Q93444,NA,2908562576,1,uc1.b3582852,Q93444,ic,NA,4435,FALSE,FALSE,FALSE,FALSE,TRUE,FALSE,FALSE
4436,Q361623,NA,1486538,1,mdp.39015000544406,Q361623,ic,NA,4436,FALSE,FALSE,TRUE,FALSE,FALSE,FALSE,FALSE
4441,Q184785,067942573X,5453764047,16,mdp.39015032716113,Q184785,ic,067942573X,4441,FALSE,FALSE,TRUE,FALSE,FALSE,FALSE,FALSE
4449,Q72334,0394423291,461727,17,uc1.32106005767956,Q72334,ic,1400033446,4449,FALSE,FALSE,TRUE,FALSE,FALSE,FALSE,FALSE
4457,Q611672,0743250788,48094396,3,mdp.39015064904959,Q611672,ic,9780743250788,4457,FALSE,FALSE,FALSE,FALSE,FALSE,FALSE,FALSE
4458,Q273210,0375701893,33444495,3,uc1.32106017217883,Q273210,ic,0375701893,4458,FALSE,FALSE,TRUE,FALSE,TRUE,FALSE,FALSE
4461,Q318099,0385335555,830738,2,mdp.39015050794398,Q318099,ic,0385335555,4461,FALSE,FALSE,TRUE,FALSE,FALSE,FALSE,FALSE
4463,NA,NA,NA,2,uc1.b4086401,NA,ic,NA,224,TRUE,TRUE,TRUE,TRUE,FALSE,TRUE,TRUE
4465,Q2195939,NA,257267453,2,uc1.$b188413,Q2195939,ic,NA,4465,FALSE,FALSE,TRUE,FALSE,FALSE,FALSE,FALSE
4466,Q435326,0671002031,47860,2,mdp.39015049545562,Q435326,ic,0671002031,4466,FALSE,FALSE,TRUE,FALSE,FALSE,FALSE,FALSE
4467,Q7608321,9780061243400,139222396,1,mdp.39015078780445,Q7608321,ic,006124340X,4467,FALSE,FALSE,TRUE,FALSE,FALSE,FALSE,FALSE
4471,Q548345,0394448146,462035,32,mdp.39015000594930,Q548345,und,NA,4471,FALSE,FALSE,FALSE,FALSE,FALSE,FALSE,FALSE
4472,Q93354,0684717638,433141,5,mdp.39076001188627,Q93354,ic,0684178176,4472,FALSE,FALSE,FALSE,FALSE,TRUE,FALSE,FALSE
4473,Q445429,NA,20133318,14,mdp.39015011576298,Q445429,ic,NA,4473,FALSE,FALSE,FALSE,FALSE,FALSE,FALSE,FALSE
4474,NA,NA,NA,6,uc1.b4086401,NA,ic,NA,224,TRUE,TRUE,TRUE,TRUE,FALSE,TRUE,TRUE
4478,Q793895,9780385515511,198761709,4,mdp.39015079164938,Q793895,ic,0385515510,4478,FALSE,FALSE,TRUE,FALSE,FALSE,FALSE,FALSE
4479,Q105756,0307264653,46706266,4,mdp.39015064703138,Q105756,ic,9780307264657,4479,FALSE,FALSE,FALSE,FALSE,FALSE,FALSE,FALSE
4484,NA,NA,NA,3,uc1.b4086401,NA,ic,NA,224,TRUE,TRUE,TRUE,TRUE,FALSE,TRUE,TRUE
4485,NA,NA,NA,6,uc1.b4086401,NA,ic,NA,224,TRUE,TRUE,TRUE,TRUE,FALSE,TRUE,TRUE
4489,Q207515,9781585674343,81416,1,mdp.39015042143662,Q207515,ic,0891902945,4489,FALSE,FALSE,FALSE,FALSE,TRUE,FALSE,FALSE
449,Q93444,NA,5993782,1,inu.39000008448883,Q93444,ic,NA,449,FALSE,FALSE,FALSE,FALSE,FALSE,FALSE,FALSE
4491,Q3206288,0399141200,705887,12,mdp.39015037294595,Q3206288,ic,0399141200,4491,FALSE,FALSE,TRUE,FALSE,FALSE,FALSE,FALSE
4492,Q8000171,NA,1470686,3,uc1.$b63828,Q8000171,ic,NA,4492,FALSE,FALSE,FALSE,FALSE,FALSE,FALSE,FALSE
4495,Q124527,0671229443,1472728,8,mdp.39015008031729,Q124527,ic,0671721003,4495,FALSE,FALSE,TRUE,FALSE,FALSE,FALSE,FALSE
4498,NA,NA,NA,7,uc1.b4086401,NA,ic,NA,224,TRUE,TRUE,TRUE,TRUE,FALSE,TRUE,TRUE
4499,NA,NA,NA,7,uc1.b4086401,NA,ic,NA,224,TRUE,TRUE,TRUE,TRUE,FALSE,TRUE,TRUE
450,Q1453687,NA,480871,19,uc1.$b104177,Q1453687,ic,NA,450,FALSE,FALSE,FALSE,FALSE,FALSE,FALSE,FALSE
4500,NA,NA,NA,5,uc1.b4086401,NA,ic,NA,224,TRUE,TRUE,TRUE,TRUE,FALSE,TRUE,TRUE
4502,NA,NA,NA,4,uc1.b4086401,NA,ic,NA,224,TRUE,TRUE,TRUE,TRUE,FALSE,TRUE,TRUE
4503,Q983243,9780743238090,104654511,2,mdp.39015070749869,Q983243,ic,0743238095,4503,FALSE,FALSE,TRUE,FALSE,FALSE,FALSE,FALSE
4504,Q1373060,NA,1655909,13,mdp.39015016450499,Q1373060,ic,NA,4504,FALSE,FALSE,TRUE,FALSE,FALSE,FALSE,FALSE
4505,NA,NA,NA,11,uc1.b4086401,NA,ic,NA,224,TRUE,TRUE,TRUE,TRUE,FALSE,TRUE,TRUE
4507,NA,NA,NA,11,uc1.b4086401,NA,ic,NA,224,TRUE,TRUE,TRUE,TRUE,FALSE,TRUE,TRUE
4508,NA,NA,NA,8,uc1.b4086401,NA,ic,NA,224,TRUE,TRUE,TRUE,TRUE,FALSE,TRUE,TRUE
451,Q548345,NA,3901097596,6,uc1.$b401295,Q548345,ic,NA,451,FALSE,FALSE,TRUE,FALSE,FALSE,FALSE,FALSE
4510,NA,NA,NA,7,uc1.b4086401,NA,ic,NA,224,TRUE,TRUE,TRUE,TRUE,FALSE,TRUE,TRUE
4512,Q4819165,NA,2107961,3,mdp.39015016736681,Q4819165,ic,NA,4512,FALSE,FALSE,FALSE,FALSE,FALSE,FALSE,FALSE
4516,Q235615,039454689X,180937,29,mdp.39015040129994,Q235615,ic,039454689X,4516,FALSE,FALSE,TRUE,FALSE,FALSE,FALSE,FALSE
4518,Q193111,NA,1152502939,22,uc1.b4877325,Q193111,ic,NA,4518,FALSE,FALSE,TRUE,FALSE,FALSE,FALSE,FALSE
4520,Q83059,0140281606,724024,10,pst.000024504690,Q83059,ic,0140072721,4520,FALSE,FALSE,FALSE,FALSE,TRUE,FALSE,FALSE
4526,Q78494,NA,20001946,11,uc1.$b102373,Q78494,ic,NA,4526,FALSE,FALSE,TRUE,FALSE,FALSE,FALSE,FALSE
4528,Q9364,NA,20628929,3,mdp.39015000578669,Q9364,ic,NA,4528,FALSE,FALSE,TRUE,FALSE,FALSE,FALSE,FALSE
453,Q7917324,NA,21260402,20,uc1.$b63964,Q7917324,ic,NA,453,FALSE,FALSE,FALSE,FALSE,FALSE,FALSE,FALSE
4531,Q225089,0345485750,60048965,7,mdp.39015067684244,Q225089,ic,9780345485755,4531,FALSE,FALSE,TRUE,FALSE,FALSE,FALSE,FALSE
4532,Q110165892,NA,2380577,12,uc1.$b106355,Q110165892,pd,NA,4532,FALSE,FALSE,FALSE,FALSE,FALSE,FALSE,FALSE
4534,Q1683201,9780553802016,63258658,4,mdp.39015069312687,Q1683201,ic,0553802011,4534,FALSE,FALSE,TRUE,FALSE,FALSE,FALSE,FALSE
454,Q24579134,NA,1729990,8,mdp.39015063940152,Q24579134,ic,NA,454,FALSE,FALSE,FALSE,FALSE,FALSE,FALSE,FALSE
4540,Q235615,1400042070,198176217,12,mdp.39015058085914,Q235615,ic,1400042070,4540,FALSE,FALSE,TRUE,FALSE,FALSE,FALSE,FALSE
4541,NA,NA,NA,1,uc1.b4086401,NA,ic,NA,224,TRUE,TRUE,TRUE,TRUE,FALSE,TRUE,TRUE
4544,Q380202,NA,3768410302,8,uc1.b3687383,Q380202,und,NA,4544,FALSE,FALSE,TRUE,FALSE,FALSE,FALSE,FALSE
4546,Q6376862,NA,1944586,7,mdp.39015011485136,Q6376862,ic,NA,4546,FALSE,FALSE,FALSE,FALSE,FALSE,FALSE,FALSE
4548,Q172140,0224617907,156434628,30,mdp.39015020690858,Q172140,ic,NA,4548,FALSE,FALSE,TRUE,FALSE,FALSE,FALSE,FALSE
4553,Q5136879,NA,1810456952,1,mdp.39015059392293,Q5136879,ic,NA,4553,FALSE,FALSE,FALSE,FALSE,FALSE,FALSE,FALSE
4554,Q675396,NA,1649937,3,mdp.39015033398804,Q675396,ic,NA,4554,FALSE,FALSE,FALSE,FALSE,TRUE,FALSE,FALSE
4555,Q1779816,0671206680,4820343016,14,mdp.39015003680967,Q1779816,ic,0671206680,4555,FALSE,FALSE,TRUE,FALSE,FALSE,FALSE,FALSE
4557,Q224113,0553099930,53122134,11,mdp.39015054028488,Q224113,ic,0553099930,4557,FALSE,FALSE,TRUE,FALSE,FALSE,FALSE,FALSE
4559,Q380439,9997406265,1313554,20,uc1.b4368241,Q380439,ic|und,NA,4559,FALSE,FALSE,FALSE,FALSE,FALSE,FALSE,FALSE
456,Q1273517,038548030X,12719996,9,mdp.39015046410349,Q1273517,ic,038548030X,456,FALSE,FALSE,TRUE,FALSE,FALSE,FALSE,FALSE
4562,Q6950,0345447859,286462541,4,mdp.39015055479169,Q6950,ic,0345447859,4562,FALSE,FALSE,TRUE,FALSE,FALSE,FALSE,FALSE
4565,Q2179933,0399148787,705994,6,mdp.39015056248407,Q2179933,ic,0399148787,4565,FALSE,FALSE,TRUE,FALSE,FALSE,FALSE,FALSE
4566,Q72717,NA,1490650,42,mdp.39015030699915,Q72717,ic,NA,4566,FALSE,FALSE,TRUE,FALSE,FALSE,FALSE,FALSE
4568,NA,NA,2302212,16,mdp.39015016454616,Q69814887,ic,NA,4568,FALSE,FALSE,TRUE,FALSE,FALSE,FALSE,FALSE
4569,Q941334,9780061537936,793893578,5,mdp.39015076194003,Q941334,ic,0061537934,4569,FALSE,FALSE,FALSE,FALSE,FALSE,FALSE,FALSE
457,Q1226282,0452269563,31462483,52,pst.000066074649,Q1226282,ic,9780844666822,457,FALSE,FALSE,FALSE,FALSE,TRUE,FALSE,FALSE
4570,NA,NA,NA,4,uc1.b4086401,NA,ic,NA,224,TRUE,TRUE,TRUE,TRUE,FALSE,TRUE,TRUE
4573,NA,NA,NA,1,uc1.b4086401,NA,ic,NA,224,TRUE,FALSE,TRUE,TRUE,FALSE,TRUE,TRUE
4575,NA,NA,NA,1,uc1.b4086401,NA,ic,NA,224,TRUE,TRUE,TRUE,TRUE,FALSE,TRUE,TRUE
4589,Q272076,0399134980,336421,15,pst.000021969058,Q272076,ic,0399135103,4589,FALSE,FALSE,TRUE,FALSE,FALSE,FALSE,FALSE
4590,Q1775876,0880015403,510713,7,mdp.39015054027241,Q1775876,ic,NA,4590,FALSE,FALSE,FALSE,FALSE,TRUE,FALSE,FALSE
4592,Q3442258,NA,52770263,12,inu.32000009118748,Q3442258,ic,NA,4592,FALSE,FALSE,FALSE,FALSE,TRUE,FALSE,FALSE
4593,NA,NA,NA,1,uc1.b4086401,NA,ic,NA,224,TRUE,TRUE,TRUE,TRUE,FALSE,TRUE,TRUE
4597,Q434735,NA,57067826,14,uc1.b3835559,Q434735,ic|und,NA,4597,FALSE,FALSE,TRUE,FALSE,FALSE,FALSE,FALSE
4601,Q7609816,NA,105113840,1,uc1.$b105295,Q7609816,ic,NA,4601,FALSE,FALSE,FALSE,FALSE,FALSE,FALSE,FALSE
4602,Q8015404,NA,423181458,3,mdp.39015059430002,Q8015404,ic,NA,4602,FALSE,FALSE,FALSE,FALSE,FALSE,FALSE,FALSE
4603,Q105167,039914563X,509373214,21,mdp.39015046401017,Q105167,ic,039914563X,4603,FALSE,FALSE,TRUE,FALSE,FALSE,FALSE,FALSE
4607,Q6721514,NA,114144527,1,mdp.39015008834437,Q6721514,ic,NA,4607,FALSE,FALSE,TRUE,FALSE,FALSE,FALSE,FALSE
4608,NA,NA,5097826,13,mdp.39015000605058,NA,ic,NA,4608,FALSE,FALSE,TRUE,FALSE,FALSE,FALSE,FALSE
4612,Q133054,0060133562,102704,24,mdp.39015035325763,Q133054,ic,0060133562,4612,FALSE,FALSE,TRUE,FALSE,FALSE,FALSE,FALSE
4613,Q37030,NA,4714372367,7,mdp.39015011539221,Q37030,ic,NA,4613,FALSE,FALSE,FALSE,FALSE,FALSE,FALSE,FALSE
4615,NA,NA,NA,3,uc1.b4086401,NA,ic,NA,224,TRUE,TRUE,TRUE,TRUE,FALSE,TRUE,TRUE
4619,Q3292072,0385336195,20284263,1,mdp.39015056249025,Q3292072,ic,0385336195,4619,FALSE,FALSE,TRUE,FALSE,FALSE,FALSE,FALSE
462,NA,NA,NA,40,uc1.b4086401,NA,ic,NA,224,TRUE,TRUE,TRUE,TRUE,FALSE,TRUE,TRUE
4620,NA,NA,NA,12,uc1.b4086401,NA,ic,NA,224,TRUE,TRUE,TRUE,TRUE,FALSE,TRUE,TRUE
4621,NA,NA,NA,3,uc1.b4086401,NA,ic,NA,224,TRUE,TRUE,TRUE,TRUE,FALSE,TRUE,TRUE
4624,NA,NA,NA,1,uc1.b4086401,NA,ic,NA,224,TRUE,TRUE,TRUE,TRUE,FALSE,TRUE,TRUE
4625,Q1318617,NA,467341,62,mdp.39015030742269,Q1318617,ic,NA,4625,FALSE,FALSE,TRUE,FALSE,TRUE,FALSE,FALSE
4626,NA,NA,NA,3,uc1.b4086401,NA,ic,NA,224,TRUE,TRUE,TRUE,TRUE,FALSE,TRUE,TRUE
4627,Q548345,NA,265759203,14,mdp.39015013953735,Q548345,ic,NA,4627,FALSE,FALSE,TRUE,FALSE,FALSE,FALSE,FALSE
4631,Q6223379,NA,365794838,3,mdp.39015030947710,Q6223379,ic,NA,4631,FALSE,FALSE,TRUE,FALSE,TRUE,FALSE,FALSE
4632,Q505274,0224610031,2033160,13,uc1.32106007237131,Q505274,ic,0425044718,4632,FALSE,FALSE,TRUE,FALSE,TRUE,FALSE,FALSE
4633,NA,NA,NA,23,uc1.b4086401,NA,ic,NA,224,TRUE,TRUE,TRUE,TRUE,FALSE,TRUE,TRUE
4635,Q471413,NA,3943336664,1,mdp.39015030706074,Q471413,ic,NA,4635,FALSE,FALSE,FALSE,FALSE,FALSE,FALSE,FALSE
4638,Q274500,1400060737,32775,9,mdp.39015059258429,Q274500,ic,0812968972,4638,FALSE,FALSE,TRUE,FALSE,TRUE,FALSE,FALSE
4639,Q2428988,NA,1967921,5,umn.319510023627773,Q2428988,ic,NA,4639,FALSE,FALSE,FALSE,FALSE,FALSE,FALSE,FALSE
4640,Q394646,NA,1330644,38,mdp.39076000876305,Q394646,ic,NA,4640,FALSE,FALSE,TRUE,FALSE,TRUE,FALSE,FALSE
4644,NA,NA,1950133,13,uc1.$b105914,NA,ic,NA,4644,FALSE,FALSE,TRUE,FALSE,FALSE,FALSE,FALSE
4645,NA,NA,NA,7,uc1.b4086401,NA,ic,NA,224,TRUE,TRUE,TRUE,TRUE,FALSE,TRUE,TRUE
4649,Q1352236,044000523X,572730,18,mdp.39015005516805,Q1352236,ic,044000523X,4649,FALSE,FALSE,TRUE,FALSE,FALSE,FALSE,FALSE
4650,Q47293,0151131813,4820872332,9,mdp.39015006576253,Q47293,ic,NA,4650,FALSE,FALSE,FALSE,FALSE,FALSE,FALSE,FALSE
4651,Q4235282,9781568497013,287409395,39,mdp.39015024078571,Q4235282,ic,NA,4651,FALSE,FALSE,FALSE,FALSE,FALSE,FALSE,FALSE
4654,Q271931,067144784X,197414539,16,mdp.39015000513336,Q271931,ic,067144784X,4654,FALSE,FALSE,TRUE,FALSE,FALSE,FALSE,FALSE
4655,Q260026,NA,1321034,14,mdp.39015001796534,Q260026,ic,NA,4655,FALSE,FALSE,TRUE,FALSE,FALSE,FALSE,FALSE
4657,Q548004,NA,2237880,2,mdp.39015030717584,Q548004,und,NA,4657,FALSE,FALSE,FALSE,FALSE,FALSE,FALSE,FALSE
4659,NA,NA,NA,1,uc1.b4086401,NA,ic,NA,224,TRUE,TRUE,TRUE,TRUE,FALSE,TRUE,TRUE
4662,Q188286,067003004X,6355621,3,mdp.39015053123116,Q188286,ic,067003004X,4662,FALSE,FALSE,TRUE,FALSE,FALSE,FALSE,FALSE
4664,Q3616265,0061143405,136796280,1,mdp.39015068816621,Q3616265,ic,9780061143403,4664,FALSE,FALSE,TRUE,FALSE,FALSE,FALSE,FALSE
4665,Q72334,9780452282193,1169431,11,uc1.32106007456509,Q72334,ic,0030850746,4665,FALSE,FALSE,TRUE,FALSE,TRUE,FALSE,FALSE
4666,NA,NA,NA,3,uc1.b4086401,NA,ic,NA,224,TRUE,TRUE,TRUE,TRUE,FALSE,TRUE,TRUE
4669,Q231467,0684195976,4915123515,10,mdp.39015032709837,Q231467,ic,0684195976,4669,FALSE,FALSE,TRUE,FALSE,FALSE,FALSE,FALSE
467,Q203460,014016930X,503131694,1,pst.000017641807,Q203460,ic,0449209881,467,FALSE,FALSE,TRUE,FALSE,TRUE,FALSE,FALSE
4670,Q240212,0743272501,58485188,10,mdp.39015066845937,Q240212,ic,9780743272506,4670,FALSE,FALSE,TRUE,FALSE,FALSE,FALSE,FALSE
4674,Q6950,9780345497604,102828236,4,mdp.39015070756575,Q6950,ic,0345497600,4674,FALSE,FALSE,TRUE,FALSE,FALSE,FALSE,FALSE
4677,Q6551554,0743223543,12393123422,2,mdp.39015056249728,Q6551554,ic,0743223543,4677,FALSE,FALSE,TRUE,FALSE,FALSE,FALSE,FALSE
4678,Q234989,0399146431,45123,16,mdp.39015049983078,Q234989,ic,0399146857,4678,FALSE,FALSE,TRUE,FALSE,FALSE,FALSE,FALSE
468,Q287460,NA,196528344,13,inu.32000007577812,Q287460,ic,NA,468,FALSE,FALSE,FALSE,FALSE,TRUE,FALSE,FALSE
4680,Q2349371,0030718872,810648,6,uc1.b4974873,Q2349371,ic,0030718872,4680,FALSE,FALSE,TRUE,FALSE,FALSE,FALSE,FALSE
4683,Q183031,067084943X,345486,9,mdp.39015032755392,Q183031,ic,067084943X,4683,FALSE,FALSE,TRUE,FALSE,FALSE,FALSE,FALSE
4686,Q560735,0394520319,463392,3,mdp.39015003491670,Q560735,ic,0394520319,4686,FALSE,FALSE,TRUE,FALSE,FALSE,FALSE,FALSE
4689,Q453410,0292707185,432877,24,mdp.39015004159029,Q453410,ic,0292707185,4689,FALSE,FALSE,TRUE,FALSE,FALSE,FALSE,FALSE
469,Q313593,0375410538,835347,5,mdp.39015050265381,Q313593,ic,0375410538,469,FALSE,FALSE,TRUE,FALSE,FALSE,FALSE,FALSE
4690,NA,NA,NA,7,uc1.b4086401,NA,ic,NA,224,TRUE,TRUE,TRUE,TRUE,FALSE,TRUE,TRUE
4692,Q1627461,0743249925,741817,1,mdp.39015058732895,Q1627461,ic,0743249925,4692,FALSE,FALSE,TRUE,FALSE,FALSE,FALSE,FALSE
4693,NA,NA,NA,4,uc1.b4086401,NA,ic,NA,224,TRUE,TRUE,TRUE,TRUE,FALSE,TRUE,TRUE
4697,NA,NA,3943337592,3,uc1.$b100818,NA,ic,NA,4697,FALSE,FALSE,FALSE,FALSE,TRUE,FALSE,FALSE
470,Q3335,0965052745,259236,6,mdp.39015035730640,Q3335,ic|und,NA,470,FALSE,FALSE,TRUE,FALSE,FALSE,FALSE,FALSE
4700,NA,NA,NA,4,uc1.b4086401,NA,ic,NA,224,TRUE,TRUE,TRUE,TRUE,FALSE,TRUE,TRUE
4701,NA,NA,NA,2,uc1.b4086401,NA,ic,NA,224,TRUE,TRUE,TRUE,TRUE,FALSE,TRUE,TRUE
4703,NA,NA,NA,1,uc1.b4086401,NA,ic,NA,224,TRUE,TRUE,TRUE,TRUE,FALSE,TRUE,TRUE
4705,NA,NA,NA,3,uc1.b4086401,NA,ic,NA,224,TRUE,TRUE,TRUE,TRUE,FALSE,TRUE,TRUE
4706,NA,NA,NA,7,uc1.b4086401,NA,ic,NA,224,TRUE,TRUE,TRUE,TRUE,FALSE,TRUE,TRUE
471,Q275719,NA,1449229,3,uc1.$b57044,Q275719,ic,NA,471,FALSE,FALSE,FALSE,FALSE,FALSE,FALSE,FALSE
4713,Q4762571,NA,16494031,8,mdp.39015005768000,Q4762571,ic,NA,4713,FALSE,FALSE,FALSE,FALSE,FALSE,FALSE,FALSE
4715,Q7788145,NA,117022748,22,uc1.b3711207,Q7788145,ic,NA,4715,FALSE,FALSE,FALSE,FALSE,FALSE,FALSE,FALSE
4718,Q356639,NA,1062111,13,uc1.$b393746,Q356639,und,NA,4718,FALSE,FALSE,FALSE,FALSE,FALSE,FALSE,FALSE
4719,Q106465,0385497482,831842,31,mdp.39015058017735,Q106465,ic,NA,4719,FALSE,FALSE,TRUE,FALSE,TRUE,FALSE,FALSE
472,Q123469,NA,1464799,12,mdp.39015000635923,Q123469,ic,NA,472,FALSE,FALSE,FALSE,FALSE,TRUE,FALSE,FALSE
4722,Q361653,0394417801,4920681685,12,pst.000029586813,Q361653,ic,NA,4722,FALSE,FALSE,FALSE,FALSE,TRUE,FALSE,FALSE
4725,Q110226073,NA,1806829941,3,uc1.$b805557,Q110226073,und,NA,4725,FALSE,FALSE,TRUE,FALSE,FALSE,FALSE,FALSE
4729,NA,0385510454,863531,14,uc1.32106019463055,NA,ic,0385510454,4729,FALSE,FALSE,TRUE,FALSE,FALSE,FALSE,FALSE
4730,Q235354,NA,1066116,25,mdp.39015004114446,Q235354,ic,NA,4730,FALSE,FALSE,TRUE,FALSE,FALSE,FALSE,FALSE
4731,Q6760816,NA,2335802,5,uc1.$b105666,Q6760816,ic,NA,4731,FALSE,FALSE,FALSE,FALSE,FALSE,FALSE,FALSE
4732,Q42511,NA,1439386,1,uc1.b3759960,Q42511,icus,NA,4732,FALSE,FALSE,FALSE,FALSE,TRUE,FALSE,FALSE
4733,Q486096,NA,3320,9,mdp.39015005253516,Q486096,ic,NA,4733,FALSE,FALSE,TRUE,FALSE,TRUE,FALSE,FALSE
474,Q71548,NA,2097194,4,mdp.39015020058577,Q71548,und,NA,474,FALSE,FALSE,FALSE,FALSE,FALSE,FALSE,FALSE
4740,Q2880806,0385480539,680627,4,mdp.39015038125772,Q2880806,ic,0385480539,4740,FALSE,FALSE,TRUE,FALSE,FALSE,FALSE,FALSE
4744,Q6504577,NA,1462017,6,uc1.b4084616,Q6504577,ic,NA,4744,FALSE,FALSE,TRUE,FALSE,FALSE,FALSE,FALSE
4745,Q268466,9780061227325,70000751,3,mdp.39015070739175,Q268466,ic,0061227323,4745,FALSE,FALSE,FALSE,FALSE,TRUE,FALSE,FALSE
4747,Q81071,0394742125,464841,4,uc1.$b323525,Q81071,ic,NA,4747,FALSE,FALSE,TRUE,FALSE,FALSE,FALSE,FALSE
4748,NA,NA,NA,1,uc1.b4086401,NA,ic,NA,224,TRUE,TRUE,TRUE,TRUE,FALSE,TRUE,TRUE
4749,Q49072,NA,147472,123,umn.31951002008189b,Q49072,ic,0385040539,4749,FALSE,FALSE,TRUE,FALSE,TRUE,FALSE,FALSE
4752,Q7343195,0394465822,462121,21,uc1.b4951750,Q7343195,ic,9780394465821,4752,FALSE,FALSE,TRUE,FALSE,FALSE,FALSE,FALSE
4753,Q203433,0872234525,48354641,6,uc1.b3463714,Q203433,ic,0872234525,4753,FALSE,FALSE,TRUE,FALSE,FALSE,FALSE,FALSE
4754,Q548345,NA,573125,12,uc1.b3972702,Q548345,ic,NA,4754,FALSE,FALSE,TRUE,FALSE,FALSE,FALSE,FALSE
4755,Q59210,NA,102196480,5,mdp.39015062401438,Q59210,ic,NA,4755,FALSE,FALSE,FALSE,FALSE,TRUE,FALSE,FALSE
4758,Q1607063,NA,1363409,56,pst.000032352818,Q1607063,ic,NA,4758,FALSE,FALSE,TRUE,FALSE,TRUE,FALSE,FALSE
476,Q273210,0679744711,36765858,23,uc1.32106013737926,Q273210,ic,0440302005,476,FALSE,FALSE,TRUE,FALSE,TRUE,FALSE,FALSE
4762,Q639041,0385311079,441848,3,mdp.39015034300874,Q639041,ic,0385311079,4762,FALSE,FALSE,TRUE,FALSE,TRUE,FALSE,FALSE
4763,Q285876,0684868911,48744,8,mdp.39015049550182,Q285876,ic,0684868911,4763,FALSE,FALSE,TRUE,FALSE,FALSE,FALSE,FALSE
4767,Q3266243,NA,1293106,1,mdp.39015066057152,Q3266243,pd,NA,4767,FALSE,FALSE,TRUE,FALSE,TRUE,FALSE,FALSE
4771,Q180962,9780394536491,57492498,3,mdp.39015066877328,Q180962,ic,9780394536491,4771,FALSE,FALSE,TRUE,FALSE,FALSE,FALSE,FALSE
4773,Q262561,0399139818,799587,5,mdp.39015033265524,Q262561,ic,0399139818,4773,FALSE,FALSE,TRUE,FALSE,FALSE,FALSE,FALSE
4774,Q262561,0399149422,263981,5,mdp.39015056250353,Q262561,ic,0399149422,4774,FALSE,FALSE,TRUE,FALSE,FALSE,FALSE,FALSE
4779,Q262561,0399136460,799589,5,pst.000032247367,Q262561,ic,0399136460,4779,FALSE,FALSE,TRUE,FALSE,FALSE,FALSE,FALSE
4780,Q262561,0399145702,9969766,5,mdp.39015048828365,Q262561,ic,0399145702,4780,FALSE,FALSE,TRUE,FALSE,FALSE,FALSE,FALSE
4781,Q262561,0399140751,799590,6,mdp.39015037315218,Q262561,ic,0399140751,4781,FALSE,FALSE,TRUE,FALSE,FALSE,FALSE,FALSE
4782,Q262561,0399143335,6916,6,mdp.39015040361498,Q262561,ic,0399143335,4782,FALSE,FALSE,TRUE,FALSE,FALSE,FALSE,FALSE
4783,Q262561,0399144315,4164293439,6,mdp.39015046882836,Q262561,ic,0399144315,4783,FALSE,FALSE,TRUE,FALSE,FALSE,FALSE,FALSE
4784,Q262561,0399146652,45137,5,mdp.39015049983094,Q262561,ic,0399146652,4784,FALSE,FALSE,TRUE,FALSE,FALSE,FALSE,FALSE
4785,Q262561,039914210X,553020,5,mdp.39015038582709,Q262561,ic,039914210X,4785,FALSE,FALSE,TRUE,FALSE,FALSE,FALSE,FALSE
4786,Q262561,0399151079,4799820397,4,mdp.39015058207617,Q262561,ic,0399151079,4786,FALSE,FALSE,TRUE,FALSE,FALSE,FALSE,FALSE
4787,Q123078,0399131035,20289362,11,mdp.49015003132090,Q123078,ic,0399131167,4787,FALSE,FALSE,TRUE,FALSE,FALSE,FALSE,FALSE
479,Q445429,0399125663,20653327,20,pst.000018061024,Q445429,ic,NA,479,FALSE,FALSE,TRUE,FALSE,TRUE,FALSE,FALSE
4791,Q262561,039914675X,768755,6,mdp.39015054280071,Q262561,ic,039914675X,4791,FALSE,FALSE,TRUE,FALSE,FALSE,FALSE,FALSE
4792,NA,0316769533,375516175,29,mdp.39015066049530,NA,ic,NA,4792,FALSE,FALSE,TRUE,FALSE,TRUE,FALSE,FALSE
4793,Q290633,NA,314818705,2,mdp.39015003471615,Q290633,ic,NA,4793,FALSE,FALSE,TRUE,FALSE,FALSE,FALSE,FALSE
4794,Q312720,0394418824,52424171,20,mdp.39015050982456,Q312720,ic,NA,4794,FALSE,FALSE,TRUE,FALSE,FALSE,FALSE,FALSE
4795,Q6499575,NA,292055705,1,uc1.$b103003,Q6499575,ic,NA,4795,FALSE,FALSE,TRUE,FALSE,FALSE,FALSE,FALSE
4797,Q105756,0394418816,461658,10,pst.000046943897,Q105756,ic,0449912167,4797,FALSE,FALSE,TRUE,FALSE,TRUE,FALSE,FALSE
4799,Q7154292,NA,1471408,20,mdp.39015019945537,Q7154292,und,NA,4799,FALSE,FALSE,TRUE,FALSE,FALSE,FALSE,FALSE
48,Q663928,0553070037,57888609,4,uc1.b4975998,Q663928,ic,0553070037,48,FALSE,FALSE,TRUE,FALSE,FALSE,FALSE,FALSE
480,Q72653,0385335431,687698,10,pst.000058093399,Q72653,ic,0385336578,480,FALSE,FALSE,TRUE,FALSE,FALSE,FALSE,FALSE
4802,Q224113,080371274X,49658702,23,mdp.49015002612373,Q224113,ic,080371274X,4802,FALSE,FALSE,TRUE,FALSE,FALSE,FALSE,FALSE
4804,Q235354,NA,687553,1,inu.32000007470240,Q235354,ic,NA,4804,FALSE,FALSE,TRUE,FALSE,FALSE,FALSE,FALSE
4805,Q225089,9780345485793,131849675,4,mdp.39015080845004,Q225089,ic,0340933461,4805,FALSE,FALSE,TRUE,FALSE,TRUE,FALSE,FALSE
4807,Q366266,9780399154386,102471283,8,mdp.39015073656749,Q366266,ic,0399154388,4807,FALSE,FALSE,TRUE,FALSE,FALSE,FALSE,FALSE
4808,NA,NA,NA,3,uc1.b4086401,NA,ic,NA,224,TRUE,TRUE,TRUE,TRUE,FALSE,TRUE,TRUE
4809,Q1541271,9780679761563,57573937,14,mdp.39015004039585,Q1541271,und,NA,4809,FALSE,FALSE,TRUE,FALSE,FALSE,FALSE,FALSE
481,Q1364205,NA,483896,86,mdp.49015000558826,Q1364205,ic,NA,481,FALSE,FALSE,FALSE,FALSE,FALSE,FALSE,FALSE
4810,NA,NA,NA,3,uc1.b4086401,NA,ic,NA,224,TRUE,TRUE,TRUE,TRUE,FALSE,TRUE,TRUE
4811,NA,NA,NA,4,uc1.b4086401,NA,ic,NA,224,TRUE,FALSE,TRUE,TRUE,FALSE,TRUE,TRUE
4812,NA,NA,NA,6,uc1.b4086401,NA,ic,NA,224,TRUE,TRUE,TRUE,TRUE,FALSE,TRUE,TRUE
4814,Q356639,9780434699117,1477424,15,mdp.39015004984376,Q356639,ic,NA,4814,FALSE,FALSE,TRUE,FALSE,FALSE,FALSE,FALSE
4815,Q5478889,NA,1684944,14,mdp.39015057571930,Q5478889,ic,NA,4815,FALSE,FALSE,TRUE,FALSE,TRUE,FALSE,FALSE
4817,Q535812,NA,51583097,11,mdp.39015010234410,Q535812,ic,NA,4817,FALSE,FALSE,TRUE,FALSE,TRUE,FALSE,FALSE
4819,Q4776342,NA,132010236,1,uc1.$b104281,Q4776342,pd,NA,4819,FALSE,FALSE,FALSE,FALSE,FALSE,FALSE,FALSE
4822,Q270648,0679418733,17186071,7,mdp.49015001376525,Q270648,ic,0679418733,4822,FALSE,FALSE,TRUE,FALSE,FALSE,FALSE,FALSE
4823,NA,NA,NA,13,uc1.b4086401,NA,ic,NA,224,TRUE,TRUE,TRUE,TRUE,FALSE,TRUE,TRUE
4827,Q560735,0671136747,196119186,39,pst.000046152572,Q560735,ic,1568493193,4827,FALSE,FALSE,TRUE,FALSE,TRUE,FALSE,FALSE
4830,Q285876,0684814994,2053430,29,mdp.39015037305821,Q285876,ic,0684815907,4830,FALSE,FALSE,TRUE,FALSE,FALSE,FALSE,FALSE
4835,NA,NA,NA,13,uc1.b4086401,NA,ic,NA,224,TRUE,TRUE,TRUE,TRUE,FALSE,TRUE,TRUE
4836,NA,NA,NA,7,uc1.b4086401,NA,ic,NA,224,TRUE,TRUE,TRUE,TRUE,FALSE,TRUE,TRUE
4839,NA,NA,NA,7,uc1.b4086401,NA,ic,NA,224,TRUE,TRUE,TRUE,TRUE,FALSE,TRUE,TRUE
4840,Q310379,068803036X,48530,21,mdp.39015006236957,Q310379,ic,0688057624,4840,FALSE,FALSE,TRUE,FALSE,FALSE,FALSE,FALSE
4841,NA,NA,NA,4,uc1.b4086401,NA,ic,NA,224,TRUE,TRUE,TRUE,TRUE,FALSE,TRUE,TRUE
4843,NA,NA,NA,12,uc1.b4086401,NA,ic,NA,224,TRUE,TRUE,TRUE,TRUE,FALSE,TRUE,TRUE
4844,Q179059,9780316161831,1008208,60,uc1.b3834592,Q179059,ic,NA,4844,FALSE,FALSE,FALSE,FALSE,FALSE,FALSE,FALSE
4846,Q167821,NA,752846,8,pst.000018040067,Q167821,ic,0345332717,4846,FALSE,FALSE,TRUE,FALSE,TRUE,FALSE,FALSE
4849,Q229996,0517542021,196365481,18,mdp.39015020746072,Q229996,ic,0517542021,4849,FALSE,FALSE,TRUE,FALSE,FALSE,FALSE,FALSE
485,Q3334185,0743242157,1039831,1,mdp.39015060110775,Q3334185,ic,0743242157,485,FALSE,FALSE,TRUE,FALSE,FALSE,FALSE,FALSE
4851,Q1594680,NA,1448993,17,uc1.b3688430,Q1594680,ic,NA,4851,FALSE,FALSE,TRUE,FALSE,FALSE,FALSE,FALSE
4852,Q106465,038542471X,334880,48,mdp.39015058013098,Q106465,ic,NA,4852,FALSE,FALSE,TRUE,FALSE,TRUE,FALSE,FALSE
4853,Q1349245,0553089226,600735,8,mdp.39015038537968,Q1349245,ic,0553089226,4853,FALSE,FALSE,TRUE,FALSE,FALSE,FALSE,FALSE
4858,NA,NA,NA,4,uc1.b4086401,NA,ic,NA,224,TRUE,TRUE,TRUE,TRUE,FALSE,TRUE,TRUE
486,Q1273517,0385495056,769989,8,mdp.39015053369156,Q1273517,ic,0385495056,486,FALSE,FALSE,TRUE,FALSE,FALSE,FALSE,FALSE
4862,Q259364,0151189943,3863658855,6,mdp.39015046831262,Q259364,ic,0151189943,4862,FALSE,FALSE,TRUE,FALSE,FALSE,FALSE,FALSE
4867,Q215868,0151191530,567984,3,pst.000059700951,Q215868,ic,0671647458,4867,FALSE,FALSE,TRUE,FALSE,TRUE,FALSE,FALSE
487,Q236950,0060162724,10316707,1,mdp.39015016992219,Q236950,ic,0060162724,487,FALSE,FALSE,TRUE,FALSE,FALSE,FALSE,FALSE
4870,Q128560,9780143039198,48610725,18,uc1.32106001986998,Q128560,ic,0370106016,4870,FALSE,FALSE,TRUE,FALSE,TRUE,FALSE,FALSE
4872,Q5365612,NA,428246950,1,uc1.b4099785,Q5365612,und,NA,4872,FALSE,FALSE,FALSE,FALSE,FALSE,FALSE,FALSE
4875,Q433994,0394505085,462871,14,mdp.39015066052781,Q433994,ic,0394505085,4875,FALSE,FALSE,TRUE,FALSE,FALSE,FALSE,FALSE
4877,NA,NA,NA,12,uc1.b4086401,NA,ic,NA,224,TRUE,FALSE,TRUE,TRUE,FALSE,TRUE,TRUE
4879,Q245257,9780679736639,61140603,44,mdp.39015024078944,Q245257,ic,NA,4879,FALSE,FALSE,TRUE,FALSE,FALSE,FALSE,FALSE
4882,Q1349245,0345452577,683620,2,mdp.39015058085666,Q1349245,ic,0345452577,4882,FALSE,FALSE,TRUE,FALSE,FALSE,FALSE,FALSE
4885,Q2908658,NA,57521786,29,mdp.39015019181323,Q2908658,ic,NA,4885,FALSE,FALSE,TRUE,FALSE,FALSE,FALSE,FALSE
4887,Q227099,NA,1480958,10,mdp.39015030352200,Q227099,ic,NA,4887,FALSE,FALSE,FALSE,FALSE,FALSE,FALSE,FALSE
4888,NA,NA,NA,4,uc1.b4086401,NA,ic,NA,224,TRUE,TRUE,TRUE,TRUE,FALSE,TRUE,TRUE
489,Q531759,0679441239,570720,1,uc1.32106012207905,Q531759,ic,0241134692,489,FALSE,FALSE,TRUE,FALSE,TRUE,FALSE,FALSE
4890,Q72653,0385335520,3943379993,6,mdp.39015054182822,Q72653,ic,0385336225,4890,FALSE,FALSE,TRUE,FALSE,FALSE,FALSE,FALSE
4893,Q105756,039450268X,462751,17,mdp.39015013129807,Q105756,ic,9780394503554,4893,FALSE,FALSE,TRUE,FALSE,FALSE,FALSE,FALSE
4895,Q1173398,0553089285,21001252,3,mdp.49015002772946,Q1173398,ic,0553089285,4895,FALSE,FALSE,TRUE,FALSE,FALSE,FALSE,FALSE
4899,NA,NA,NA,45,uc1.b4086401,NA,ic,NA,224,TRUE,TRUE,TRUE,TRUE,FALSE,TRUE,TRUE
49,Q18391,NA,600433,7,pst.000025930993,Q18391,ic,0805207783,49,FALSE,FALSE,TRUE,FALSE,TRUE,FALSE,FALSE
490,Q611672,0671642685,17207233,18,mdp.39015012414523,Q611672,ic,0671642685,490,FALSE,FALSE,TRUE,FALSE,FALSE,FALSE,FALSE
4900,Q207515,9997520580,2452505926,4,mdp.39015001668964,Q207515,ic,9789997520586,4900,FALSE,FALSE,FALSE,FALSE,FALSE,FALSE,FALSE
4903,Q106608,NA,10076293470,7,mdp.39015020703040,Q106608,ic,NA,4903,FALSE,FALSE,FALSE,FALSE,FALSE,FALSE,FALSE
4904,Q272610,0394574753,4769698879,12,mdp.39015017434344,Q272610,ic,0394574753,4904,FALSE,FALSE,TRUE,FALSE,FALSE,FALSE,FALSE
4906,NA,NA,NA,7,uc1.b4086401,NA,ic,NA,224,TRUE,TRUE,FALSE,TRUE,FALSE,TRUE,TRUE
4907,Q559506,1580800467,17621059,61,mdp.39015000643026,Q559506,ic,NA,4907,FALSE,FALSE,TRUE,FALSE,FALSE,FALSE,FALSE
4908,Q76534,NA,52923453,10,uc1.$b795058,Q76534,pdus,NA,4908,FALSE,FALSE,TRUE,FALSE,FALSE,FALSE,FALSE
4910,Q6914955,NA,1477809,3,mdp.39015023227559,Q6914955,ic,NA,4910,FALSE,FALSE,TRUE,FALSE,FALSE,FALSE,FALSE
4911,Q271111,9780060548254,3769332602,35,pst.000032219715,Q271111,ic,0449911616,4911,FALSE,FALSE,TRUE,FALSE,TRUE,FALSE,FALSE
4912,Q242162,0553089293,20106694,2,mdp.39015032316286,Q242162,ic,0553089293,4912,FALSE,FALSE,TRUE,FALSE,FALSE,FALSE,FALSE
4915,Q545375,0670859117,288706574,5,mdp.39015036031774,Q545375,ic,0670859117,4915,FALSE,FALSE,TRUE,FALSE,FALSE,FALSE,FALSE
4916,Q356357,0385509456,689359,8,mdp.39015062063501,Q356357,ic,0224063782,4916,FALSE,FALSE,TRUE,FALSE,TRUE,FALSE,FALSE
4917,NA,NA,NA,4,uc1.b4086401,NA,ic,NA,224,TRUE,TRUE,TRUE,TRUE,FALSE,TRUE,TRUE
4918,Q7345,9780385504201,925261,165,mdp.39015062111086,Q7345,ic,0385504209,4918,FALSE,FALSE,TRUE,FALSE,FALSE,FALSE,FALSE
492,Q238331,0394552830,7314402,3,uc1.32106012572639,Q238331,ic,0394552830,492,FALSE,FALSE,TRUE,FALSE,FALSE,FALSE,FALSE
4920,Q314929,0399128905,369610,13,mdp.39015027233603,Q314929,ic,0718123409,4920,FALSE,FALSE,TRUE,FALSE,TRUE,FALSE,FALSE
4921,Q5560909,NA,3943490033,3,mdp.39015063917002,Q5560909,ic,NA,4921,FALSE,FALSE,FALSE,FALSE,FALSE,FALSE,FALSE
4922,Q180223,0375505296,48397247,5,mdp.39015056277596,Q180223,ic,0375505296,4922,FALSE,FALSE,TRUE,FALSE,FALSE,FALSE,FALSE
4924,Q193111,NA,2908464715,17,mdp.39015005148450,Q193111,ic,NA,4924,FALSE,FALSE,FALSE,FALSE,FALSE,FALSE,FALSE
4925,Q39829,067082982X,1070392086,19,uc1.32106011612402,Q39829,ic,067082982X,4925,FALSE,FALSE,TRUE,FALSE,FALSE,FALSE,FALSE
4926,Q1621598,0395254027,468058,1,uc1.b4381215,Q1621598,ic,9780395254028,4926,FALSE,FALSE,TRUE,FALSE,FALSE,FALSE,FALSE
4927,Q13511828,NA,1428040,5,uc1.$b106426,Q13511828,ic,NA,4927,FALSE,FALSE,TRUE,FALSE,FALSE,FALSE,FALSE
4928,NA,NA,NA,6,uc1.b4086401,NA,ic,NA,224,TRUE,TRUE,TRUE,TRUE,FALSE,TRUE,TRUE
493,Q1374829,0345401018,601237,1,mdp.39015041542591,Q1374829,ic,0345401018,493,FALSE,FALSE,TRUE,FALSE,FALSE,FALSE,FALSE
4930,Q3616265,9780061143427,3855984448,1,mdp.39015073992995,Q3616265,ic,0061143421,4930,FALSE,FALSE,TRUE,FALSE,FALSE,FALSE,FALSE
4932,NA,NA,NA,9,uc1.b4086401,NA,ic,NA,224,TRUE,TRUE,TRUE,TRUE,FALSE,TRUE,TRUE
4933,Q5111033,NA,149483428,10,mdp.39015059423429,Q5111033,ic,NA,4933,FALSE,FALSE,TRUE,FALSE,FALSE,FALSE,FALSE
4935,Q272076,9780553804829,104340713,9,mdp.39015074050330,Q272076,ic,0553804820,4935,FALSE,FALSE,TRUE,FALSE,FALSE,FALSE,FALSE
4936,Q4235282,NA,287410575,19,uc1.b3620420,Q4235282,ic,NA,4936,FALSE,FALSE,TRUE,FALSE,FALSE,FALSE,FALSE
4939,Q249197,0670259365,350928,36,mdp.39015003677161,Q249197,ic,0670259365,4939,FALSE,FALSE,TRUE,FALSE,FALSE,FALSE,FALSE
494,Q347890,NA,51568499,5,mdp.39015059120058,Q347890,ic,1590170814,494,FALSE,FALSE,FALSE,FALSE,TRUE,FALSE,FALSE
4940,Q6141832,NA,1286073,3,uc1.b4384778,Q6141832,und,NA,4940,FALSE,FALSE,TRUE,FALSE,FALSE,FALSE,FALSE
4941,NA,NA,2317711,2,uc1.$b105597,Q112419697,pd,NA,4941,FALSE,FALSE,TRUE,FALSE,FALSE,FALSE,FALSE
4945,Q6551554,0684849046,777680,1,mdp.39015053042423,Q6551554,ic,0684849046,4945,FALSE,FALSE,TRUE,FALSE,FALSE,FALSE,FALSE
4946,Q83059,0060148497,569972,12,mdp.39015000525157,Q83059,ic,0060148497,4946,FALSE,FALSE,TRUE,FALSE,FALSE,FALSE,FALSE
4947,Q242571,NA,19443286,25,mdp.39015003942334,Q242571,und,NA,4947,FALSE,FALSE,TRUE,FALSE,FALSE,FALSE,FALSE
495,Q81447,NA,144994,6,miun.acb1468.0001.001,Q81447,ic,NA,495,FALSE,FALSE,TRUE,FALSE,FALSE,FALSE,FALSE
4954,Q1243147,1401352448,47559339,2,mdp.39015064680708,Q1243147,ic,1401352448,4954,FALSE,FALSE,FALSE,FALSE,FALSE,FALSE,FALSE
4957,Q6120271,0670865796,636861,29,mdp.39015037824920,Q6120271,ic,0670865796,4957,FALSE,FALSE,TRUE,FALSE,FALSE,FALSE,FALSE
4958,Q112460738,NA,2483167,6,uc1.b3346858,Q112460738,und,NA,4958,FALSE,FALSE,FALSE,FALSE,FALSE,FALSE,FALSE
4959,Q180962,NA,473761,15,mdp.39015035304172,Q180962,ic,NA,4959,FALSE,FALSE,FALSE,FALSE,TRUE,FALSE,FALSE
4964,NA,NA,NA,1,uc1.b4086401,NA,ic,NA,224,TRUE,TRUE,TRUE,TRUE,FALSE,TRUE,TRUE
4965,Q550667,NA,12756562,10,mdp.39015016415427,Q550667,ic,NA,4965,FALSE,FALSE,FALSE,FALSE,TRUE,FALSE,FALSE
4968,NA,NA,199066951,16,mdp.39015054459097,NA,ic,NA,4968,FALSE,FALSE,TRUE,FALSE,FALSE,FALSE,FALSE
4969,Q176049,038550926X,689277,24,mdp.39015056906384,Q176049,ic,038550926X,4969,FALSE,FALSE,TRUE,FALSE,FALSE,FALSE,FALSE
4970,NA,0688014534,367542242,38,mdp.39015009131163,NA,und,NA,4970,FALSE,FALSE,TRUE,FALSE,FALSE,FALSE,FALSE
4971,Q445429,NA,57066946,13,mdp.39015011598730,Q445429,ic,NA,4971,FALSE,FALSE,FALSE,FALSE,FALSE,FALSE,FALSE
4973,Q1701679,0399146504,20591946,4,mdp.39015050304271,Q1701679,ic,0399146504,4973,FALSE,FALSE,TRUE,FALSE,FALSE,FALSE,FALSE
4975,Q1444495,NA,102192939,10,mdp.39015014891447,Q1444495,ic,NA,4975,FALSE,FALSE,FALSE,FALSE,FALSE,FALSE,FALSE
4976,Q258096,1551667932,10913490,1,mdp.39015050499048,Q258096,ic,1551667932,4976,FALSE,FALSE,TRUE,FALSE,TRUE,FALSE,FALSE
4977,Q358188,0684852926,753637,1,mdp.39015048756525,Q358188,ic,0684852926,4977,FALSE,FALSE,TRUE,FALSE,FALSE,FALSE,FALSE
4978,NA,NA,NA,3,uc1.b4086401,NA,ic,NA,224,TRUE,TRUE,TRUE,TRUE,FALSE,TRUE,TRUE
4979,NA,NA,NA,4,uc1.b4086401,NA,ic,NA,224,TRUE,TRUE,TRUE,TRUE,FALSE,TRUE,TRUE
498,NA,NA,NA,13,uc1.b4086401,NA,ic,NA,224,TRUE,TRUE,FALSE,TRUE,FALSE,TRUE,TRUE
4980,Q450346,1400041147,753144,1,mdp.39015058225171,Q450346,ic,1400041147,4980,FALSE,FALSE,TRUE,FALSE,FALSE,FALSE,FALSE
4982,NA,NA,NA,11,uc1.b4086401,NA,ic,NA,224,TRUE,TRUE,TRUE,TRUE,FALSE,TRUE,TRUE
4986,Q380202,0395430356,51585438,4,mdp.39015011695726,Q380202,ic,0395430356,4986,FALSE,FALSE,TRUE,FALSE,FALSE,FALSE,FALSE
4987,Q1340595,NA,1472576,3,mdp.39015030843257,Q1340595,ic,NA,4987,FALSE,FALSE,TRUE,FALSE,FALSE,FALSE,FALSE
4988,Q675396,NA,1474377,14,mdp.39015005003440,Q675396,ic,NA,4988,FALSE,FALSE,TRUE,FALSE,FALSE,FALSE,FALSE
499,Q550819,0399152776,11510512657,1,mdp.39015060883199,Q550819,ic,0399152776,499,FALSE,FALSE,TRUE,FALSE,FALSE,FALSE,FALSE
4990,Q562874,0670005843,1465602,35,pst.000032467321,Q562874,ic,1556110278,4990,FALSE,FALSE,TRUE,FALSE,TRUE,FALSE,FALSE
4992,Q4766601,0375412824,765571,10,mdp.39015045580209,Q4766601,ic,0375412824,4992,FALSE,FALSE,TRUE,FALSE,FALSE,FALSE,FALSE
4993,Q726194,0399152067,38011,1,mdp.39015062594679,Q726194,ic,0399152067,4993,FALSE,FALSE,TRUE,FALSE,FALSE,FALSE,FALSE
4995,Q2848651,NA,12393150330,17,uc1.$b63399,Q2848651,ic,NA,4995,FALSE,FALSE,FALSE,FALSE,FALSE,FALSE,FALSE
4999,Q1586159,NA,57521595,31,mdp.39076001136386,Q1586159,ic,0813115442,4999,FALSE,FALSE,FALSE,FALSE,TRUE,FALSE,FALSE
50,Q535812,NA,49918858,28,mdp.39015025036917,Q535812,nobody|ic,NA,50,FALSE,FALSE,FALSE,FALSE,FALSE,FALSE,FALSE
5000,Q1334230,NA,20279193,5,mdp.39015017632830,Q1334230,ic,NA,5000,FALSE,FALSE,TRUE,FALSE,FALSE,FALSE,FALSE
5004,NA,NA,NA,3,uc1.b4086401,NA,ic,NA,224,TRUE,TRUE,TRUE,TRUE,FALSE,TRUE,TRUE
5005,Q5105924,9781400047468,773579539,8,uc1.32106018968526,Q5105924,ic,1400047463,5005,FALSE,FALSE,TRUE,FALSE,FALSE,FALSE,FALSE
5007,Q454595,NA,114350539,33,mdp.39015024079090,Q454595,ic,NA,5007,FALSE,FALSE,TRUE,FALSE,FALSE,FALSE,FALSE
501,Q548345,9780143107071,687571,7,uc1.32106011619118,Q548345,ic,0679601104,501,FALSE,FALSE,FALSE,FALSE,TRUE,FALSE,FALSE
5011,Q558425,0397010745,701918,23,uc1.b4951316,Q558425,ic,0397010745,5011,FALSE,FALSE,TRUE,FALSE,FALSE,FALSE,FALSE
5014,Q361653,0394462009,20395626,22,mdp.39015000564339,Q361653,ic,0394462009,5014,FALSE,FALSE,TRUE,FALSE,FALSE,FALSE,FALSE
5016,Q318845,0345356950,3372651920,10,mdp.39015019810483,Q318845,ic,0345356950,6208,FALSE,TRUE,TRUE,TRUE,FALSE,TRUE,TRUE
5020,Q1324800,9781590172322,1432602,6,uc1.$b244276,Q1324800,ic,NA,5020,FALSE,FALSE,TRUE,FALSE,TRUE,FALSE,FALSE
5021,NA,NA,NA,18,uc1.b4086401,NA,ic,NA,224,TRUE,TRUE,TRUE,TRUE,FALSE,TRUE,TRUE
5022,Q4819165,NA,375033316,5,mdp.39015016434360,Q4819165,ic,NA,5022,FALSE,FALSE,FALSE,FALSE,FALSE,FALSE,FALSE
5023,Q4762571,9781559212144,104031852,5,inu.32000009262041,Q4762571,ic,NA,5023,FALSE,FALSE,TRUE,FALSE,FALSE,FALSE,FALSE
5025,Q103813819,NA,1470409,15,uc1.$b105377,Q103813819,ic,NA,5025,FALSE,FALSE,FALSE,FALSE,FALSE,FALSE,FALSE
5029,Q445429,NA,20977250,1,pst.000062877367,Q445429,ic,NA,5029,FALSE,FALSE,FALSE,FALSE,TRUE,FALSE,FALSE
5030,Q445429,NA,57065694,1,pst.000007408366,Q445429,ic,0515031593,5030,FALSE,FALSE,FALSE,FALSE,TRUE,FALSE,FALSE
5032,Q3442258,NA,118926879,12,mdp.39015054095560,Q3442258,ic,NA,5032,FALSE,FALSE,FALSE,FALSE,FALSE,FALSE,FALSE
5033,Q2941863,0399145060,11432331,6,mdp.39015047442689,Q2941863,ic,0399145060,5033,FALSE,FALSE,TRUE,FALSE,FALSE,FALSE,FALSE
5034,NA,NA,3132915535,11,mdp.39015020727973,NA,ic,0718131797,5034,FALSE,FALSE,TRUE,FALSE,TRUE,FALSE,FALSE
5036,Q978959,0883472597,448584,28,mdp.39015001687204,Q978959,ic,NA,5036,FALSE,FALSE,TRUE,FALSE,FALSE,FALSE,FALSE
5038,Q193111,0399102345,423395075,59,miun.aee0401.0001.001,Q193111,ic,NA,5038,FALSE,FALSE,TRUE,FALSE,FALSE,FALSE,FALSE
504,Q4864008,NA,2489130,1,mdp.39015031225371,Q4864008,ic,NA,504,FALSE,FALSE,FALSE,FALSE,FALSE,FALSE,FALSE
5041,Q155087,0380006391,402590,28,mdp.39015030039401,Q155087,ic,NA,5041,FALSE,FALSE,TRUE,FALSE,FALSE,FALSE,FALSE
5042,Q313489,0060191503,1059825,6,uc1.32106015511279,Q313489,ic,0002256967,5042,FALSE,FALSE,TRUE,FALSE,TRUE,FALSE,FALSE
5046,Q318845,9780345484116,70001877,3,mdp.39015070756740,Q318845,ic,0345484118,5046,FALSE,FALSE,TRUE,FALSE,FALSE,FALSE,FALSE
5047,Q1621598,0395073626,467301,27,mdp.39015011571653,Q1621598,ic,NA,5047,FALSE,FALSE,TRUE,FALSE,FALSE,FALSE,FALSE
5048,Q1522742,9780375413636,1108062,11,mdp.39015054405694,Q1522742,ic,0375413634,5048,FALSE,FALSE,TRUE,FALSE,FALSE,FALSE,FALSE
5049,Q529082,030726419X,47131375,5,mdp.39015066843908,Q529082,ic,030726419X,5049,FALSE,FALSE,TRUE,FALSE,FALSE,FALSE,FALSE
505,Q47293,NA,11561736583,27,mdp.39015032129218,Q47293,ic,NA,505,FALSE,FALSE,TRUE,FALSE,FALSE,FALSE,FALSE
5050,Q5424075,NA,257196790,15,mdp.39015016435466,Q5424075,ic,NA,5050,FALSE,FALSE,FALSE,FALSE,FALSE,FALSE,FALSE
5051,NA,NA,NA,3,uc1.b4086401,NA,ic,NA,224,TRUE,TRUE,TRUE,TRUE,FALSE,TRUE,TRUE
5056,Q592511,NA,58163513,1,uc1.$b243951,Q592511,ic,NA,5056,FALSE,FALSE,FALSE,FALSE,FALSE,FALSE,FALSE
5057,NA,NA,NA,2,uc1.b4086401,NA,ic,NA,224,TRUE,TRUE,TRUE,TRUE,FALSE,TRUE,TRUE
5058,Q2393651,NA,1405520,2,uc1.b3548175,Q2393651,ic,NA,5058,FALSE,FALSE,FALSE,FALSE,FALSE,FALSE,FALSE
506,NA,NA,NA,6,uc1.b4086401,NA,ic,NA,224,TRUE,TRUE,TRUE,TRUE,FALSE,TRUE,TRUE
5061,Q128560,0670000833,20054212,26,inu.39000003569428,Q128560,ic,043430560X,5061,FALSE,FALSE,TRUE,FALSE,TRUE,FALSE,FALSE
5062,Q107002,0316926205,1431278,2,uc1.32106002020383,Q107002,ic,NA,5062,FALSE,FALSE,TRUE,FALSE,FALSE,FALSE,FALSE
5063,Q333719,0385336675,688942,2,mdp.39015061752658,Q333719,ic,0385336675,5063,FALSE,FALSE,TRUE,FALSE,FALSE,FALSE,FALSE
5064,Q1687760,NA,57881679,23,mdp.39015031307575,Q1687760,pd,NA,5064,FALSE,FALSE,TRUE,FALSE,FALSE,FALSE,FALSE
5065,Q216896,088404209X,49032590,2,pst.000046969507,Q216896,ic,0884043614,5065,FALSE,FALSE,TRUE,FALSE,TRUE,FALSE,FALSE
5066,NA,NA,NA,4,uc1.b4086401,NA,ic,NA,224,TRUE,FALSE,TRUE,TRUE,FALSE,TRUE,TRUE
5069,Q44593,0394509714,4919020208,2,mdp.39015055165842,Q44593,ic,0394509714,5069,FALSE,FALSE,TRUE,FALSE,FALSE,FALSE,FALSE
5070,Q44593,0394509714,4919020208,1,mdp.39015055165842,Q44593,ic,0394509714,5069,TRUE,TRUE,TRUE,TRUE,FALSE,FALSE,FALSE
5074,Q193111,NA,3980161457,10,mdp.39015026479967,Q193111,ic,NA,5074,FALSE,FALSE,FALSE,FALSE,FALSE,FALSE,FALSE
5077,NA,NA,NA,25,uc1.b4086401,NA,ic,NA,224,TRUE,TRUE,TRUE,TRUE,FALSE,TRUE,TRUE
5079,Q80900,NA,8912753538,7,pst.000011535164,Q80900,ic,NA,5079,FALSE,FALSE,FALSE,FALSE,TRUE,FALSE,FALSE
5083,Q2271613,0743299426,47394379,3,mdp.39015064807277,Q2271613,ic,0743299426,5083,FALSE,FALSE,TRUE,FALSE,FALSE,FALSE,FALSE
5088,Q439059,NA,178682779,3,uc1.$b105616,Q439059,ic,NA,5088,FALSE,FALSE,FALSE,FALSE,FALSE,FALSE,FALSE
509,NA,NA,NA,12,uc1.b4086401,NA,ic,NA,224,TRUE,TRUE,TRUE,TRUE,FALSE,TRUE,TRUE
5090,NA,NA,NA,1,uc1.b4086401,NA,ic,NA,224,TRUE,TRUE,TRUE,TRUE,FALSE,TRUE,TRUE
5091,Q129187,0670303747,52424453,5,mdp.39015001676710,Q129187,ic,0670303747,5091,FALSE,FALSE,TRUE,FALSE,FALSE,FALSE,FALSE
5092,Q39829,067081458X,1067183,25,mdp.49015002379759,Q39829,ic,067081458X,5092,FALSE,FALSE,TRUE,FALSE,FALSE,FALSE,FALSE
5093,Q39829,067081458X,1067183,1,mdp.49015002379759,Q39829,ic,067081458X,5092,TRUE,TRUE,FALSE,TRUE,FALSE,FALSE,FALSE
5095,Q272076,0553802488,363035,7,mdp.39015056815130,Q272076,ic,0553802488,5095,FALSE,FALSE,TRUE,FALSE,FALSE,FALSE,FALSE
5097,NA,NA,NA,1,uc1.b4086401,NA,ic,NA,224,TRUE,TRUE,TRUE,TRUE,FALSE,TRUE,TRUE
510,Q318845,0345484088,2287356000,2,mdp.39015064754214,Q318845,ic,9780345484086,510,FALSE,FALSE,TRUE,FALSE,FALSE,FALSE,FALSE
5101,NA,NA,NA,1,uc1.b4086401,NA,ic,NA,224,TRUE,TRUE,TRUE,TRUE,FALSE,TRUE,TRUE
5102,NA,NA,NA,1,uc1.b4086401,NA,ic,NA,224,TRUE,TRUE,FALSE,TRUE,FALSE,TRUE,TRUE
5103,Q505088,NA,281364420,13,uc1.b3470626,Q505088,ic,NA,5103,FALSE,FALSE,TRUE,FALSE,FALSE,FALSE,FALSE
5109,Q4776342,NA,116261461,16,mdp.39015003347161,Q4776342,ic,NA,5109,FALSE,FALSE,FALSE,FALSE,FALSE,FALSE,FALSE
511,NA,NA,NA,34,uc1.b4086401,NA,ic,NA,224,TRUE,TRUE,TRUE,TRUE,FALSE,TRUE,TRUE
5110,NA,NA,NA,2,uc1.b4086401,NA,ic,NA,224,TRUE,TRUE,TRUE,TRUE,FALSE,TRUE,TRUE
5112,Q188440,0671217178,68948533,24,mdp.39015007030904,Q188440,ic,0671217178,5112,FALSE,FALSE,TRUE,FALSE,FALSE,FALSE,FALSE
5114,Q161933,NA,103017273,2,inu.32000001616095,Q161933,ic,NA,5114,FALSE,FALSE,FALSE,FALSE,TRUE,FALSE,FALSE
5115,Q356639,NA,1225257,10,uc1.32106002004932,Q356639,ic,NA,5115,FALSE,FALSE,FALSE,FALSE,TRUE,FALSE,FALSE
5116,Q933918,NA,1446295,3,mdp.39015016440961,Q933918,ic,NA,5116,FALSE,FALSE,TRUE,FALSE,TRUE,FALSE,FALSE
5118,Q500042,NA,544809,5,pst.000032254990,Q500042,ic,0884115011,5118,FALSE,FALSE,FALSE,FALSE,TRUE,FALSE,FALSE
512,Q222708,NA,1933992338,29,mdp.39015057934286,Q222708,pd,NA,512,FALSE,FALSE,TRUE,FALSE,FALSE,FALSE,FALSE
5120,Q548345,NA,4923043263,3,mdp.39015000551294,Q548345,ic,NA,5120,FALSE,FALSE,TRUE,FALSE,FALSE,FALSE,FALSE
5124,Q369526,NA,1324876,10,uc1.$b102360,Q369526,und,NA,5124,FALSE,FALSE,TRUE,FALSE,FALSE,FALSE,FALSE
5125,Q7154292,NA,7941218,31,mdp.39015018046642,Q7154292,ic,NA,5125,FALSE,FALSE,FALSE,FALSE,FALSE,FALSE,FALSE
5127,Q272492,9780385315272,4820874355,6,mdp.39015053183201,Q272492,ic,0385315279,5127,FALSE,FALSE,TRUE,FALSE,FALSE,FALSE,FALSE
5130,NA,NA,NA,28,uc1.b4086401,NA,ic,NA,224,TRUE,TRUE,TRUE,TRUE,FALSE,TRUE,TRUE
5132,Q4819165,NA,1476066,2,mdp.39015016434378,Q4819165,ic,NA,5132,FALSE,FALSE,TRUE,FALSE,FALSE,FALSE,FALSE
5133,NA,0399146121,369558,3,mdp.39015054030088,NA,ic,0399146121,5133,FALSE,FALSE,TRUE,FALSE,FALSE,FALSE,FALSE
5134,NA,NA,NA,2,uc1.b4086401,NA,ic,NA,224,TRUE,FALSE,TRUE,TRUE,FALSE,TRUE,TRUE
5135,Q1678883,0679429891,20320807,6,mdp.39015037860353,Q1678883,ic,0679429891,5135,FALSE,FALSE,TRUE,FALSE,FALSE,FALSE,FALSE
5137,Q2908695,0670314943,877314,11,mdp.39015007026837,Q2908695,ic,0670314943,5137,FALSE,FALSE,TRUE,FALSE,FALSE,FALSE,FALSE
5139,Q7273516,NA,2114126,4,mdp.39015031325841,Q7273516,ic,NA,5139,FALSE,FALSE,FALSE,FALSE,FALSE,FALSE,FALSE
5140,Q7383136,NA,1204215,1,uc1.$b106390,Q7383136,ic,NA,5140,FALSE,FALSE,TRUE,FALSE,FALSE,FALSE,FALSE
5142,Q166351,9780312854270,114017409,6,mdp.39015054031656,Q166351,ic,0312854277,5142,FALSE,FALSE,TRUE,FALSE,FALSE,FALSE,FALSE
5143,Q361653,NA,4915816518,14,pst.000065845486,Q361653,ic,9780449200308,5143,FALSE,FALSE,TRUE,FALSE,TRUE,FALSE,FALSE
5147,Q4954313,9781416543794,101722408,4,mdp.39015070698520,Q4954313,ic,1416543791,5147,FALSE,FALSE,TRUE,FALSE,FALSE,FALSE,FALSE
5149,Q1397305,0399112286,131535373,24,mdp.39015048744505,Q1397305,ic,0399112286,5149,FALSE,FALSE,TRUE,FALSE,FALSE,FALSE,FALSE
515,NA,NA,NA,2,uc1.b4086401,NA,ic,NA,224,TRUE,TRUE,TRUE,TRUE,FALSE,TRUE,TRUE
5151,Q327278,0525947051,702106,2,mdp.39015056248191,Q327278,ic,0525947051,5151,FALSE,FALSE,TRUE,FALSE,FALSE,FALSE,FALSE
5159,Q378878,0786868716,582870,100,mdp.39015060020107,Q378878,ic,0786868716,5159,FALSE,FALSE,TRUE,FALSE,FALSE,FALSE,FALSE
5161,Q351547,0374155720,450310,24,mdp.39015024079280,Q351547,ic,NA,5161,FALSE,FALSE,TRUE,FALSE,FALSE,FALSE,FALSE
5165,Q580313,NA,114370069,8,uc1.b3710811,Q580313,ic,NA,5165,FALSE,FALSE,TRUE,FALSE,FALSE,FALSE,FALSE
5168,Q5006982,NA,890938,8,mdp.39015055574951,Q5006982,ic,0142002186,5168,FALSE,FALSE,FALSE,FALSE,TRUE,FALSE,FALSE
5169,NA,NA,1417013,17,uc1.b3796936,NA,ic,NA,5169,FALSE,FALSE,FALSE,FALSE,FALSE,FALSE,FALSE
5170,Q7383230,1587292335,1296721,1,mdp.39015030220902,Q7383230,ic,NA,5170,FALSE,FALSE,FALSE,FALSE,TRUE,FALSE,FALSE
5171,Q92888184,NA,2714999,1,mdp.39015018012586,Q92888184,ic,NA,5171,FALSE,FALSE,FALSE,FALSE,FALSE,FALSE,FALSE
5172,Q439059,NA,178680949,11,uc1.$b105617,Q439059,und,NA,5172,FALSE,FALSE,TRUE,FALSE,FALSE,FALSE,FALSE
5173,Q1349027,0743234693,741242,1,mdp.39015056838504,Q1349027,ic,0743234693,5173,FALSE,FALSE,TRUE,FALSE,FALSE,FALSE,FALSE
5178,Q2830508,1400060192,52364004,3,mdp.39015064704086,Q2830508,ic,1400060192,5178,FALSE,FALSE,FALSE,FALSE,FALSE,FALSE,FALSE
5179,Q1364205,NA,483889,6,mdp.39015005685535,Q1364205,ic,NA,5179,FALSE,FALSE,FALSE,FALSE,FALSE,FALSE,FALSE
518,Q5566419,NA,148097023,10,uc1.b3687497,Q5566419,ic,NA,518,FALSE,FALSE,FALSE,FALSE,TRUE,FALSE,FALSE
5182,Q922053,0385504284,169929,4,mdp.39015059250061,Q922053,ic,0385504284,5182,FALSE,FALSE,TRUE,FALSE,FALSE,FALSE,FALSE
5185,Q369526,NA,2288215,2,mdp.39015016435201,Q369526,ic,NA,5185,FALSE,FALSE,TRUE,FALSE,TRUE,FALSE,FALSE
5187,Q548004,NA,196655985,1,mdp.39015011351288,Q548004,ic,NA,5187,FALSE,FALSE,FALSE,FALSE,TRUE,FALSE,FALSE
5188,Q440100,0385500696,323348017,1,mdp.39015060005231,Q440100,ic,0385500696,5188,FALSE,FALSE,TRUE,FALSE,FALSE,FALSE,FALSE
5189,Q1928275,0671601008,19199882,10,uc1.b4975938,Q1928275,ic,0671601008,5189,FALSE,FALSE,TRUE,FALSE,FALSE,FALSE,FALSE
5190,Q4894790,NA,101335871,1,mdp.39015003676361,Q4894790,ic,NA,5190,FALSE,FALSE,TRUE,FALSE,FALSE,FALSE,FALSE
5191,Q78514,NA,544873,20,uc1.b3267310,Q78514,ic,NA,5191,FALSE,FALSE,FALSE,FALSE,TRUE,FALSE,FALSE
5192,NA,NA,NA,17,uc1.b4086401,NA,ic,NA,224,TRUE,TRUE,FALSE,TRUE,FALSE,TRUE,TRUE
5193,Q1065287,NA,1429451,18,mdp.39015053592385,Q1065287,ic,NA,5193,FALSE,FALSE,FALSE,FALSE,FALSE,FALSE,FALSE
5194,Q236669,NA,20175558,20,mdp.39015008654223,Q236669,ic,NA,5194,FALSE,FALSE,FALSE,FALSE,FALSE,FALSE,FALSE
5195,Q132524,0452286751,3372117163,30,pst.000043639526,Q132524,ic,0808519387,5195,FALSE,FALSE,FALSE,FALSE,TRUE,FALSE,FALSE
5196,Q4798411,NA,2452482145,1,uc1.b3796830,Q4798411,ic,NA,5196,FALSE,FALSE,FALSE,FALSE,TRUE,FALSE,FALSE
5199,Q310379,0375506276,683895,10,mdp.39015050760001,Q310379,ic,0375506276,5199,FALSE,FALSE,TRUE,FALSE,FALSE,FALSE,FALSE
5200,Q182870,0394569962,52699914,9,mdp.39015019652158,Q182870,ic,0394569962,5200,FALSE,FALSE,TRUE,FALSE,FALSE,FALSE,FALSE
5201,NA,0345384008,24107348,3,mdp.39015034037351,Q6258855,ic,0345384008,5201,FALSE,FALSE,FALSE,FALSE,FALSE,FALSE,FALSE
5204,Q302433,NA,402352,20,inu.32000009144025,Q302433,ic,NA,5204,FALSE,FALSE,TRUE,FALSE,TRUE,FALSE,FALSE
5206,Q214660,9780316291163,48081259,53,inu.30000011354887,Q214660,ic,0224616544,5206,FALSE,FALSE,TRUE,FALSE,TRUE,FALSE,FALSE
5207,Q1688127,NA,660568,3,mdp.39015004192640,Q1688127,ic,NA,5207,FALSE,FALSE,TRUE,FALSE,FALSE,FALSE,FALSE
5213,NA,NA,NA,3,uc1.b4086401,NA,ic,NA,224,TRUE,TRUE,TRUE,TRUE,FALSE,TRUE,TRUE
5217,Q6239895,NA,452076,2,mdp.39015058717235,Q6239895,ic,1590170806,5217,FALSE,FALSE,TRUE,FALSE,TRUE,FALSE,FALSE
5218,Q163069,NA,2128898,1,mdp.39015063936895,Q163069,ic,NA,5218,FALSE,FALSE,FALSE,FALSE,FALSE,FALSE,FALSE
5219,Q272794,0553801945,793949444,2,mdp.39015058275135,Q272794,ic,0553801945,5219,FALSE,FALSE,TRUE,FALSE,FALSE,FALSE,FALSE
522,Q588653,0671578545,2680063,1,mdp.39015048831120,Q588653,ic,0671578545,522,FALSE,FALSE,FALSE,FALSE,FALSE,FALSE,FALSE
5220,NA,NA,NA,5,uc1.b4086401,NA,ic,NA,224,TRUE,TRUE,TRUE,TRUE,FALSE,TRUE,TRUE
5221,Q15524996,0670333964,612410,26,mdp.39015030850682,Q15524996,ic,NA,5221,FALSE,FALSE,TRUE,FALSE,FALSE,FALSE,FALSE
5222,NA,NA,NA,4,uc1.b4086401,NA,ic,NA,224,TRUE,TRUE,TRUE,TRUE,FALSE,TRUE,TRUE
5224,Q23434,0684186934,63528,17,mdp.39015040081138,Q23434,ic,0684186934,5224,FALSE,FALSE,TRUE,FALSE,FALSE,FALSE,FALSE
5225,NA,NA,NA,4,uc1.b4086401,NA,ic,NA,224,TRUE,TRUE,TRUE,TRUE,FALSE,TRUE,TRUE
5229,NA,NA,2516441,2,osu.32435017963133,NA,pdus,NA,5229,FALSE,FALSE,FALSE,FALSE,FALSE,FALSE,FALSE
523,Q1683201,0553106333,561757,7,mdp.39015046475888,Q1683201,ic,0553106333,523,FALSE,FALSE,TRUE,FALSE,FALSE,FALSE,FALSE
5230,Q7609426,0679447172,392001006,1,mdp.39015043412439,Q7609426,ic,0679447172 hc,5230,FALSE,FALSE,TRUE,FALSE,FALSE,FALSE,FALSE
5231,NA,NA,NA,8,uc1.b4086401,NA,ic,NA,224,TRUE,TRUE,TRUE,TRUE,FALSE,TRUE,TRUE
5232,Q6135294,NA,1470601,17,mdp.39015031305991,Q6135294,ic,NA,5232,FALSE,FALSE,FALSE,FALSE,FALSE,FALSE,FALSE
5233,Q224113,NA,52901248,17,mdp.39015005875169,Q224113,ic,0803730640,5233,FALSE,FALSE,TRUE,FALSE,FALSE,FALSE,FALSE
5236,Q760867,0449911012,601113,1,mdp.39015041102834,Q760867,ic,0449911012,5236,FALSE,FALSE,TRUE,FALSE,FALSE,FALSE,FALSE
5237,Q81447,NA,203255742,3,mdp.39015020747914,Q81447,ic,NA,5237,FALSE,FALSE,FALSE,FALSE,FALSE,FALSE,FALSE
5238,Q72653,038531695X,4916867530,13,mdp.39015040065842,Q72653,ic,038531695X,5238,FALSE,FALSE,TRUE,FALSE,FALSE,FALSE,FALSE
5243,Q231356,0373218168,2908521766,5,mdp.39015060111062,Q231356,ic,0373218168,5243,FALSE,FALSE,TRUE,FALSE,FALSE,FALSE,FALSE
5244,Q285876,1416550011,104339312,1,mdp.39015074041081,Q285876,ic,9781416550013,5244,FALSE,FALSE,TRUE,FALSE,FALSE,FALSE,FALSE
5245,Q13511828,NA,1169329,1,uc1.$b243595,Q13511828,ic,NA,5245,FALSE,FALSE,FALSE,FALSE,FALSE,FALSE,FALSE
5246,Q1346976,0440028833,456569,1,mdp.39015028713926,Q1346976,ic,NA,5246,FALSE,FALSE,TRUE,FALSE,TRUE,FALSE,FALSE
5247,Q439059,NA,178682778,10,mdp.39015039762805,Q439059,ic,NA,5247,FALSE,FALSE,FALSE,FALSE,TRUE,FALSE,FALSE
5248,NA,NA,NA,1,uc1.b4086401,NA,ic,NA,224,TRUE,TRUE,TRUE,TRUE,FALSE,TRUE,TRUE
5249,NA,NA,NA,6,uc1.b4086401,NA,ic,NA,224,TRUE,TRUE,TRUE,TRUE,FALSE,TRUE,TRUE
5254,NA,NA,NA,79,uc1.b4086401,NA,ic,NA,224,TRUE,TRUE,TRUE,TRUE,FALSE,TRUE,TRUE
5256,Q39829,0684867621,1985299,18,mdp.39015043780249,Q39829,ic,0684867621,5256,FALSE,FALSE,TRUE,FALSE,FALSE,FALSE,FALSE
526,Q7129150,NA,1989338,1,mdp.39015003684126,Q7129150,pd,NA,526,FALSE,FALSE,TRUE,FALSE,FALSE,FALSE,FALSE
5268,Q376071,0385340354,47815856,1,mdp.39015064870135,Q376071,ic,9780385340359,5268,FALSE,FALSE,TRUE,FALSE,FALSE,FALSE,FALSE
5269,Q6193681,NA,254728487,1,uc1.$b803555,Q6193681,ic,NA,5269,FALSE,FALSE,FALSE,FALSE,FALSE,FALSE,FALSE
527,Q704860,0394583140,45637848,8,inu.30000000274047,Q704860,ic,0394583140,527,FALSE,FALSE,FALSE,FALSE,FALSE,FALSE,FALSE
5275,NA,0241902088,368624,2,mdp.39015038892199,NA,ic,NA,5275,FALSE,FALSE,FALSE,FALSE,TRUE,FALSE,FALSE
5276,Q212801,0679457313,577243,31,mdp.39015054074037,Q212801,ic,0679457313,5276,FALSE,FALSE,TRUE,FALSE,FALSE,FALSE,FALSE
5278,Q123469,NA,198706976,9,mdp.39015005607828,Q123469,ic,NA,5278,FALSE,FALSE,TRUE,FALSE,FALSE,FALSE,FALSE
5279,Q182870,0399103422,52746946,67,mdp.39015000599400,Q182870,ic,9780099429289,5279,FALSE,FALSE,TRUE,FALSE,FALSE,FALSE,FALSE
5280,Q943273,9781400061013,895302,6,mdp.39015059553449,Q943273,ic,0375433880,5280,FALSE,FALSE,TRUE,FALSE,TRUE,FALSE,FALSE
5283,Q259364,015636090X,49119792,2,uc1.32106002153457,Q259364,ic,NA,5283,FALSE,FALSE,TRUE,FALSE,FALSE,FALSE,FALSE
5284,Q2550081,NA,9821637,2,mdp.39015031231197,Q2550081,und,NA,5284,FALSE,FALSE,FALSE,FALSE,FALSE,FALSE,FALSE
5288,Q5338676,NA,149171164,15,uc1.$b105468,Q5338676,ic,NA,5288,FALSE,FALSE,FALSE,FALSE,FALSE,FALSE,FALSE
5289,Q1444495,NA,102192974,24,uc1.b3727937,Q1444495,ic,NA,5289,FALSE,FALSE,TRUE,FALSE,FALSE,FALSE,FALSE
5295,Q1352236,0688094082,344264,11,mdp.39015018509003,Q1352236,ic,0688094082,5295,FALSE,FALSE,TRUE,FALSE,FALSE,FALSE,FALSE
5297,NA,NA,43033398,1,uc1.$b103842,NA,ic,NA,5297,FALSE,FALSE,TRUE,FALSE,TRUE,FALSE,FALSE
5299,NA,NA,257242783,4,uc1.$b57090,NA,ic,NA,5299,FALSE,FALSE,TRUE,FALSE,FALSE,FALSE,FALSE
530,NA,NA,NA,14,uc1.b4086401,NA,ic,NA,224,TRUE,TRUE,TRUE,TRUE,FALSE,TRUE,TRUE
5301,NA,NA,NA,1,uc1.b4086401,NA,ic,NA,224,TRUE,TRUE,TRUE,TRUE,FALSE,TRUE,TRUE
5303,Q80900,9780743272933,267164,1,pst.000065844526,Q80900,ic,9780671729899,5303,FALSE,FALSE,FALSE,FALSE,TRUE,FALSE,FALSE
5304,Q80900,9780743272933,267164,10,pst.000065844526,Q80900,ic,9780671729899,5303,TRUE,TRUE,TRUE,TRUE,TRUE,FALSE,FALSE
5306,Q272076,9780553804812,64284051,5,mdp.39015064983953,Q272076,ic,0553804812,5306,FALSE,FALSE,TRUE,FALSE,FALSE,FALSE,FALSE
5308,Q721578,0375411402,525320,2,mdp.39015063199239,Q721578,ic,9780375411403,5308,FALSE,FALSE,TRUE,FALSE,FALSE,FALSE,FALSE
5311,Q430182,9780143134121,447833,18,pst.000032273281,Q430182,und,0870212303,5311,FALSE,FALSE,FALSE,FALSE,TRUE,FALSE,FALSE
5312,Q318297,NA,20935461,14,mdp.39015011706267,Q318297,ic,NA,5312,FALSE,FALSE,TRUE,FALSE,FALSE,FALSE,FALSE
5313,Q180962,0679457836,2766000595,6,mdp.39015040992664,Q180962,ic,0679457836,5313,FALSE,FALSE,TRUE,FALSE,FALSE,FALSE,FALSE
5314,Q394646,NA,1322211,37,mdp.39015008839709,Q394646,ic,NA,5314,FALSE,FALSE,FALSE,FALSE,TRUE,FALSE,FALSE
5316,Q7965738,NA,365835246,2,mdp.39015000551567,Q7965738,pd,NA,5316,FALSE,FALSE,TRUE,FALSE,FALSE,FALSE,FALSE
5317,Q39212,0670347914,4140851160,35,mdp.39015000516081,Q39212,ic,0070018082,5317,FALSE,FALSE,FALSE,FALSE,TRUE,FALSE,FALSE
5318,Q134180,NA,19986949,1,uc1.32106002094891,Q134180,ic,NA,5318,FALSE,FALSE,TRUE,FALSE,FALSE,FALSE,FALSE
5319,Q188286,0670030457,3372924325,3,mdp.39015055824745,Q188286,ic,0670030457,5319,FALSE,FALSE,TRUE,FALSE,FALSE,FALSE,FALSE
532,Q548345,NA,573125,1,uc1.b3972702,Q548345,ic,NA,4754,FALSE,TRUE,TRUE,TRUE,FALSE,TRUE,FALSE
5321,NA,NA,NA,3,uc1.b4086401,NA,ic,NA,224,TRUE,TRUE,TRUE,TRUE,FALSE,TRUE,TRUE
5325,Q4704469,NA,14362678,6,uc1.$b106394,Q4704469,ic,NA,5325,FALSE,FALSE,FALSE,FALSE,FALSE,FALSE,FALSE
5326,Q7287683,NA,204241855,6,uc1.b3687993,Q7287683,ic,NA,5326,FALSE,FALSE,TRUE,FALSE,FALSE,FALSE,FALSE
5327,NA,NA,2284625,1,uc1.$b102594,NA,ic,NA,5327,FALSE,FALSE,TRUE,FALSE,FALSE,FALSE,FALSE
5328,Q172140,0394494016,156434827,23,mdp.39015054089407,Q172140,ic,0394494016,5328,FALSE,FALSE,TRUE,FALSE,FALSE,FALSE,FALSE
5329,Q214622,0671212168,12350781109,1,uc1.32106001540324,Q214622,ic|und,NA,5329,FALSE,FALSE,FALSE,FALSE,TRUE,FALSE,FALSE
533,Q454595,NA,19574478,12,mdp.39015048899499,Q454595,und,NA,533,FALSE,FALSE,FALSE,FALSE,FALSE,FALSE,FALSE
5330,Q337103,0385073097,508535556,24,mdp.39015050822975,Q337103,ic,0385111703,5330,FALSE,FALSE,TRUE,FALSE,FALSE,FALSE,FALSE
5331,Q921925,034530747X,129694238,28,uc1.$b83887,Q921925,ic,NA,5331,FALSE,FALSE,TRUE,FALSE,FALSE,FALSE,FALSE
5332,Q541812,NA,1892896,8,uc1.$b103826,Q541812,ic,NA,5332,FALSE,FALSE,FALSE,FALSE,TRUE,FALSE,FALSE
5333,Q558425,0397013620,9438054023,14,mdp.39015000523376,Q558425,ic,0397013620,5333,FALSE,FALSE,TRUE,FALSE,FALSE,FALSE,FALSE
5334,Q179059,NA,519608,28,uc1.b3834593,Q179059,ic,NA,5334,FALSE,FALSE,FALSE,FALSE,FALSE,FALSE,FALSE
5335,Q434735,NA,48014159,21,mdp.39015046379601,Q434735,ic,NA,5335,FALSE,FALSE,TRUE,FALSE,FALSE,FALSE,FALSE
5337,Q1208990,0553100009,561696,3,mdp.39015040577820,Q1208990,ic,0553100009,5337,FALSE,FALSE,FALSE,FALSE,FALSE,FALSE,FALSE
5338,Q44306,0805053085,3771381896,1,mdp.39015043007551,Q44306,ic,0224044192,5338,FALSE,FALSE,FALSE,FALSE,TRUE,FALSE,FALSE
5339,Q268147,NA,51913082,51,mdp.39015010747999,Q268147,ic,NA,5339,FALSE,FALSE,TRUE,FALSE,FALSE,FALSE,FALSE
534,Q18154402,NA,51938337,9,uc1.$b102426,Q18154402,ic,NA,534,FALSE,FALSE,TRUE,FALSE,FALSE,FALSE,FALSE
5340,Q268147,NA,57756637,1,mdp.39015032538897,Q268147,ic,0156372118,5340,FALSE,FALSE,FALSE,FALSE,TRUE,FALSE,FALSE
5349,Q333713,1568493061,2288220763,3,mdp.39015010396730,Q333713,ic,NA,5349,FALSE,FALSE,FALSE,FALSE,FALSE,FALSE,FALSE
5350,Q328338,1416535209,198068764,6,mdp.39015066787451,Q328338,ic,9781416535201,5350,FALSE,FALSE,TRUE,FALSE,FALSE,FALSE,FALSE
5352,Q269129,0385034598,50848627,24,mdp.39015048745403,Q269129,ic,0385034598,5352,FALSE,FALSE,TRUE,FALSE,FALSE,FALSE,FALSE
5353,Q5701833,NA,12150019,1,uc1.$b86264,Q5701833,ic,NA,5353,FALSE,FALSE,FALSE,FALSE,TRUE,FALSE,FALSE
5355,Q183492,0395404258,140786839,14,pst.000013408435,Q183492,ic,0224023489,5355,FALSE,FALSE,TRUE,FALSE,TRUE,FALSE,FALSE
5356,Q183492,0395404258,140786839,1,pst.000013408435,Q183492,ic,0224023489,5355,TRUE,TRUE,TRUE,TRUE,TRUE,FALSE,FALSE
5358,Q447244,NA,139229731,2,mdp.39015030850880,Q447244,ic,NA,5358,FALSE,FALSE,FALSE,FALSE,FALSE,FALSE,FALSE
5359,Q1701679,0399151397,12351374101,1,mdp.39015057604079,Q1701679,ic,0399151397,5359,FALSE,FALSE,TRUE,FALSE,FALSE,FALSE,FALSE
5360,Q273311,NA,19993358,3,uc1.$b100220,Q273311,ic,NA,5360,FALSE,FALSE,TRUE,FALSE,FALSE,FALSE,FALSE
5362,Q8015404,NA,10917309,4,uc1.$b105782,Q8015404,pd|pdus,NA,5362,FALSE,FALSE,FALSE,FALSE,FALSE,FALSE,FALSE
5363,Q333719,0385336691,49054039,5,mdp.39015064705000,Q333719,ic,9780385336697,5363,FALSE,FALSE,TRUE,FALSE,FALSE,FALSE,FALSE
5365,Q562874,NA,199038843,8,mdp.49015002797943,Q562874,ic,1566631076,5365,FALSE,FALSE,TRUE,FALSE,TRUE,FALSE,FALSE
5367,Q548345,0394427920,461831,19,mdp.39015000551054,Q548345,und,NA,5367,FALSE,FALSE,TRUE,FALSE,FALSE,FALSE,FALSE
5370,Q2848651,NA,2278238,10,uc1.$b15301,Q2848651,ic,NA,5370,FALSE,FALSE,FALSE,FALSE,FALSE,FALSE,FALSE
5373,Q128560,0142437999,48610735,16,uc1.b2838338,Q128560,ic,0435293516,5373,FALSE,FALSE,TRUE,FALSE,TRUE,FALSE,FALSE
5374,Q2857861,NA,467383,14,uc1.b4084803,Q2857861,ic,NA,5374,FALSE,FALSE,TRUE,FALSE,FALSE,FALSE,FALSE
5375,Q1374400,NA,1319677,1,mdp.39015030141314,Q1374400,ic,NA,5375,FALSE,FALSE,TRUE,FALSE,FALSE,FALSE,FALSE
5376,Q235308,9780385721288,452160,8,inu.39000000938782,Q235308,ic,0224600559,5376,FALSE,FALSE,TRUE,FALSE,TRUE,FALSE,FALSE
5379,NA,NA,NA,3,uc1.b4086401,NA,ic,NA,224,TRUE,TRUE,TRUE,TRUE,FALSE,TRUE,TRUE
5383,Q354888,0345373235,18623135,4,mdp.39015032718663,Q354888,ic,0345373235,5383,FALSE,FALSE,TRUE,FALSE,FALSE,FALSE,FALSE
5384,Q80900,NA,1914983,17,mdp.39015031213898,Q80900,ic,NA,5384,FALSE,FALSE,FALSE,FALSE,TRUE,FALSE,FALSE
5387,Q6135294,NA,1294524,17,uc1.$b800203,Q6135294,ic,NA,5387,FALSE,FALSE,TRUE,FALSE,FALSE,FALSE,FALSE
5393,Q314256,NA,1473212,2,mdp.39015024905104,Q314256,ic,0929587723,5393,FALSE,FALSE,FALSE,FALSE,TRUE,FALSE,FALSE
5394,Q6540396,NA,2496600,1,uc1.b3115616,Q6540396,ic,NA,5394,FALSE,FALSE,TRUE,FALSE,FALSE,FALSE,FALSE
5396,NA,NA,NA,10,uc1.b4086401,NA,ic,NA,224,TRUE,TRUE,TRUE,TRUE,FALSE,TRUE,TRUE
54,Q267691,0671224913,8841355,15,uc1.32106013836868,Q267691,ic,0679754865,54,FALSE,FALSE,TRUE,FALSE,TRUE,FALSE,FALSE
540,Q1242948,0374106746,535362,1,mdp.39076002013154,Q1242948,ic,0385319851,540,FALSE,FALSE,TRUE,FALSE,TRUE,FALSE,FALSE
5402,Q37030,NA,10141818464,12,inu.32000007350582,Q37030,ic,NA,5402,FALSE,FALSE,TRUE,FALSE,FALSE,FALSE,FALSE
5403,Q1701683,0449908631,6075010,1,mdp.39015032592738,Q1701683,ic,0449908631,5403,FALSE,FALSE,TRUE,FALSE,FALSE,FALSE,FALSE
5404,Q1103301,NA,1450595,16,uc1.b3727813,Q1103301,ic,NA,5404,FALSE,FALSE,TRUE,FALSE,FALSE,FALSE,FALSE
5405,NA,NA,NA,3,uc1.b4086401,NA,ic,NA,224,TRUE,TRUE,TRUE,TRUE,FALSE,TRUE,TRUE
5407,Q128560,0671215698 :,17933388,27,mdp.39015008295845,Q128560,ic,0370014863,5407,FALSE,FALSE,TRUE,FALSE,TRUE,FALSE,FALSE
541,Q366266,0399145885,2999380782,11,mdp.39015042094477,Q366266,ic,0399145885,541,FALSE,FALSE,TRUE,FALSE,FALSE,FALSE,FALSE
5411,Q548345,NA,15230818,11,uc1.$b393749,Q548345,ic,NA,5411,FALSE,FALSE,TRUE,FALSE,FALSE,FALSE,FALSE
5412,Q94128963,NA,2341273,2,uc1.$b105482,Q94128963,ic,NA,5412,FALSE,FALSE,FALSE,FALSE,FALSE,FALSE,FALSE
5413,Q726194,0385315236,425491,37,mdp.39015034912363,Q726194,ic,0385315236,5413,FALSE,FALSE,TRUE,FALSE,FALSE,FALSE,FALSE
5414,Q716579,NA,467565,19,inu.32000001864190,Q716579,ic,NA,5414,FALSE,FALSE,TRUE,FALSE,TRUE,FALSE,FALSE
5415,Q160219,9780316068048,4535698190,59,mdp.39015079214741,Q160219,ic,0316068047,5415,FALSE,FALSE,TRUE,FALSE,FALSE,FALSE,FALSE
5416,NA,0399153144,860272,7,mdp.39015063676954,Q2536700,ic,0399153144,5416,FALSE,FALSE,TRUE,FALSE,FALSE,FALSE,FALSE
5418,Q310379,052512800X,614234,40,mdp.39015013970788,Q310379,ic,9780525128007,5418,FALSE,FALSE,TRUE,FALSE,FALSE,FALSE,FALSE
5419,Q134942,NA,196207144,4,mdp.39015025104848,Q134942,ic,NA,5419,FALSE,FALSE,FALSE,FALSE,FALSE,FALSE,FALSE
542,Q132524,9780452286368,1107216,22,mdp.39015058014633,Q132524,ic,0525934189,542,FALSE,FALSE,TRUE,FALSE,TRUE,FALSE,FALSE
5421,NA,NA,2308138,1,mdp.39015060010991,NA,ic,NA,5421,FALSE,FALSE,TRUE,FALSE,TRUE,FALSE,FALSE
5422,Q5346446,NA,423145142,9,uc1.b3688125,Q5346446,und,NA,5422,FALSE,FALSE,TRUE,FALSE,FALSE,FALSE,FALSE
5424,Q72653,0385338287,31138,7,mdp.39015063246659,Q72653,ic,0385339992,5424,FALSE,FALSE,TRUE,FALSE,FALSE,FALSE,FALSE
5425,Q1792237,NA,19998157,6,mdp.39015080871158,Q1792237,ic,0752448684,5425,FALSE,FALSE,TRUE,FALSE,TRUE,FALSE,FALSE
5426,Q1792237,NA,19998095,1,mdp.39015080879730,Q1792237,ic,0752448706,5426,FALSE,FALSE,TRUE,FALSE,TRUE,FALSE,FALSE
5428,Q235308,9780385721257,452188,3,inu.39000001020226,Q235308,ic,0140005358,5428,FALSE,FALSE,FALSE,FALSE,TRUE,FALSE,FALSE
543,Q190379,0385503954,799582,14,mdp.39015056229316,Q190379,ic,0224062786,543,FALSE,FALSE,TRUE,FALSE,TRUE,FALSE,FALSE
5430,Q1621598,NA,1787587,12,mdp.39015005071041,Q1621598,ic,NA,5430,FALSE,FALSE,TRUE,FALSE,FALSE,FALSE,FALSE
5431,NA,NA,NA,3,uc1.b4086401,NA,ic,NA,224,TRUE,TRUE,TRUE,TRUE,FALSE,TRUE,TRUE
5432,Q83566,0394539079,149468202,1,mdp.39015035309858,Q83566,ic,0394539079,5432,FALSE,FALSE,TRUE,FALSE,FALSE,FALSE,FALSE
5433,Q83566,0394539079,149468202,1,mdp.39015035309858,Q83566,ic,0394539079,5432,TRUE,TRUE,TRUE,TRUE,FALSE,FALSE,FALSE
5435,Q72653,0385333064,6392822,11,mdp.39015050107542,Q72653,ic,0385333064,5435,FALSE,FALSE,TRUE,FALSE,FALSE,FALSE,FALSE
5437,Q1631915,NA,198768642,37,mdp.39015014854023,Q1631915,ic,NA,5437,FALSE,FALSE,FALSE,FALSE,TRUE,FALSE,FALSE
5438,Q21162298,NA,1100528,32,uc1.b4083124,Q21162298,ic,NA,5438,FALSE,FALSE,TRUE,FALSE,FALSE,FALSE,FALSE
5439,Q207356,0151422990,20642700,15,pst.000044340605,Q207356,ic,0440339332,5439,FALSE,FALSE,FALSE,FALSE,TRUE,FALSE,FALSE
544,Q10312711,067122591X,3855303454,2,uc1.b4358693,Q10312711,ic,067122591X,544,FALSE,FALSE,TRUE,FALSE,FALSE,FALSE,FALSE
5440,Q128560,0671240854,48610736,20,mdp.39015031606463,Q128560,ic,0671240854,5440,FALSE,FALSE,TRUE,FALSE,FALSE,FALSE,FALSE
5442,Q234989,0399141146,533671,14,mdp.39015034906613,Q234989,ic,0399141146,5442,FALSE,FALSE,TRUE,FALSE,FALSE,FALSE,FALSE
5443,Q327278,0525949143,46267471,5,mdp.39015063677200,Q327278,ic,0525949143,5443,FALSE,FALSE,TRUE,FALSE,FALSE,FALSE,FALSE
5446,NA,9780399153792,58448230,6,mdp.39015067663768,Q2536700,ic,0399153799,5446,FALSE,FALSE,TRUE,FALSE,FALSE,FALSE,FALSE
5447,NA,NA,NA,12,uc1.b4086401,NA,ic,NA,224,TRUE,TRUE,TRUE,TRUE,FALSE,TRUE,TRUE
5450,Q272076,0553804790,49053811,9,mdp.39015064704995,Q272076,ic,9780553804799,5450,FALSE,FALSE,FALSE,FALSE,FALSE,FALSE,FALSE
5459,NA,NA,233726978,20,uc1.b3687836,NA,ic,NA,5459,FALSE,FALSE,TRUE,FALSE,FALSE,FALSE,FALSE
546,Q10312711,0395339707,15667340,19,uc1.b4951443,Q10312711,ic,0395339707,546,FALSE,FALSE,TRUE,FALSE,FALSE,FALSE,FALSE
5460,Q380202,0395393817,51585285,8,mdp.39015009336903,Q380202,ic,0395393817,5460,FALSE,FALSE,FALSE,FALSE,FALSE,FALSE,FALSE
5461,Q380202,0395256992,3943359843,22,mdp.39015008478763,Q380202,ic,0395256992,5461,FALSE,FALSE,TRUE,FALSE,FALSE,FALSE,FALSE
5462,Q454920,0385338252,845157,1,mdp.39015059159189,Q454920,ic,0385338252,5462,FALSE,FALSE,TRUE,FALSE,FALSE,FALSE,FALSE
5466,NA,NA,32112269,2,uc1.$b104842,NA,ic,NA,5466,FALSE,FALSE,TRUE,FALSE,FALSE,FALSE,FALSE
5467,Q4941286,0385322798,60425,39,pst.000053782205,Q4941286,ic,0553102206,5467,FALSE,FALSE,TRUE,FALSE,TRUE,FALSE,FALSE
5469,NA,NA,NA,19,uc1.b4086401,NA,ic,NA,224,TRUE,TRUE,TRUE,TRUE,FALSE,TRUE,TRUE
5472,NA,NA,NA,5,uc1.b4086401,NA,ic,NA,224,TRUE,TRUE,TRUE,TRUE,FALSE,TRUE,TRUE
5477,Q548004,NA,199148004,3,mdp.39015030717642,Q548004,ic,NA,5477,FALSE,FALSE,FALSE,FALSE,FALSE,FALSE,FALSE
548,Q5622456,NA,2450591,1,uc1.$b105339,Q5622456,ic,NA,548,FALSE,FALSE,TRUE,FALSE,FALSE,FALSE,FALSE
5480,Q548345,039443093X,264601135,12,mdp.39015000551096,Q548345,ic,NA,5480,FALSE,FALSE,TRUE,FALSE,FALSE,FALSE,FALSE
5482,NA,NA,2350050,8,uc1.b4095523,NA,ic,NA,5482,FALSE,FALSE,TRUE,FALSE,FALSE,FALSE,FALSE
5483,Q535856,0670031445,10953,6,uc1.32106017934859,Q535856,ic,0670031445,5483,FALSE,FALSE,TRUE,FALSE,FALSE,FALSE,FALSE
5484,Q216896,0884041948,9463344962,2,uc1.b4975732,Q216896,ic,0884041948,5484,FALSE,FALSE,TRUE,FALSE,FALSE,FALSE,FALSE
5487,NA,0399143084,539087,6,mdp.39015039923464,Q2536700,ic,0399143084,5487,FALSE,FALSE,FALSE,FALSE,FALSE,FALSE,FALSE
5488,NA,NA,NA,6,uc1.b4086401,NA,ic,NA,224,TRUE,TRUE,TRUE,TRUE,FALSE,TRUE,TRUE
5489,Q3720088,NA,895628477,5,mdp.39015024771183,Q3720088,ic,NA,5489,FALSE,FALSE,FALSE,FALSE,FALSE,FALSE,FALSE
549,Q222708,NA,3943855494,112,mdp.39015053104322,Q222708,ic,0767908198,549,FALSE,FALSE,FALSE,FALSE,TRUE,FALSE,FALSE
5490,Q7154292,NA,1477657,29,uc1.$b106139,Q7154292,ic,NA,5490,FALSE,FALSE,TRUE,FALSE,FALSE,FALSE,FALSE
5492,NA,0778322831,47139564,1,mdp.39015063249703,Q427886,ic,9780778322832,5492,FALSE,FALSE,TRUE,FALSE,FALSE,FALSE,FALSE
5493,Q333251,0385131720,454859,18,mdp.39076000851035,Q333251,ic,0385131720,5493,FALSE,FALSE,TRUE,FALSE,FALSE,FALSE,FALSE
5495,Q12807,0151001510,891057,6,mdp.39015037286500,Q12807,ic,0151001510,5495,FALSE,FALSE,TRUE,FALSE,FALSE,FALSE,FALSE
5496,Q4799707,NA,1633589,1,mdp.39015033007611,Q4799707,ic,NA,5496,FALSE,FALSE,FALSE,FALSE,FALSE,FALSE,FALSE
5497,Q271111,NA,1599182,19,mdp.39015002347600,Q271111,und,NA,5497,FALSE,FALSE,TRUE,FALSE,TRUE,FALSE,FALSE
5499,Q4383379,0399151613,134856,13,mdp.39015059119571,Q4383379,ic,0399151613,5499,FALSE,FALSE,TRUE,FALSE,FALSE,FALSE,FALSE
55,Q434735,NA,57066713,2,mdp.39015003930461,Q434735,und,NA,55,FALSE,FALSE,TRUE,FALSE,FALSE,FALSE,FALSE
550,Q49072,NA,10278891219,4,mdp.39015014212891,Q49072,ic,NA,550,FALSE,FALSE,TRUE,FALSE,FALSE,FALSE,FALSE
5505,NA,NA,NA,1,uc1.b4086401,NA,ic,NA,224,TRUE,TRUE,FALSE,TRUE,FALSE,TRUE,TRUE
5507,NA,NA,NA,1,uc1.b4086401,NA,ic,NA,224,TRUE,TRUE,TRUE,TRUE,FALSE,TRUE,TRUE
5509,NA,NA,NA,4,uc1.b4086401,NA,ic,NA,224,TRUE,TRUE,TRUE,TRUE,FALSE,TRUE,TRUE
5510,NA,NA,NA,2,uc1.b4086401,NA,ic,NA,224,TRUE,TRUE,TRUE,TRUE,FALSE,TRUE,TRUE
5511,NA,NA,NA,5,uc1.b4086401,NA,ic,NA,224,TRUE,TRUE,TRUE,TRUE,FALSE,TRUE,TRUE
5512,Q1355379,NA,149575800,2,uc1.b3872949,Q1355379,ic,NA,5512,FALSE,FALSE,FALSE,FALSE,FALSE,FALSE,FALSE
5513,NA,NA,NA,1,uc1.b4086401,NA,ic,NA,224,TRUE,TRUE,FALSE,TRUE,FALSE,TRUE,TRUE
5515,Q234989,0399134204,881265,35,uc1.32106010927223,Q234989,ic,0399134204,5515,FALSE,FALSE,TRUE,FALSE,FALSE,FALSE,FALSE
5516,Q548004,NA,255578088,1,mdp.39015030717758,Q548004,ic,NA,5516,FALSE,FALSE,FALSE,FALSE,TRUE,FALSE,FALSE
5519,Q179059,NA,1426014,15,mdp.39015002133448,Q179059,ic,NA,5519,FALSE,FALSE,TRUE,FALSE,TRUE,FALSE,FALSE
552,NA,NA,NA,3,uc1.b4086401,NA,ic,NA,224,TRUE,TRUE,TRUE,TRUE,FALSE,TRUE,TRUE
5530,Q179059,NA,5574588867,31,uc1.b3834595,Q179059,ic,NA,5530,FALSE,FALSE,FALSE,FALSE,FALSE,FALSE,FALSE
5535,NA,NA,NA,1,uc1.b4086401,NA,ic,NA,224,TRUE,TRUE,TRUE,TRUE,FALSE,TRUE,TRUE
5536,NA,NA,NA,4,uc1.b4086401,NA,ic,NA,224,TRUE,TRUE,TRUE,TRUE,FALSE,TRUE,TRUE
5537,Q298651,0553106244,17157455,2,mdp.39015048764727,Q298651,ic,0553106244,5537,FALSE,FALSE,TRUE,FALSE,FALSE,FALSE,FALSE
5539,Q6551554,0743223551,741040,2,mdp.39015058097307,Q6551554,ic,0743223551,5539,FALSE,FALSE,TRUE,FALSE,FALSE,FALSE,FALSE
5541,Q235354,0394431952,461882,27,mdp.39015003496885,Q235354,ic|und,NA,5541,FALSE,FALSE,TRUE,FALSE,FALSE,FALSE,FALSE
5543,Q106465,0385508042,687264,23,mdp.39015054069904,Q106465,ic,0385508042,5543,FALSE,FALSE,TRUE,FALSE,FALSE,FALSE,FALSE
5544,Q6174593,NA,1462080,19,mdp.39015031301909,Q6174593,ic,NA,5544,FALSE,FALSE,TRUE,FALSE,FALSE,FALSE,FALSE
5548,NA,NA,NA,3,uc1.b4086401,NA,ic,NA,224,TRUE,TRUE,TRUE,TRUE,FALSE,TRUE,TRUE
5550,Q72653,0385335407,1806461876,10,mdp.39015053118066,Q72653,ic,0385335407,5550,FALSE,FALSE,TRUE,FALSE,FALSE,FALSE,FALSE
5551,Q234989,9780399135781,180005,18,mdp.39015046353481,Q234989,ic,0399135782,5551,FALSE,FALSE,TRUE,FALSE,FALSE,FALSE,FALSE
5561,Q732568,NA,461885,12,uc1.b4437895,Q732568,ic,0803289189,5561,FALSE,FALSE,FALSE,FALSE,TRUE,FALSE,FALSE
5565,Q17496550,NA,836735099,28,uc1.$b103880,Q17496550,ic,NA,5565,FALSE,FALSE,FALSE,FALSE,FALSE,FALSE,FALSE
5569,Q1334230,NA,20974266,1,mdp.39015031239307,Q1334230,und,NA,5569,FALSE,FALSE,TRUE,FALSE,FALSE,FALSE,FALSE
5574,NA,NA,NA,7,uc1.b4086401,NA,ic,NA,224,TRUE,TRUE,TRUE,TRUE,FALSE,TRUE,TRUE
5575,Q1374400,NA,198431232,31,mdp.39015054108751,Q1374400,ic,NA,5575,FALSE,FALSE,FALSE,FALSE,FALSE,FALSE,FALSE
5578,Q3564828,0393121240,40434386,10,mdp.39015005307429,Q3564828,ic,0393121240,5578,FALSE,FALSE,TRUE,FALSE,FALSE,FALSE,FALSE
558,Q1190579,NA,1464641,24,uc1.$b102233,Q1190579,ic,NA,558,FALSE,FALSE,TRUE,FALSE,TRUE,FALSE,FALSE
5582,Q922053,0385504268,769226,6,mdp.39015056814000,Q922053,ic,0385504268,5582,FALSE,FALSE,TRUE,FALSE,FALSE,FALSE,FALSE
5583,Q182870,0679401431,387074999,11,mdp.39015038013416,Q182870,ic,0679401431,5583,FALSE,FALSE,TRUE,FALSE,FALSE,FALSE,FALSE
5585,Q271111,0688034810,435616,30,mdp.39015040127014,Q271111,ic,0688034810,5585,FALSE,FALSE,TRUE,FALSE,FALSE,FALSE,FALSE
5587,Q2748902,0345404912,533804,7,mdp.39015047068179,Q2748902,ic,0345404912,5587,FALSE,FALSE,TRUE,FALSE,FALSE,FALSE,FALSE
5588,Q13563113,1565123638,103903958,1,mdp.39015055801032,Q13563113,ic,1565123638,5588,FALSE,FALSE,TRUE,FALSE,FALSE,FALSE,FALSE
5589,NA,0399142894,539064,1,mdp.39015041541080,Q2536700,ic,0399142894,5589,FALSE,FALSE,TRUE,FALSE,FALSE,FALSE,FALSE
5591,Q978959,NA,1468514,53,mdp.39015015203519,Q978959,ic,0553140884,5591,FALSE,FALSE,FALSE,FALSE,TRUE,FALSE,FALSE
5599,Q427503,0689703651,9104242276,44,mdp.39015035332892,Q427503,ic,1585670162,5599,FALSE,FALSE,TRUE,FALSE,FALSE,FALSE,FALSE
56,Q272492,9780385324168,686253194,5,mdp.39015062594760,Q272492,ic,0385324162,56,FALSE,FALSE,TRUE,FALSE,FALSE,FALSE,FALSE
560,NA,NA,NA,3,uc1.b4086401,NA,ic,NA,224,TRUE,FALSE,TRUE,TRUE,FALSE,TRUE,TRUE
5600,Q235354,NA,464160,9,mdp.39015005091890,Q235354,ic,NA,5600,FALSE,FALSE,FALSE,FALSE,FALSE,FALSE,FALSE
5605,Q231467,0399146253,1079823,14,mdp.39015050304198,Q231467,ic,0399146253,5605,FALSE,FALSE,TRUE,FALSE,FALSE,FALSE,FALSE
5607,Q285876,0525946969,702156,2,mdp.39015055901733,Q285876,ic,0525946969,5607,FALSE,FALSE,TRUE,FALSE,FALSE,FALSE,FALSE
5608,Q237833,0684131323,329321,29,mdp.39015002758020,Q237833,ic,NA,5608,FALSE,FALSE,FALSE,FALSE,FALSE,FALSE,FALSE
5610,NA,NA,NA,1,uc1.b4086401,NA,ic,NA,224,TRUE,TRUE,TRUE,TRUE,FALSE,TRUE,TRUE
5615,Q710422,9780525949411,4390400269,12,mdp.39015063268281,Q710422,ic,0525949410,5615,FALSE,FALSE,TRUE,FALSE,FALSE,FALSE,FALSE
5616,NA,NA,1471961,2,uc1.$b105845,NA,ic,NA,5616,FALSE,FALSE,FALSE,FALSE,FALSE,FALSE,FALSE
5617,Q214622,0671407104,4746270158,13,mdp.39015005613537,Q214622,ic,9780671211707,5617,FALSE,FALSE,TRUE,FALSE,FALSE,FALSE,FALSE
5618,Q267691,0679433317,570697,1,mdp.39015037844969,Q267691,ic,0679433317,5618,FALSE,FALSE,TRUE,FALSE,FALSE,FALSE,FALSE
5625,NA,NA,NA,2,uc1.b4086401,NA,ic,NA,224,TRUE,TRUE,TRUE,TRUE,FALSE,TRUE,TRUE
5628,NA,NA,NA,1,uc1.b4086401,NA,ic,NA,224,TRUE,TRUE,TRUE,TRUE,FALSE,TRUE,TRUE
563,Q3704362,9780778324515,63258591,3,mdp.39015069302043,Q3704362,ic,0778324516,563,FALSE,FALSE,TRUE,FALSE,FALSE,FALSE,FALSE
5630,Q462356,NA,1487633,4,inu.39000000984323,Q462356,ic,0907871119,5630,FALSE,FALSE,TRUE,FALSE,TRUE,FALSE,FALSE
5632,Q230586,0517706814,17693277,4,mdp.39015038151190,Q230586,ic,0517707268,5632,FALSE,FALSE,FALSE,FALSE,FALSE,FALSE,FALSE
5635,NA,NA,NA,1,uc1.b4086401,NA,ic,NA,224,TRUE,TRUE,TRUE,TRUE,FALSE,TRUE,TRUE
5637,Q19518982,NA,1436292,16,mdp.39015039811552,Q19518982,ic,NA,5637,FALSE,FALSE,TRUE,FALSE,FALSE,FALSE,FALSE
5638,Q2578525,NA,69691959,16,inu.30000111827857,Q2578525,ic,0892440171,5638,FALSE,FALSE,TRUE,FALSE,TRUE,FALSE,FALSE
5640,Q380202,0395312604,51584768,17,mdp.39015009336911,Q380202,ic,0395312604,5640,FALSE,FALSE,TRUE,FALSE,FALSE,FALSE,FALSE
5641,Q356639,NA,2908676639,18,uc1.b4091168,Q356639,und,NA,5641,FALSE,FALSE,TRUE,FALSE,FALSE,FALSE,FALSE
5647,Q285876,0684834723,568460,15,mdp.39015040577127,Q285876,ic,0684834723,5647,FALSE,FALSE,FALSE,FALSE,FALSE,FALSE,FALSE
5648,Q508452,9780345802668,20942993,10,pst.000011439356,Q508452,ic,0689706189,5648,FALSE,FALSE,TRUE,FALSE,TRUE,FALSE,FALSE
5656,Q5363538,NA,406508,3,mdp.39015046411982,Q5363538,ic,NA,5656,FALSE,FALSE,TRUE,FALSE,FALSE,FALSE,FALSE
5658,Q1573454,NA,1424934,13,mdp.39015051324112,Q1573454,ic,NA,5658,FALSE,FALSE,TRUE,FALSE,FALSE,FALSE,FALSE
5668,Q2179933,0399142614,598503,5,mdp.39015040991344,Q2179933,ic,0399142614,5668,FALSE,FALSE,TRUE,FALSE,FALSE,FALSE,FALSE
567,Q235615,0375412530,196057718,13,mdp.39015050548117,Q235615,ic,0375412530,567,FALSE,FALSE,TRUE,FALSE,TRUE,FALSE,FALSE
5672,Q255339,0679439382,733972,5,mdp.39015066065536,Q255339,ic,0679439382,5672,FALSE,FALSE,TRUE,FALSE,FALSE,FALSE,FALSE
5675,Q180377,039475767X,2829666471,1,uc1.32106008141977,Q180377,ic,NA,5675,FALSE,FALSE,TRUE,FALSE,TRUE,FALSE,FALSE
5676,Q378639,038523242X,1861168295,27,mdp.39015014610110,Q378639,ic|und,NA,5676,FALSE,FALSE,TRUE,FALSE,FALSE,FALSE,FALSE
5677,Q176558,0060168706,325567,7,mdp.39015025280705,Q176558,ic,0060168706,5677,FALSE,FALSE,TRUE,FALSE,FALSE,FALSE,FALSE
5678,Q80900,NA,195987871,22,pst.000022045898,Q80900,ic,1559210222,5678,FALSE,FALSE,TRUE,FALSE,TRUE,FALSE,FALSE
5682,Q709751,NA,48179096,3,uc1.$b244226,Q709751,und,NA,5682,FALSE,FALSE,TRUE,FALSE,TRUE,FALSE,FALSE
5684,Q558425,0394538994,3909798,13,mdp.39015009111066,Q558425,ic,0394538994,5684,FALSE,FALSE,TRUE,FALSE,FALSE,FALSE,FALSE
5685,Q379895,0553050141,57740559,18,uc1.b4384858,Q379895,ic,0553050141,5685,FALSE,FALSE,TRUE,FALSE,FALSE,FALSE,FALSE
5686,Q379895,0553050141,57740559,1,uc1.b4384858,Q379895,ic,0553050141,5685,TRUE,TRUE,TRUE,TRUE,FALSE,FALSE,FALSE
5687,Q42,0671625837,48525071,10,uc1.32106016476571,Q42,ic,0671694049,5687,FALSE,FALSE,TRUE,FALSE,TRUE,FALSE,FALSE
5688,NA,NA,NA,1,uc1.b4086401,NA,ic,NA,224,TRUE,TRUE,FALSE,TRUE,FALSE,TRUE,TRUE
5692,Q72653,0385319568,535353,9,mdp.39015040365788,Q72653,ic,0385324103,5692,FALSE,FALSE,TRUE,FALSE,FALSE,FALSE,FALSE
5693,NA,NA,NA,6,uc1.b4086401,NA,ic,NA,224,TRUE,TRUE,TRUE,TRUE,FALSE,TRUE,TRUE
5696,Q285876,0684867818,12238977220,9,mdp.39015048922226,Q285876,ic,0684867818,5696,FALSE,FALSE,TRUE,FALSE,FALSE,FALSE,FALSE
5698,Q726194,038531700X,6535620,8,mdp.39015045679712,Q726194,ic,038531700X,5698,FALSE,FALSE,TRUE,FALSE,FALSE,FALSE,FALSE
5699,Q5585569,0870350188,2996194241,16,uc1.32106018071107,Q5585569,ic,0380014041,5699,FALSE,FALSE,TRUE,FALSE,TRUE,FALSE,FALSE
5700,Q893138,NA,1764471,4,uc1.$b105946,Q893138,ic,NA,5700,FALSE,FALSE,FALSE,FALSE,TRUE,FALSE,FALSE
5702,Q929597,NA,1997123,9,uc1.b4094212,Q929597,ic,NA,5702,FALSE,FALSE,TRUE,FALSE,FALSE,FALSE,FALSE
5704,NA,NA,NA,4,uc1.b4086401,NA,ic,NA,224,TRUE,TRUE,TRUE,TRUE,FALSE,TRUE,TRUE
5705,NA,NA,NA,1,uc1.b4086401,NA,ic,NA,224,TRUE,TRUE,TRUE,TRUE,FALSE,TRUE,TRUE
5710,Q505088,NA,502556,8,pst.000006559816,Q505088,ic,0837604303,5710,FALSE,FALSE,FALSE,FALSE,TRUE,FALSE,FALSE
5711,NA,0679419462,156434048,24,mdp.39015066047674,NA,ic,0679419462,5711,FALSE,FALSE,TRUE,FALSE,FALSE,FALSE,FALSE
5715,Q231736,0671867164,33301368,14,mdp.39015053522317,Q231736,ic,0671867164,5715,FALSE,FALSE,TRUE,FALSE,FALSE,FALSE,FALSE
5716,Q469250,NA,197889737,1,uc1.$b106179,Q469250,ic,NA,5716,FALSE,FALSE,FALSE,FALSE,FALSE,FALSE,FALSE
5717,NA,NA,1933330,9,uc1.b3688178,NA,ic,NA,5717,FALSE,FALSE,TRUE,FALSE,FALSE,FALSE,FALSE
5719,Q447630,NA,1228616,9,mdp.49015000910258,Q447630,ic,0837127009,5719,FALSE,FALSE,TRUE,FALSE,TRUE,FALSE,FALSE
5720,Q107002,9780316216470,449059,17,mdp.49015001009845,Q107002,ic,NA,5720,FALSE,FALSE,TRUE,FALSE,TRUE,FALSE,FALSE
5722,Q239934,0316666343,141600967,65,mdp.39076002663594,Q239934,ic,9780316001823,5722,FALSE,FALSE,TRUE,FALSE,TRUE,FALSE,FALSE
5723,NA,0394545885,351108251,9,mdp.39015009296081,NA,ic,0394545885,5723,FALSE,FALSE,TRUE,FALSE,FALSE,FALSE,FALSE
5729,Q106727012,NA,2313525,2,uc1.b4096953,Q106727012,ic,NA,5729,FALSE,FALSE,FALSE,FALSE,FALSE,FALSE,FALSE
573,Q6551554,0743287487,58266297,3,mdp.39015067663727,Q6551554,ic,9780743287487,573,FALSE,FALSE,TRUE,FALSE,FALSE,FALSE,FALSE
5730,Q1792237,1439146071,19717986,1,uc1.$b105297,Q1792237,ic,NA,5730,FALSE,FALSE,TRUE,FALSE,FALSE,FALSE,FALSE
5733,Q545375,067082416X,8019415,9,mdp.39015014150885,Q545375,ic,0771599196,5733,FALSE,FALSE,TRUE,FALSE,TRUE,FALSE,FALSE
5735,Q1541704,NA,59797340,8,uc1.b4381470,Q1541704,ic,NA,5735,FALSE,FALSE,FALSE,FALSE,FALSE,FALSE,FALSE
574,Q550819,0399151451,8910272538,4,mdp.39015058262174,Q550819,ic,0399151451,574,FALSE,FALSE,TRUE,FALSE,FALSE,FALSE,FALSE
5741,Q163069,NA,2449233,4,mdp.39015063936960,Q163069,ic,NA,5741,FALSE,FALSE,FALSE,FALSE,TRUE,FALSE,FALSE
5742,Q214660,0316290920,48081263,1,uc1.32106006440819,Q214660,ic,9780224013925,5742,FALSE,FALSE,TRUE,FALSE,TRUE,FALSE,FALSE
5744,Q229996,0517556278,4474727104,47,mdp.39015058260913,Q229996,ic,0517556278,5744,FALSE,FALSE,TRUE,FALSE,FALSE,FALSE,FALSE
5745,Q188440,NA,48795236,38,uc1.b4451264,Q188440,ic,NA,5745,FALSE,FALSE,TRUE,FALSE,FALSE,FALSE,FALSE
5749,Q333004,NA,1527419,2,mdp.39015004928373,Q333004,ic,NA,5749,FALSE,FALSE,FALSE,FALSE,FALSE,FALSE,FALSE
5750,Q2903650,1568582463,4915991088,48,mdp.39015066062079,Q2903650,ic,0877955530,5750,FALSE,FALSE,FALSE,FALSE,TRUE,FALSE,FALSE
5751,Q187330,NA,196807747,12,uc1.b3929731,Q187330,ic,NA,5751,FALSE,FALSE,FALSE,FALSE,FALSE,FALSE,FALSE
5752,Q500042,NA,866014467,3,mdp.39015030851144,Q500042,ic,NA,5752,FALSE,FALSE,FALSE,FALSE,FALSE,FALSE,FALSE
5756,Q547914,NA,1087113,23,mdp.39015017659098,Q547914,und,NA,5756,FALSE,FALSE,TRUE,FALSE,FALSE,FALSE,FALSE
5757,Q82104,NA,339423,14,inu.30000107311882,Q82104,ic,9780142003282,5757,FALSE,FALSE,TRUE,FALSE,TRUE,FALSE,FALSE
5758,Q163069,NA,2555742,2,mdp.39015063936812,Q163069,und,NA,5758,FALSE,FALSE,FALSE,FALSE,FALSE,FALSE,FALSE
5760,Q344955,1568582706,389165,1,mdp.39015046344084,Q344955,ic,NA,5760,FALSE,FALSE,TRUE,FALSE,TRUE,FALSE,FALSE
5761,Q7197,NA,20178635,24,inu.30000100635840,Q7197,ic,0007203942,5761,FALSE,FALSE,FALSE,FALSE,TRUE,FALSE,FALSE
5762,Q5882210,9780385340403,48094568,1,mdp.39015064984456,Q5882210,ic,0385340400,5762,FALSE,FALSE,TRUE,FALSE,FALSE,FALSE,FALSE
5763,Q38392,NA,463776,13,mdp.39015003343871,Q38392,ic,NA,5763,FALSE,FALSE,TRUE,FALSE,FALSE,FALSE,FALSE
5765,Q335232,0375506713,46233485,7,uc1.32106018338506,Q335232,ic,0375506713,5765,FALSE,FALSE,TRUE,FALSE,FALSE,FALSE,FALSE
5766,NA,NA,NA,21,uc1.b4086401,NA,ic,NA,224,TRUE,TRUE,TRUE,TRUE,FALSE,TRUE,TRUE
577,Q333719,0385340559,58659862,4,mdp.39015068809428,Q333719,ic,9780385340557,577,FALSE,FALSE,TRUE,FALSE,FALSE,FALSE,FALSE
5772,Q386285,NA,1475291,16,mdp.39015011716555,Q386285,ic,NA,5772,FALSE,FALSE,TRUE,FALSE,FALSE,FALSE,FALSE
5774,Q1688127,0151578206,413331,13,mdp.39015058727077,Q1688127,ic,NA,5774,FALSE,FALSE,TRUE,FALSE,TRUE,FALSE,FALSE
5775,NA,NA,NA,2,uc1.b4086401,NA,ic,NA,224,TRUE,TRUE,TRUE,TRUE,FALSE,TRUE,TRUE
5776,Q233046,0345388232,613916,3,mdp.39015039923415,Q233046,ic,0345388232,5776,FALSE,FALSE,FALSE,FALSE,FALSE,FALSE,FALSE
5778,Q224113,0553106678,52781339,13,mdp.39015040575493,Q224113,ic,0553106678,5778,FALSE,FALSE,TRUE,FALSE,FALSE,FALSE,FALSE
5781,NA,NA,NA,3,uc1.b4086401,NA,ic,NA,224,TRUE,TRUE,TRUE,TRUE,FALSE,TRUE,TRUE
5782,Q176558,9780061239533,4923801582,1,uc1.32106019050415,Q176558,ic,0061239534,5782,FALSE,FALSE,TRUE,FALSE,FALSE,FALSE,FALSE
5783,Q2941863,0399142649,368073,4,mdp.39015041541015,Q2941863,ic,0399142649,5783,FALSE,FALSE,TRUE,FALSE,FALSE,FALSE,FALSE
5786,Q6950,0345476999,53712972,3,mdp.39015064760914,Q6950,ic,9780345476999,5786,FALSE,FALSE,TRUE,FALSE,FALSE,FALSE,FALSE
5789,Q291774,0670033944,33001,24,mdp.39015060659045,Q291774,ic,0670033944,5789,FALSE,FALSE,TRUE,FALSE,FALSE,FALSE,FALSE
5791,Q287460,NA,287835408,7,mdp.39076005052886,Q287460,ic,NA,5791,FALSE,FALSE,TRUE,FALSE,FALSE,FALSE,FALSE
5795,Q5528566,0395294630,196703893,4,uc1.b4432346,Q5528566,ic,0395294630,5795,FALSE,FALSE,TRUE,FALSE,FALSE,FALSE,FALSE
5796,NA,NA,NA,9,uc1.b4086401,NA,ic,NA,224,TRUE,TRUE,TRUE,TRUE,FALSE,TRUE,TRUE
58,Q128560,NA,49051517,26,inu.39000003569436,Q128560,ic,0434305642,58,FALSE,FALSE,TRUE,FALSE,TRUE,FALSE,FALSE
580,NA,1401302769,49393342,3,mdp.39015064703120,NA,ic,1401302769,580,FALSE,FALSE,TRUE,FALSE,FALSE,FALSE,FALSE
5801,Q715692,0385261470,284992121,6,mdp.39015053525062,Q715692,ic,0385261470,5801,FALSE,FALSE,TRUE,FALSE,FALSE,FALSE,FALSE
5803,Q7381600,9997502205,1361512,54,mdp.39015047643500,Q7381600,und,9789997502209,5803,FALSE,FALSE,TRUE,FALSE,FALSE,FALSE,FALSE
5804,NA,NA,NA,7,uc1.b4086401,NA,ic,NA,224,TRUE,TRUE,TRUE,TRUE,FALSE,TRUE,TRUE
5811,Q465179,0394524063,794898597,13,uc1.32106015694927,Q465179,ic,0345350499,5811,FALSE,FALSE,TRUE,FALSE,TRUE,FALSE,FALSE
5813,Q134942,NA,477032,7,mdp.39015025031991,Q134942,und,NA,5813,FALSE,FALSE,FALSE,FALSE,FALSE,FALSE,FALSE
5814,NA,NA,NA,1,uc1.b4086401,NA,ic,NA,224,TRUE,TRUE,TRUE,TRUE,FALSE,TRUE,TRUE
5816,Q4235282,NA,197660922,31,mdp.39015011562967,Q4235282,ic,NA,5816,FALSE,FALSE,TRUE,FALSE,FALSE,FALSE,FALSE
582,Q39829,0684853507,1807935331,20,mdp.39015043798936,Q39829,ic,0684853507,582,FALSE,FALSE,TRUE,FALSE,FALSE,FALSE,FALSE
5820,Q39212,014006222X,1267444,18,mdp.39015005509784,Q39212,ic,NA,5820,FALSE,FALSE,FALSE,FALSE,FALSE,FALSE,FALSE
5821,Q16028064,9780061673238,1424330,17,uc1.$b115512,Q16028064,ic,NA,5821,FALSE,FALSE,TRUE,FALSE,TRUE,FALSE,FALSE
5822,Q271111,NA,648365,22,mdp.49015001015479,Q271111,und,NA,5822,FALSE,FALSE,TRUE,FALSE,FALSE,FALSE,FALSE
5823,Q44306,0679420495,5888056,4,mdp.39015055445939,Q44306,ic,0224038109,5823,FALSE,FALSE,TRUE,FALSE,TRUE,FALSE,FALSE
5824,Q468667,NA,47181780,2,mdp.39015003930073,Q468667,ic,NA,5824,FALSE,FALSE,FALSE,FALSE,FALSE,FALSE,FALSE
5825,Q2089198,NA,4920180630,18,uc1.$b86042,Q2089198,ic,NA,5825,FALSE,FALSE,FALSE,FALSE,FALSE,FALSE,FALSE
5826,Q510320,0395318378,2080000,8,mdp.39015046831361,Q510320,ic,0395318378,5826,FALSE,FALSE,TRUE,FALSE,FALSE,FALSE,FALSE
5828,Q81071,NA,2149016,6,uc1.b3687408,Q81071,ic,NA,5828,FALSE,FALSE,TRUE,FALSE,FALSE,FALSE,FALSE
583,Q1678883,0345450175,683540,2,mdp.39015060033118,Q1678883,ic,0345450175,583,FALSE,FALSE,TRUE,FALSE,FALSE,FALSE,FALSE
5832,Q4392601,NA,58229886,8,uc1.b3727433,Q4392601,ic,NA,5832,FALSE,FALSE,TRUE,FALSE,FALSE,FALSE,FALSE
5833,NA,NA,1341870,22,mdp.39015030947033,NA,und,NA,5833,FALSE,FALSE,TRUE,FALSE,FALSE,FALSE,FALSE
5834,Q435326,0671014218,742360,4,mdp.39015055087681,Q435326,ic,0671014218,5834,FALSE,FALSE,TRUE,FALSE,FALSE,FALSE,FALSE
5835,Q1349245,0345452534,733960,4,mdp.39015055831062,Q1349245,ic,0345452534,5835,FALSE,FALSE,TRUE,FALSE,FALSE,FALSE,FALSE
5836,NA,NA,NA,6,uc1.b4086401,NA,ic,NA,224,TRUE,TRUE,TRUE,TRUE,FALSE,TRUE,TRUE
5838,Q270648,1400041414,137890,8,uc1.32106018624103,Q270648,ic,1400041414,5838,FALSE,FALSE,TRUE,FALSE,FALSE,FALSE,FALSE
584,NA,NA,NA,1,uc1.b4086401,NA,ic,NA,224,TRUE,TRUE,TRUE,TRUE,FALSE,TRUE,TRUE
5840,NA,0399139761,807617,1,mdp.39015032352869,Q2536700,ic,0399139761,5840,FALSE,FALSE,TRUE,FALSE,FALSE,FALSE,FALSE
5841,NA,0399139761,807617,4,mdp.39015032352869,Q2536700,ic,0399139761,5840,TRUE,TRUE,TRUE,TRUE,FALSE,FALSE,FALSE
5844,Q5258715,0395544173,19779008,1,mdp.39015019813214,Q5258715,ic,0395544173,5844,FALSE,FALSE,TRUE,FALSE,FALSE,FALSE,FALSE
5845,Q313466,0688076327,871403,6,mdp.39015058018238,Q313466,ic,0688076327,5845,FALSE,FALSE,TRUE,FALSE,FALSE,FALSE,FALSE
5849,Q4940683,0440501784,1807631098,3,pst.000033979311,Q4940683,ic,NA,5849,FALSE,FALSE,TRUE,FALSE,TRUE,FALSE,FALSE
5850,Q108152282,NA,2609634,1,uc1.$b56479,Q108152282,pd,NA,5850,FALSE,FALSE,FALSE,FALSE,FALSE,FALSE,FALSE
5851,Q12807,0151446474,147011,46,wu.89085145860,Q12807,ic,0330284142,5851,FALSE,FALSE,TRUE,FALSE,TRUE,FALSE,FALSE
5852,Q12807,0151446474,147011,1,wu.89085145860,Q12807,ic,0330284142,5851,TRUE,TRUE,TRUE,TRUE,TRUE,FALSE,FALSE
5854,NA,NA,NA,30,uc1.b4086401,NA,ic,NA,224,TRUE,TRUE,TRUE,TRUE,FALSE,TRUE,TRUE
5855,NA,NA,NA,8,uc1.b4086401,NA,ic,NA,224,TRUE,TRUE,TRUE,TRUE,FALSE,TRUE,TRUE
5859,NA,NA,NA,6,uc1.b4086401,NA,ic,NA,224,TRUE,TRUE,TRUE,TRUE,FALSE,TRUE,TRUE
586,Q312720,NA,52424150,15,mdp.39015014858511,Q312720,ic,NA,586,FALSE,FALSE,FALSE,FALSE,FALSE,FALSE,FALSE
5861,Q380439,NA,1774526,24,mdp.39015010301193,Q380439,ic|und,NA,5861,FALSE,FALSE,FALSE,FALSE,FALSE,FALSE,FALSE
5864,NA,NA,NA,3,uc1.b4086401,NA,ic,NA,224,TRUE,TRUE,TRUE,TRUE,FALSE,TRUE,TRUE
5866,NA,NA,2496231,4,uc1.$b56674,Q110110269,ic,NA,5866,FALSE,FALSE,FALSE,FALSE,FALSE,FALSE,FALSE
5868,Q76498,0385176228,10678398871,12,uc1.b3440800,Q76498,ic,0385176228,5868,FALSE,FALSE,TRUE,FALSE,FALSE,FALSE,FALSE
5870,Q1352236,0316921459,449042,32,mdp.39015004721406,Q1352236,ic,NA,5870,FALSE,FALSE,TRUE,FALSE,FALSE,FALSE,FALSE
5883,Q1701679,0399142371,44185956,7,mdp.39015041027213,Q1701679,ic,0399142371,5883,FALSE,FALSE,TRUE,FALSE,FALSE,FALSE,FALSE
5884,NA,NA,NA,1,uc1.b4086401,NA,ic,NA,224,TRUE,FALSE,TRUE,TRUE,FALSE,TRUE,TRUE
5888,Q63837,0394727525,32491,7,mdp.39015031294666,Q63837,ic,NA,5888,FALSE,FALSE,TRUE,FALSE,FALSE,FALSE,FALSE
5889,Q2742535,NA,52725325,17,mdp.39015000620925,Q2742535,ic,0140044264,5889,FALSE,FALSE,FALSE,FALSE,TRUE,FALSE,FALSE
589,Q314929,039912778X,546704,16,mdp.39015020666460,Q314929,ic,0718121732,589,FALSE,FALSE,TRUE,FALSE,TRUE,FALSE,FALSE
5896,NA,NA,NA,22,uc1.b4086401,NA,ic,NA,224,TRUE,TRUE,TRUE,TRUE,FALSE,TRUE,TRUE
5897,Q1373060,NA,1425075,20,mdp.39015007058152,Q1373060,ic,NA,5897,FALSE,FALSE,FALSE,FALSE,FALSE,FALSE,FALSE
59,Q434735,NA,57066428,4,mdp.39015003930867,Q434735,ic|und,NA,59,FALSE,FALSE,TRUE,FALSE,FALSE,FALSE,FALSE
590,Q93137,NA,1356269,8,pst.000029593002,Q93137,ic,NA,590,FALSE,FALSE,TRUE,FALSE,TRUE,FALSE,FALSE
5902,Q179059,NA,1421933,14,uc1.b3834596,Q179059,ic,NA,5902,FALSE,FALSE,TRUE,FALSE,FALSE,FALSE,FALSE
5905,Q13511828,NA,1904264,1,uc1.$b106414,Q13511828,ic,NA,5905,FALSE,FALSE,TRUE,FALSE,FALSE,FALSE,FALSE
5907,Q439059,NA,178680954,10,mdp.39015031311700,Q439059,ic,NA,5907,FALSE,FALSE,FALSE,FALSE,FALSE,FALSE,FALSE
5908,Q559506,NA,114119141,15,uc1.b3740627,Q559506,ic,NA,5908,FALSE,FALSE,TRUE,FALSE,FALSE,FALSE,FALSE
5909,Q327278,0525945768,765573,4,mdp.39015054152833,Q327278,ic,0525945768,5909,FALSE,FALSE,TRUE,FALSE,FALSE,FALSE,FALSE
591,Q180962,9780812986143,434172,3,mdp.39015005749638,Q180962,ic,NA,591,FALSE,FALSE,TRUE,FALSE,FALSE,FALSE,FALSE
5911,NA,NA,NA,3,uc1.b4086401,NA,ic,NA,224,TRUE,TRUE,TRUE,TRUE,FALSE,TRUE,TRUE
5914,Q249197,067052042X,3377019950,48,mdp.39015043787996,Q249197,ic,067052042X,5914,FALSE,FALSE,TRUE,FALSE,FALSE,FALSE,FALSE
5915,Q6969501,NA,116320772,3,mdp.39015009280705,Q6969501,ic,NA,5915,FALSE,FALSE,TRUE,FALSE,FALSE,FALSE,FALSE
5917,Q4762571,NA,374624534,7,uc1.32106015264317,Q4762571,ic,1559212055,5917,FALSE,FALSE,TRUE,FALSE,TRUE,FALSE,FALSE
5921,Q154691,0374225788,533124,1,uc1.32106013282550,Q154691,ic,0060970634,5921,FALSE,FALSE,TRUE,FALSE,TRUE,FALSE,FALSE
5922,Q23434,0684163268,3134277083,26,uc1.32106010138839,Q23434,und,0684153637,5922,FALSE,FALSE,FALSE,FALSE,TRUE,FALSE,FALSE
5923,Q352325,0671414755,364091400,4,mdp.39015008526702,Q352325,ic,0671414755,5923,FALSE,FALSE,TRUE,FALSE,FALSE,FALSE,FALSE
5926,Q188286,0670034797,9093906269,3,mdp.39015063281201,Q188286,ic,0670034797,5926,FALSE,FALSE,TRUE,FALSE,FALSE,FALSE,FALSE
5928,Q453410,9780399105975,472694,8,mdp.39015066731327,Q453410,ic,0399105972,5928,FALSE,FALSE,TRUE,FALSE,TRUE,FALSE,FALSE
593,NA,NA,NA,1,uc1.b4086401,NA,ic,NA,224,TRUE,TRUE,TRUE,TRUE,FALSE,TRUE,TRUE
5930,Q457185,0345298985,3769803917,21,uc1.b4439246,Q457185,ic,0345298985,5930,FALSE,FALSE,TRUE,FALSE,FALSE,FALSE,FALSE
5933,Q77024,NA,2286687288,8,mdp.39015046435544,Q77024,ic,NA,5933,FALSE,FALSE,FALSE,FALSE,TRUE,FALSE,FALSE
5934,Q259364,0394480171,48290166,6,mdp.39015003636084,Q259364,ic,0394480171,5934,FALSE,FALSE,TRUE,FALSE,FALSE,FALSE,FALSE
5935,NA,NA,NA,3,uc1.b4086401,NA,ic,NA,224,TRUE,TRUE,TRUE,TRUE,FALSE,TRUE,TRUE
5937,Q316431,9780786943401,111493927,4,mdp.39015074299036,Q316431,ic,0786943408,5937,FALSE,FALSE,TRUE,FALSE,FALSE,FALSE,FALSE
5939,Q127079,NA,1475145,8,uc1.b4446941,Q127079,ic,NA,5939,FALSE,FALSE,TRUE,FALSE,FALSE,FALSE,FALSE
5942,Q1448930,0394467442,462142,24,mdp.39015021494060,Q1448930,ic,9780394436081,5942,FALSE,FALSE,TRUE,FALSE,FALSE,FALSE,FALSE
5949,Q5386815,0525947248,648933,4,mdp.39015066113021,Q5386815,ic,0525947248,5949,FALSE,FALSE,TRUE,FALSE,FALSE,FALSE,FALSE
5951,NA,NA,NA,4,uc1.b4086401,NA,ic,NA,224,TRUE,TRUE,TRUE,TRUE,FALSE,TRUE,TRUE
5953,Q380202,039536101X,51585152,5,mdp.39015008398433,Q380202,ic,039536101X,5953,FALSE,FALSE,TRUE,FALSE,FALSE,FALSE,FALSE
5954,NA,NA,NA,2,uc1.b4086401,NA,ic,NA,224,TRUE,TRUE,TRUE,TRUE,FALSE,TRUE,TRUE
5956,Q6858736,NA,1630007,17,mdp.39015030846524,Q6858736,ic,NA,5956,FALSE,FALSE,FALSE,FALSE,FALSE,FALSE,FALSE
596,Q558425,0394554272,6867979,9,uc1.32106007504845,Q558425,ic,0394554272,596,FALSE,FALSE,TRUE,FALSE,FALSE,FALSE,FALSE
5961,Q438345,0399151745,691353,1,mdp.39015061148428,Q438345,ic,0399151745,5961,FALSE,FALSE,TRUE,FALSE,FALSE,FALSE,FALSE
5962,NA,NA,NA,1,uc1.b4086401,NA,ic,NA,224,TRUE,FALSE,TRUE,TRUE,FALSE,TRUE,TRUE
5963,Q2035970,0385244886,4029636,1,mdp.39015056157731,Q2035970,ic,NA,5963,FALSE,FALSE,TRUE,FALSE,TRUE,FALSE,FALSE
5968,Q458445,0679421750,2641473,1,mdp.39015033329304,Q458445,ic,0679421750,5968,FALSE,FALSE,TRUE,FALSE,FALSE,FALSE,FALSE
5969,Q2037944,NA,1950814,1,uc1.$b101858,Q2037944,ic|und,NA,5969,FALSE,FALSE,FALSE,FALSE,FALSE,FALSE,FALSE
5976,NA,0385472951,2261177521,30,pst.000060646187,NA,ic,9780440243779,5976,FALSE,FALSE,TRUE,FALSE,TRUE,FALSE,FALSE
5977,Q1621598,0395182794,1812859,15,mdp.39015010861741,Q1621598,ic,0395182794,5977,FALSE,FALSE,TRUE,FALSE,FALSE,FALSE,FALSE
5980,Q337103,NA,63532037,8,mdp.39015031305504,Q337103,ic,NA,5980,FALSE,FALSE,TRUE,FALSE,FALSE,FALSE,FALSE
5983,Q2386817,0553109839,8912655,2,mdp.39015047865194,Q2386817,ic,0553109839,5983,FALSE,FALSE,TRUE,FALSE,FALSE,FALSE,FALSE
5984,Q80900,0381980480,4065911,11,mdp.39015031213922,Q80900,ic,NA,5984,FALSE,FALSE,FALSE,FALSE,FALSE,FALSE,FALSE
5987,Q5607823,NA,3768554671,5,uc1.b3727630,Q5607823,ic,NA,5987,FALSE,FALSE,TRUE,FALSE,FALSE,FALSE,FALSE
5989,Q1594680,NA,1950644,21,mdp.39015008631494,Q1594680,ic,NA,5989,FALSE,FALSE,FALSE,FALSE,FALSE,FALSE,FALSE
599,Q269129,NA,50846834,51,uc1.b3435087,Q269129,ic,NA,599,FALSE,FALSE,FALSE,FALSE,FALSE,FALSE,FALSE
5990,Q39212,0670347914,4140851160,7,mdp.39015000516081,Q39212,ic,0070018082,5317,FALSE,TRUE,TRUE,TRUE,TRUE,TRUE,TRUE
5992,NA,NA,NA,2,uc1.b4086401,NA,ic,NA,224,TRUE,FALSE,TRUE,TRUE,FALSE,TRUE,TRUE
5993,Q106465,0385421982,835069,49,mdp.39015029244657,Q106465,ic,0385423543,5993,FALSE,FALSE,TRUE,FALSE,FALSE,FALSE,FALSE
60,Q298229,0345435273,9937272,2,mdp.39015054129278,Q298229,ic,0345435273,60,FALSE,FALSE,TRUE,FALSE,FALSE,FALSE,FALSE
6002,Q235354,0394481917,462295,23,mdp.39015004704618,Q235354,ic,0394481917,6002,FALSE,FALSE,TRUE,FALSE,FALSE,FALSE,FALSE
6003,NA,NA,NA,2,uc1.b4086401,NA,ic,NA,224,TRUE,TRUE,TRUE,TRUE,FALSE,TRUE,TRUE
6004,NA,NA,NA,2,uc1.b4086401,NA,ic,NA,224,TRUE,TRUE,TRUE,TRUE,FALSE,TRUE,TRUE
6005,Q1307719,NA,158963242,26,mdp.39015002710195,Q1307719,ic,NA,6005,FALSE,FALSE,FALSE,FALSE,FALSE,FALSE,FALSE
6008,Q531194,NA,1905779,1,mdp.39015024637194,Q531194,ic,NA,6008,FALSE,FALSE,FALSE,FALSE,TRUE,FALSE,FALSE
6011,Q210669,0688046592,1097966,12,pst.000051406523,Q210669,ic,0451207149,6011,FALSE,FALSE,TRUE,FALSE,TRUE,FALSE,FALSE
6012,NA,NA,NA,13,uc1.b4086401,NA,ic,NA,224,TRUE,TRUE,TRUE,TRUE,FALSE,TRUE,TRUE
6013,Q52156802,NA,423087780,13,uc1.$b105951,Q52156802,ic,NA,6013,FALSE,FALSE,TRUE,FALSE,FALSE,FALSE,FALSE
6017,Q34670,0679720219,463624,9,uc1.32106019547600,Q34670,ic,0075536498,6017,FALSE,FALSE,TRUE,FALSE,TRUE,FALSE,FALSE
6018,Q313289,0394422473,546538,12,pst.000032254020,Q313289,ic,0449211827,6018,FALSE,FALSE,TRUE,FALSE,TRUE,FALSE,FALSE
6019,Q229996,0517580497,561899,29,mdp.39015056245577,Q229996,ic,0517580497,6019,FALSE,FALSE,TRUE,FALSE,FALSE,FALSE,FALSE
6020,Q107167074,NA,1611211,2,uc1.$b103960,Q107167074,ic,NA,6020,FALSE,FALSE,FALSE,FALSE,FALSE,FALSE,FALSE
6021,Q16473,0786869216,196778060,5,mdp.39015060008656,Q16473,ic,0786869216,6021,FALSE,FALSE,TRUE,FALSE,FALSE,FALSE,FALSE
6022,NA,NA,NA,1,uc1.b4086401,NA,ic,NA,224,TRUE,TRUE,FALSE,TRUE,FALSE,TRUE,TRUE
6025,Q1337504,NA,1898684,1,mdp.39015030728003,Q1337504,ic,NA,6025,FALSE,FALSE,TRUE,FALSE,FALSE,FALSE,FALSE
6027,Q180223,1400061032,49238745,1,uc1.32106018651791,Q180223,ic,9781400061037,6027,FALSE,FALSE,FALSE,FALSE,FALSE,FALSE,FALSE
6030,Q259364,0151730733,48288693,1,mdp.39015005638575,Q259364,und,NA,6030,FALSE,FALSE,FALSE,FALSE,FALSE,FALSE,FALSE
6031,Q105756,NA,46425,2,mdp.39015005342616,Q105756,ic,0394410505,6031,FALSE,FALSE,TRUE,FALSE,TRUE,FALSE,FALSE
6032,Q13511828,NA,1428023,7,uc1.b4089201,Q13511828,ic,NA,6032,FALSE,FALSE,TRUE,FALSE,FALSE,FALSE,FALSE
6033,Q709751,NA,4915959043,1,uc1.32106002109541,Q709751,ic,NA,6033,FALSE,FALSE,TRUE,FALSE,FALSE,FALSE,FALSE
6034,Q622232,0061187844,58193740,2,mdp.39015066842876,Q622232,ic,9780061187841,6034,FALSE,FALSE,TRUE,FALSE,FALSE,FALSE,FALSE
6035,NA,NA,NA,6,uc1.b4086401,NA,ic,NA,224,TRUE,TRUE,TRUE,TRUE,FALSE,TRUE,TRUE
6036,Q81071,0679723250,1573956,6,inu.30000007045739,Q81071,ic,NA,6036,FALSE,FALSE,FALSE,FALSE,TRUE,FALSE,FALSE
604,Q12807,0151006903,660563,2,mdp.39015056503819,Q12807,ic,0151006903,604,FALSE,FALSE,TRUE,FALSE,FALSE,FALSE,FALSE
6041,Q235354,0394502736,899068,5,mdp.39015008865852,Q235354,ic,0394502736,6041,FALSE,FALSE,TRUE,FALSE,FALSE,FALSE,FALSE
6043,NA,NA,NA,18,uc1.b4086401,NA,ic,NA,224,TRUE,TRUE,TRUE,TRUE,FALSE,TRUE,TRUE
6045,Q337103,NA,196067788,33,uc1.b3727080,Q337103,ic,NA,6045,FALSE,FALSE,TRUE,FALSE,FALSE,FALSE,FALSE
6046,Q7345973,NA,4927579842,23,uc1.b4361968,Q7345973,ic,NA,6046,FALSE,FALSE,TRUE,FALSE,FALSE,FALSE,FALSE
6048,NA,NA,NA,18,uc1.b4086401,NA,ic,NA,224,TRUE,TRUE,TRUE,TRUE,FALSE,TRUE,TRUE
6053,Q526927,0385502869,392145766,6,mdp.39015058229876,Q526927,ic,0385502869,6053,FALSE,FALSE,TRUE,FALSE,FALSE,FALSE,FALSE
6059,Q452722,0385507607,687116,1,mdp.39015056679643,Q452722,ic,0385507607,6059,FALSE,FALSE,TRUE,FALSE,FALSE,FALSE,FALSE
606,Q336519,0385333919,38027,6,mdp.39015046008291,Q336519,ic,0385333919,606,FALSE,FALSE,TRUE,FALSE,FALSE,FALSE,FALSE
6060,NA,NA,NA,1,uc1.b4086401,NA,ic,NA,224,TRUE,TRUE,TRUE,TRUE,FALSE,TRUE,TRUE
6062,Q7647805,NA,3118592,1,uc1.$b101670,Q7647805,ic,NA,6062,FALSE,FALSE,TRUE,FALSE,FALSE,FALSE,FALSE
6063,Q123469,NA,232129899,8,uc1.b3711262,Q123469,ic,NA,6063,FALSE,FALSE,FALSE,FALSE,FALSE,FALSE,FALSE
6064,Q29372160,NA,149543342,20,uc1.b3688218,Q29372160,ic,NA,6064,FALSE,FALSE,FALSE,FALSE,TRUE,FALSE,FALSE
6066,NA,NA,NA,3,uc1.b4086401,NA,ic,NA,224,TRUE,TRUE,TRUE,TRUE,FALSE,TRUE,TRUE
6068,Q560735,9781400095414,1165748,11,uc1.32106005853186,Q560735,ic,NA,6068,FALSE,FALSE,TRUE,FALSE,FALSE,FALSE,FALSE
6070,Q733850,0385043961,453582,19,mdp.39015037454181,Q733850,ic,0385043961,6070,FALSE,FALSE,TRUE,FALSE,FALSE,FALSE,FALSE
6071,Q380439,NA,3038123,9,mdp.39015065133673,Q380439,ic,NA,6071,FALSE,FALSE,FALSE,FALSE,FALSE,FALSE,FALSE
6073,Q1282338,067058200X,611166,1,mdp.39015046825496,Q1282338,ic,067058200X,6073,FALSE,FALSE,TRUE,FALSE,FALSE,FALSE,FALSE
6076,Q1608240,NA,1702903,5,mdp.39015028747213,Q1608240,ic,NA,6076,FALSE,FALSE,TRUE,FALSE,FALSE,FALSE,FALSE
6077,NA,NA,NA,1,uc1.b4086401,NA,ic,NA,224,TRUE,TRUE,TRUE,TRUE,FALSE,TRUE,TRUE
6078,NA,NA,NA,2,uc1.b4086401,NA,ic,NA,224,TRUE,TRUE,TRUE,TRUE,FALSE,TRUE,TRUE
6080,Q260026,9780307740816,463888,8,uc1.b4091267,Q260026,ic,NA,6080,FALSE,FALSE,TRUE,FALSE,TRUE,FALSE,FALSE
6081,Q16014131,NA,57857421,8,mdp.39015030038957,Q16014131,ic,NA,6081,FALSE,FALSE,TRUE,FALSE,FALSE,FALSE,FALSE
6083,Q184785,0394558235,2791993446,17,uc1.32106015865600,Q184785,ic,0394558235,6083,FALSE,FALSE,TRUE,FALSE,FALSE,FALSE,FALSE
6087,NA,NA,NA,12,uc1.b4086401,NA,ic,NA,224,TRUE,TRUE,TRUE,TRUE,FALSE,TRUE,TRUE
6088,Q128560,9780143039020,48610715,16,pst.000020909192,Q128560,ic,0679600140,6088,FALSE,FALSE,FALSE,FALSE,TRUE,FALSE,FALSE
609,Q2451348,0385413041,773862,22,mdp.39015034418932,Q2451348,ic,0385475780,609,FALSE,FALSE,TRUE,FALSE,FALSE,FALSE,FALSE
6090,Q458618,NA,963294,24,mdp.39015003687723,Q458618,ic,NA,6090,FALSE,FALSE,TRUE,FALSE,FALSE,FALSE,FALSE
6091,NA,NA,NA,4,uc1.b4086401,NA,ic,NA,224,TRUE,TRUE,TRUE,TRUE,FALSE,TRUE,TRUE
6095,Q356639,0345322517,867666,9,mdp.39015005001121,Q356639,und,NA,6095,FALSE,FALSE,TRUE,FALSE,FALSE,FALSE,FALSE
6096,Q106465,038542471X,334880,26,mdp.39015058013098,Q106465,ic,NA,4852,FALSE,FALSE,TRUE,TRUE,TRUE,TRUE,TRUE
6097,Q500042,9997405099,352088098,28,mdp.39015042086333,Q500042,ic,1568491905,6097,FALSE,FALSE,FALSE,FALSE,TRUE,FALSE,FALSE
6099,Q72653,0385316348,831838,10,mdp.39015041103303,Q72653,ic,0385316348,6099,FALSE,FALSE,TRUE,FALSE,FALSE,FALSE,FALSE
61,NA,NA,NA,9,uc1.b4086401,NA,ic,NA,224,TRUE,TRUE,TRUE,TRUE,FALSE,TRUE,TRUE
610,NA,NA,NA,14,uc1.b4086401,NA,ic,NA,224,TRUE,TRUE,TRUE,TRUE,FALSE,TRUE,TRUE
6100,Q3406550,NA,1432703,1,uc1.b3810655,Q3406550,ic,NA,6100,FALSE,FALSE,TRUE,FALSE,FALSE,FALSE,FALSE
6101,NA,NA,NA,3,uc1.b4086401,NA,ic,NA,224,TRUE,TRUE,TRUE,TRUE,FALSE,TRUE,TRUE
6102,Q134942,1400034205,4624,31,mdp.39076006766773,Q134942,ic,434456128,6102,FALSE,FALSE,FALSE,FALSE,TRUE,FALSE,FALSE
6104,Q526927,NA,392206264,3,mdp.39015063249612,Q526927,ic,0385512899,6104,FALSE,FALSE,TRUE,FALSE,FALSE,FALSE,FALSE
6106,Q1621598,NA,468780,35,mdp.39015050506545,Q1621598,ic,0679641025,6106,FALSE,FALSE,TRUE,FALSE,TRUE,FALSE,FALSE
6107,Q18687886,0394544439,5010257,7,uc1.b4450978,Q18687886,ic,0394544439,6107,FALSE,FALSE,FALSE,FALSE,FALSE,FALSE,FALSE
6115,Q231356,0399144412,807616,4,mdp.39015046878362,Q231356,ic,0399144412,6115,FALSE,FALSE,TRUE,FALSE,FALSE,FALSE,FALSE
6116,NA,NA,NA,4,uc1.b4086401,NA,ic,NA,224,TRUE,TRUE,TRUE,TRUE,FALSE,TRUE,TRUE
6118,Q38392,0394442296,49729325,26,mdp.39015007023560,Q38392,ic,NA,6118,FALSE,FALSE,TRUE,FALSE,FALSE,FALSE,FALSE
612,Q6369994,0743453484,742524,3,mdp.39015057575741,Q6369994,ic,0743453484,612,FALSE,FALSE,TRUE,FALSE,FALSE,FALSE,FALSE
6122,NA,NA,NA,11,uc1.b4086401,NA,ic,NA,224,TRUE,TRUE,TRUE,TRUE,FALSE,TRUE,TRUE
6125,Q439059,9781681370071,138043154,2,pst.000019514314,Q439059,ic,0440473780,6125,FALSE,FALSE,TRUE,FALSE,TRUE,FALSE,FALSE
6127,NA,NA,NA,8,uc1.b4086401,NA,ic,NA,224,TRUE,TRUE,TRUE,TRUE,FALSE,TRUE,TRUE
6128,Q3029344,NA,60039121,4,mdp.39015002582362,Q3029344,ic,NA,6128,FALSE,FALSE,TRUE,FALSE,FALSE,FALSE,FALSE
6129,Q19518982,0938077015,1306453,1,mdp.39015005743078,Q19518982,ic,NA,6129,FALSE,FALSE,TRUE,FALSE,FALSE,FALSE,FALSE
6130,NA,0517598493,196803188,1,mdp.39015034277312,NA,ic,0517598493,6130,FALSE,FALSE,TRUE,FALSE,FALSE,FALSE,FALSE
6136,Q224113,0803775326,4240196964,9,mdp.39015000244767,Q224113,ic,0803775326,6136,FALSE,FALSE,TRUE,FALSE,FALSE,FALSE,FALSE
6137,Q958469,067122669X,5908500,6,uc1.b3435062,Q958469,ic,067122669X,6137,FALSE,FALSE,TRUE,FALSE,FALSE,FALSE,FALSE
6141,NA,NA,NA,1,uc1.b4086401,NA,ic,NA,224,TRUE,TRUE,TRUE,TRUE,FALSE,TRUE,TRUE
6144,NA,NA,NA,3,uc1.b4086401,NA,ic,NA,224,TRUE,TRUE,TRUE,TRUE,FALSE,TRUE,TRUE
6145,Q2748902,034546141X,196792292,3,mdp.39015066844047,Q2748902,ic,9780345461414,6145,FALSE,FALSE,TRUE,FALSE,FALSE,FALSE,FALSE
6146,Q434735,NA,57066245,1,mdp.39015046361815,Q434735,ic,NA,6146,FALSE,FALSE,TRUE,FALSE,FALSE,FALSE,FALSE
6147,Q452722,0399145990,12756356,2,mdp.39015042566888,Q452722,ic,0399145990,6147,FALSE,FALSE,TRUE,FALSE,FALSE,FALSE,FALSE
6149,Q5478889,NA,1448355,21,uc1.b3710829,Q5478889,ic,NA,6149,FALSE,FALSE,FALSE,FALSE,TRUE,FALSE,FALSE
6152,Q934642,NA,9323092320,8,uc1.b3295178,Q934642,ic,NA,6152,FALSE,FALSE,TRUE,FALSE,FALSE,FALSE,FALSE
6154,Q3301525,NA,3377150235,5,uc1.$b63876,Q3301525,ic,NA,6154,FALSE,FALSE,FALSE,FALSE,FALSE,FALSE,FALSE
6156,Q183492,0385260083,141524634,7,mdp.39015027242315,Q183492,ic,0385472161,6156,FALSE,FALSE,TRUE,FALSE,FALSE,FALSE,FALSE
6157,Q1318617,NA,573592,111,mdp.39015009191191,Q1318617,ic,0395076358,6157,FALSE,FALSE,FALSE,FALSE,TRUE,FALSE,FALSE
6158,Q34981,038518400X,20375933,13,mdp.39015046831189,Q34981,ic,038518400X,6158,FALSE,FALSE,TRUE,FALSE,FALSE,FALSE,FALSE
616,Q333251,0679403558,346724,11,uc1.32106009762482,Q333251,ic,0679403558,616,FALSE,FALSE,TRUE,FALSE,FALSE,FALSE,FALSE
6160,NA,NA,NA,3,uc1.b4086401,NA,ic,NA,224,TRUE,TRUE,TRUE,TRUE,FALSE,TRUE,TRUE
6162,Q157322,9781567926262,11782214716,10,mdp.39015014508199,Q157322,ic,NA,6162,FALSE,FALSE,TRUE,FALSE,FALSE,FALSE,FALSE
6164,Q242571,NA,19831613,16,inu.32000002838086,Q242571,und,NA,6164,FALSE,FALSE,FALSE,FALSE,FALSE,FALSE,FALSE
6167,Q233046,0399135707,545103,1,mdp.39015053764299,Q233046,ic,0399135707,6167,FALSE,FALSE,TRUE,FALSE,FALSE,FALSE,FALSE
6168,Q5478889,NA,1448337,26,mdp.39015025291603,Q5478889,ic,NA,6168,FALSE,FALSE,FALSE,FALSE,TRUE,FALSE,FALSE
6170,Q5566389,NA,1800844,1,mdp.39015010543968,Q5566389,und,NA,6170,FALSE,FALSE,FALSE,FALSE,FALSE,FALSE,FALSE
6171,Q940902,1400043875,105003785,6,mdp.39015064870150,Q940902,ic,1400043875,6171,FALSE,FALSE,TRUE,FALSE,FALSE,FALSE,FALSE
6179,Q454420,NA,1443995,22,uc1.$b104189,Q454420,ic,NA,6179,FALSE,FALSE,TRUE,FALSE,FALSE,FALSE,FALSE
618,Q504696,9780316032223,119933474,2,mdp.39015078813394,Q504696,ic,0316032220,618,FALSE,FALSE,TRUE,FALSE,FALSE,FALSE,FALSE
6182,NA,NA,NA,3,uc1.b4086401,NA,ic,NA,224,TRUE,TRUE,TRUE,TRUE,FALSE,TRUE,TRUE
6184,Q471021,0688001947,53012873,23,mdp.39015050981342,Q471021,ic,0688001947,6184,FALSE,FALSE,TRUE,FALSE,FALSE,FALSE,FALSE
6185,Q15452333,NA,422303463,22,uc1.b3688005,Q15452333,ic,NA,6185,FALSE,FALSE,TRUE,FALSE,FALSE,FALSE,FALSE
6186,Q454595,9781781163290,20930446,42,mdp.39015024078621,Q454595,ic,NA,6186,FALSE,FALSE,TRUE,FALSE,FALSE,FALSE,FALSE
6189,Q5982082,NA,198836894,29,mdp.39015005674299,Q5982082,ic,NA,6189,FALSE,FALSE,FALSE,FALSE,FALSE,FALSE,FALSE
619,NA,NA,NA,1,uc1.b4086401,NA,ic,NA,224,TRUE,TRUE,TRUE,TRUE,FALSE,TRUE,TRUE
6193,Q1444495,NA,102193032,22,mdp.39015020716356,Q1444495,ic,NA,6193,FALSE,FALSE,FALSE,FALSE,FALSE,FALSE,FALSE
6195,Q44306,0670825379,1402964600,24,mdp.39015054423457,Q44306,ic,0670825379,6195,FALSE,FALSE,TRUE,FALSE,FALSE,FALSE,FALSE
6198,Q21162298,NA,1473208,3,uc1.$b105862,Q21162298,ic,NA,6198,FALSE,FALSE,TRUE,FALSE,FALSE,FALSE,FALSE
6199,NA,NA,NA,2,uc1.b4086401,NA,ic,NA,224,TRUE,TRUE,TRUE,TRUE,FALSE,TRUE,TRUE
62,Q550819,0385293852,374392207,9,uc1.32106010338751,Q550819,ic,0385293852,62,FALSE,FALSE,TRUE,FALSE,FALSE,FALSE,FALSE
6204,Q52156865,NA,544858,7,uc1.$b106061,Q52156865,ic,NA,6204,FALSE,FALSE,TRUE,FALSE,FALSE,FALSE,FALSE
6206,Q242571,9781598568417,59974863,3,mdp.39015003942250,Q242571,ic,NA,6206,FALSE,FALSE,TRUE,FALSE,FALSE,FALSE,FALSE
6207,Q508452,9781581349740,1158397524,4,mdp.39015038901131,Q508452,ic,NA,6207,FALSE,FALSE,FALSE,FALSE,FALSE,FALSE,FALSE
6208,Q318845,0345356950,3372651920,9,mdp.39015019810483,Q318845,ic,0345356950,6208,FALSE,FALSE,TRUE,FALSE,FALSE,FALSE,FALSE
6210,NA,NA,NA,14,uc1.b4086401,NA,ic,NA,224,TRUE,TRUE,TRUE,TRUE,FALSE,TRUE,TRUE
6212,Q4309918,NA,365916354,1,mdp.39015046807601,Q4309918,ic,NA,6212,FALSE,FALSE,TRUE,FALSE,FALSE,FALSE,FALSE
6214,Q298651,0553800914,6264060,5,mdp.39015042598584,Q298651,ic,0553800914,6214,FALSE,FALSE,TRUE,FALSE,FALSE,FALSE,FALSE
6218,Q327278,0525947752,712253,2,mdp.39015059147374,Q327278,ic,0525947752,6218,FALSE,FALSE,TRUE,FALSE,FALSE,FALSE,FALSE
622,Q2454262,9781400066506,67281339,1,mdp.39015073865365,Q2454262,ic,1400066506,622,FALSE,FALSE,TRUE,FALSE,FALSE,FALSE,FALSE
6221,NA,NA,119902084,12,mdp.39015016414610,NA,und,NA,6221,FALSE,FALSE,FALSE,FALSE,FALSE,FALSE,FALSE
6224,Q231736,0743206061,2908699855,8,mdp.39015056907176,Q231736,ic,0743206061,6224,FALSE,FALSE,TRUE,FALSE,FALSE,FALSE,FALSE
6225,Q2909151,9780385518680,110217162,2,mdp.39015073669262,Q2909151,ic,0385518684,6225,FALSE,FALSE,TRUE,FALSE,FALSE,FALSE,FALSE
6227,Q255339,0679410325,2969570,9,mdp.39015029710681,Q255339,ic,0679410325,6227,FALSE,FALSE,FALSE,FALSE,FALSE,FALSE,FALSE
6232,Q7343195,NA,197010129,47,uc1.b3462574,Q7343195,ic,NA,6232,FALSE,FALSE,TRUE,FALSE,FALSE,FALSE,FALSE
6233,Q193111,NA,2908590620,2,mdp.39015025948053,Q193111,ic,NA,6233,FALSE,FALSE,TRUE,FALSE,FALSE,FALSE,FALSE
6234,NA,NA,NA,2,uc1.b4086401,NA,ic,NA,224,TRUE,TRUE,TRUE,TRUE,FALSE,TRUE,TRUE
6237,Q52156865,NA,572270,1,mdp.39015059771173,Q52156865,ic,NA,6237,FALSE,FALSE,FALSE,FALSE,FALSE,FALSE,FALSE
6238,Q712596,9780399154225,69775368,6,mdp.39015070698702,Q712596,ic,0399154221,6238,FALSE,FALSE,TRUE,FALSE,FALSE,FALSE,FALSE
6246,Q5372152,0385272170,1671707,3,uc1.b3578502,Q5372152,ic,NA,6246,FALSE,FALSE,TRUE,FALSE,TRUE,FALSE,FALSE
6247,Q5307262,NA,423161157,17,uc1.b4410013,Q5307262,ic,NA,6247,FALSE,FALSE,TRUE,FALSE,FALSE,FALSE,FALSE
6248,Q3502960,9780307264206,102006844,1,mdp.39015073894134,Q3502960,ic,0307264203,6248,FALSE,FALSE,TRUE,FALSE,FALSE,FALSE,FALSE
6249,NA,NA,NA,6,uc1.b4086401,NA,ic,NA,224,TRUE,FALSE,TRUE,TRUE,FALSE,TRUE,TRUE
6252,NA,NA,NA,4,uc1.b4086401,NA,ic,NA,224,TRUE,TRUE,TRUE,TRUE,FALSE,TRUE,TRUE
6254,Q5258772,NA,14071369,12,mdp.39015008957774,Q5258772,ic,NA,6254,FALSE,FALSE,TRUE,FALSE,FALSE,FALSE,FALSE
6255,Q1444495,NA,102193085,2,mdp.39015033255236,Q1444495,ic,NA,6255,FALSE,FALSE,TRUE,FALSE,FALSE,FALSE,FALSE
6258,Q1594680,NA,1293759,2,mdp.39015016435615,Q1594680,pd,NA,6258,FALSE,FALSE,TRUE,FALSE,FALSE,FALSE,FALSE
6259,Q966340,0671211544,58177228,4,mdp.39015038921790,Q966340,ic,0671211544,6259,FALSE,FALSE,TRUE,FALSE,FALSE,FALSE,FALSE
6260,Q6270777,NA,224393737,1,uc1.b3835557,Q6270777,und,NA,6260,FALSE,FALSE,FALSE,FALSE,FALSE,FALSE,FALSE
6261,Q188440,0671203592,68948511,17,uc1.$b146911,Q188440,ic,671203592,6261,FALSE,FALSE,TRUE,FALSE,FALSE,FALSE,FALSE
6262,Q1452749,NA,62672502,4,uc1.b4437848,Q1452749,ic,NA,6262,FALSE,FALSE,FALSE,FALSE,FALSE,FALSE,FALSE
6263,NA,NA,NA,40,uc1.b4086401,NA,ic,NA,224,TRUE,TRUE,TRUE,TRUE,FALSE,TRUE,TRUE
6265,Q57393,NA,50133772,7,uc1.$b75082,Q57393,und,NA,6265,FALSE,FALSE,FALSE,FALSE,FALSE,FALSE,FALSE
6266,NA,NA,NA,2,uc1.b4086401,NA,ic,NA,224,TRUE,TRUE,TRUE,TRUE,FALSE,TRUE,TRUE
6269,Q588653,0743488520,14465260,1,mdp.39015060399725,Q588653,ic,0743488520,6269,FALSE,FALSE,TRUE,FALSE,FALSE,FALSE,FALSE
6275,Q2578525,NA,135998161,11,uc1.$b399261,Q2578525,ic,NA,6275,FALSE,FALSE,FALSE,FALSE,FALSE,FALSE,FALSE
6276,NA,NA,NA,1,uc1.b4086401,NA,ic,NA,224,TRUE,TRUE,TRUE,TRUE,FALSE,TRUE,TRUE
6279,Q433325,NA,465887,7,mdp.39015003940858,Q433325,ic,NA,6279,FALSE,FALSE,FALSE,FALSE,FALSE,FALSE,FALSE
628,Q4973520,0385267037,33461713,5,mdp.39015034261118,Q4973520,ic,0385423144,628,FALSE,FALSE,TRUE,FALSE,FALSE,FALSE,FALSE
6280,Q358342,NA,48423584,11,uc1.32106015265769,Q358342,ic,0912946431,6280,FALSE,FALSE,TRUE,FALSE,TRUE,FALSE,FALSE
6281,Q229996,0609610597,530222,11,mdp.39015054402741,Q229996,ic,055328942X,6281,FALSE,FALSE,TRUE,FALSE,FALSE,FALSE,FALSE
6282,Q229996,0609610597,530222,1,mdp.39015054402741,Q229996,ic,055328942X,6281,TRUE,TRUE,TRUE,TRUE,FALSE,FALSE,FALSE
6286,NA,NA,197824494,5,uc1.$b86151,NA,pd,NA,6286,FALSE,FALSE,FALSE,FALSE,FALSE,FALSE,FALSE
6289,Q471021,NA,47886279,43,mdp.39015050822090,Q471021,ic,NA,6289,FALSE,FALSE,TRUE,FALSE,FALSE,FALSE,FALSE
6291,Q3500849,039914868X,6226538,4,mdp.39015054378032,Q3500849,ic,039914868X,6291,FALSE,FALSE,TRUE,FALSE,FALSE,FALSE,FALSE
6293,Q182870,0671435647,4915468499,23,mdp.39015020676592,Q182870,ic,0671435647,6293,FALSE,FALSE,TRUE,FALSE,FALSE,FALSE,FALSE
6294,NA,NA,2507046,1,uc1.$b104309,NA,und,NA,6294,FALSE,FALSE,TRUE,FALSE,FALSE,FALSE,FALSE
6297,Q29372160,NA,149542666,6,uc1.b3688219,Q29372160,und,NA,6297,FALSE,FALSE,TRUE,FALSE,FALSE,FALSE,FALSE
6304,NA,NA,NA,5,uc1.b4086401,NA,ic,NA,224,TRUE,TRUE,TRUE,TRUE,FALSE,TRUE,TRUE
6309,NA,NA,NA,2,uc1.b4086401,NA,ic,NA,224,TRUE,TRUE,TRUE,TRUE,FALSE,TRUE,TRUE
6310,Q4235282,0385044291,104466836,68,mdp.39015024078589,Q4235282,ic,NA,6310,FALSE,FALSE,FALSE,FALSE,FALSE,FALSE,FALSE
6315,Q6950,0345458915,683721,4,mdp.39015059970684,Q6950,ic,0345458915,6315,FALSE,FALSE,TRUE,FALSE,FALSE,FALSE,FALSE
6316,NA,NA,NA,9,uc1.b4086401,NA,ic,NA,224,TRUE,TRUE,TRUE,TRUE,FALSE,TRUE,TRUE
6319,Q6948422,NA,2002897,10,mdp.39015058362727,Q6948422,ic,NA,6319,FALSE,FALSE,FALSE,FALSE,FALSE,FALSE,FALSE
632,Q1364205,NA,1619929,5,mdp.39015033521728,Q1364205,ic,NA,632,FALSE,FALSE,FALSE,FALSE,FALSE,FALSE,FALSE
6321,NA,NA,NA,1,uc1.b4086401,NA,ic,NA,224,TRUE,FALSE,TRUE,TRUE,FALSE,TRUE,TRUE
6323,Q6555794,NA,8907460118,12,uc1.$b105614,Q6555794,ic,NA,6323,FALSE,FALSE,FALSE,FALSE,FALSE,FALSE,FALSE
6328,Q430182,NA,1422334,3,mdp.39015003676981,Q430182,ic,NA,6328,FALSE,FALSE,TRUE,FALSE,FALSE,FALSE,FALSE
6330,NA,NA,NA,2,uc1.b4086401,NA,ic,NA,224,TRUE,TRUE,TRUE,TRUE,FALSE,TRUE,TRUE
6331,Q358188,9780743260947,62312615,1,mdp.39015064984480,Q358188,ic,0743260945,6331,FALSE,FALSE,TRUE,FALSE,FALSE,FALSE,FALSE
6334,Q59630517,NA,1809049,10,mdp.39015073389911,Q59630517,ic,NA,6334,FALSE,FALSE,TRUE,FALSE,FALSE,FALSE,FALSE
6337,Q2587411,NA,196596341,3,uc1.b4088774,Q2587411,ic,NA,6337,FALSE,FALSE,TRUE,FALSE,FALSE,FALSE,FALSE
6338,Q17496550,NA,431477132,11,mdp.39015031604013,Q17496550,ic,NA,6338,FALSE,FALSE,FALSE,FALSE,FALSE,FALSE,FALSE
6339,Q167821,0375501215,133758948,3,mdp.39015040599196,Q167821,ic,0375501215,6339,FALSE,FALSE,TRUE,FALSE,FALSE,FALSE,FALSE
6341,Q726194,0385334036,6318917,8,mdp.39015053384130,Q726194,ic,0385334036,6341,FALSE,FALSE,TRUE,FALSE,FALSE,FALSE,FALSE
6342,Q932961,NA,18734810,23,uc1.32106009068112,Q932961,ic,0899662609,6342,FALSE,FALSE,TRUE,FALSE,TRUE,FALSE,FALSE
6347,Q2386817,0553802046,3136292133,1,mdp.39015060121509,Q2386817,ic,0553802046,6347,FALSE,FALSE,TRUE,FALSE,FALSE,FALSE,FALSE
6348,Q465237,0848806166,556280,16,mdp.39015000599194,Q465237,ic,NA,6348,FALSE,FALSE,FALSE,FALSE,FALSE,FALSE,FALSE
6349,NA,0399144943,55535,2,mdp.39015047442481,Q2536700,ic,0399144943,6349,FALSE,FALSE,TRUE,FALSE,FALSE,FALSE,FALSE
635,Q231736,9780684835983,2909033467,12,mdp.39015047868065,Q231736,ic,0684835983,635,FALSE,FALSE,TRUE,FALSE,FALSE,FALSE,FALSE
6353,Q273077,NA,1854936,8,uc1.$b105367,Q273077,ic,NA,6353,FALSE,FALSE,FALSE,FALSE,FALSE,FALSE,FALSE
6354,Q643644,NA,2280862813,5,mdp.39015030059342,Q643644,ic,NA,6354,FALSE,FALSE,FALSE,FALSE,FALSE,FALSE,FALSE
6355,Q78514,NA,3376054481,39,mdp.49015001442731,Q78514,ic,NA,6355,FALSE,FALSE,FALSE,FALSE,TRUE,FALSE,FALSE
6358,Q47087,0345332199,131430440,4,mdp.39015011876854,Q47087,ic,9780246126887,6358,FALSE,FALSE,TRUE,FALSE,TRUE,FALSE,FALSE
636,Q3875906,NA,2454640,3,mdp.39015020691468,Q3875906,ic,1559210559,636,FALSE,FALSE,TRUE,FALSE,TRUE,FALSE,FALSE
6360,Q1687760,9997501438,57881695,4,mdp.39015014858867,Q1687760,ic,9789997501431,6360,FALSE,FALSE,TRUE,FALSE,FALSE,FALSE,FALSE
6362,NA,NA,1292263,1,mdp.39015063940004,NA,und,NA,6362,FALSE,FALSE,FALSE,FALSE,TRUE,FALSE,FALSE
6364,NA,NA,1930243172,1,uc1.32106012375256,NA,ic,0679752684,6364,FALSE,FALSE,FALSE,FALSE,TRUE,FALSE,FALSE
6365,Q386244,NA,1296719,3,uc1.b3727087,Q386244,ic,NA,6365,FALSE,FALSE,FALSE,FALSE,FALSE,FALSE,FALSE
6366,Q361653,9780002843232,14958043,71,mdp.39015046797679,Q361653,ic,NA,6366,FALSE,FALSE,TRUE,FALSE,FALSE,FALSE,FALSE
6368,Q16014131,NA,57857418,1,mdp.39015014854254,Q16014131,ic,NA,6368,FALSE,FALSE,TRUE,FALSE,FALSE,FALSE,FALSE
6369,Q179059,NA,1903172,17,inu.32000009142003,Q179059,und,NA,6369,FALSE,FALSE,TRUE,FALSE,FALSE,FALSE,FALSE
6370,Q6504577,NA,1324416,11,uc1.$b105558,Q6504577,ic,NA,6370,FALSE,FALSE,FALSE,FALSE,FALSE,FALSE,FALSE
6372,NA,NA,NA,21,uc1.b4086401,NA,ic,NA,224,TRUE,TRUE,TRUE,TRUE,FALSE,TRUE,TRUE
6376,Q44183,0571058027,20913030,15,uc1.b4095536,Q44183,ic,NA,6376,FALSE,FALSE,TRUE,FALSE,FALSE,FALSE,FALSE
6377,NA,NA,NA,1,uc1.b4086401,NA,ic,NA,224,TRUE,TRUE,TRUE,TRUE,FALSE,TRUE,TRUE
6379,NA,NA,NA,4,uc1.b4086401,NA,ic,NA,224,TRUE,TRUE,TRUE,TRUE,FALSE,TRUE,TRUE
6380,Q163069,NA,2450620,4,mdp.39015063924909,Q163069,ic,NA,6380,FALSE,FALSE,FALSE,FALSE,TRUE,FALSE,FALSE
6382,NA,NA,NA,2,uc1.b4086401,NA,ic,NA,224,TRUE,TRUE,TRUE,TRUE,FALSE,TRUE,TRUE
6383,Q39829,0385121687,86250,38,mdp.39015005028694,Q39829,ic,0385121687,6383,FALSE,FALSE,TRUE,FALSE,FALSE,FALSE,FALSE
6384,NA,NA,NA,5,uc1.b4086401,NA,ic,NA,224,TRUE,TRUE,TRUE,TRUE,FALSE,TRUE,TRUE
6387,Q179059,NA,9245385408,10,mdp.39015005351849,Q179059,ic,NA,6387,FALSE,FALSE,FALSE,FALSE,TRUE,FALSE,FALSE
6389,Q460366,NA,3855390539,7,mdp.39015031301743,Q460366,ic,NA,6389,FALSE,FALSE,FALSE,FALSE,FALSE,FALSE,FALSE
639,NA,NA,1622818,16,uc1.b3687966,NA,ic,NA,639,FALSE,FALSE,TRUE,FALSE,FALSE,FALSE,FALSE
6392,Q443096,NA,53092387,1,uc1.$b105266,Q443096,ic|und,NA,6392,FALSE,FALSE,FALSE,FALSE,FALSE,FALSE,FALSE
6393,Q1174168,NA,132272839,2,mdp.39015059718067,Q1174168,ic,NA,6393,FALSE,FALSE,TRUE,FALSE,FALSE,FALSE,FALSE
6395,Q358188,0743221990,835950,5,mdp.39015054289825,Q358188,ic,0743221990,6395,FALSE,FALSE,TRUE,FALSE,FALSE,FALSE,FALSE
6396,Q439059,NA,178689294,3,mdp.39015006588175,Q439059,ic,NA,6396,FALSE,FALSE,FALSE,FALSE,FALSE,FALSE,FALSE
6397,Q110038920,NA,422679806,5,mdp.39015020687961,Q110038920,ic,NA,6397,FALSE,FALSE,FALSE,FALSE,FALSE,FALSE,FALSE
6398,NA,NA,NA,4,uc1.b4086401,NA,ic,NA,224,TRUE,TRUE,TRUE,TRUE,FALSE,TRUE,TRUE
6399,Q386244,NA,1296934,4,mdp.39015063813318,Q386244,ic,NA,6399,FALSE,FALSE,FALSE,FALSE,TRUE,FALSE,FALSE
6401,Q83566,NA,1379586147,4,mdp.39015046435007,Q83566,ic,0689121024,6401,FALSE,FALSE,TRUE,FALSE,FALSE,FALSE,FALSE
6402,NA,NA,NA,5,uc1.b4086401,NA,ic,NA,224,TRUE,TRUE,FALSE,TRUE,FALSE,TRUE,TRUE
6403,Q336151,NA,196694548,26,mdp.39015007033346,Q336151,ic,0394500873,6403,FALSE,FALSE,TRUE,FALSE,FALSE,FALSE,FALSE
6404,Q40640,NA,463183,2,mdp.39015012428291,Q40640,ic,0394513355,6404,FALSE,FALSE,TRUE,FALSE,FALSE,FALSE,FALSE
6405,NA,NA,NA,4,uc1.b4086401,NA,ic,NA,224,TRUE,TRUE,TRUE,TRUE,FALSE,TRUE,TRUE
6406,Q5241319,NA,119817463,39,mdp.39015077653890,Q5241319,ic,0061374229,6406,FALSE,FALSE,TRUE,FALSE,FALSE,FALSE,FALSE
6407,Q559506,NA,57656824,1,uc1.$b103203,Q559506,und,NA,6407,FALSE,FALSE,FALSE,FALSE,FALSE,FALSE,FALSE
6409,Q88778256,NA,1448154,11,uc1.b3727618,Q88778256,und,NA,6409,FALSE,FALSE,TRUE,FALSE,FALSE,FALSE,FALSE
641,Q1687760,NA,57881673,10,mdp.39015014858875,Q1687760,ic,NA,641,FALSE,FALSE,TRUE,FALSE,FALSE,FALSE,FALSE
6413,NA,NA,NA,1,uc1.b4086401,NA,ic,NA,224,TRUE,TRUE,TRUE,TRUE,FALSE,TRUE,TRUE
6414,NA,NA,NA,3,uc1.b4086401,NA,ic,NA,224,TRUE,TRUE,TRUE,TRUE,FALSE,TRUE,TRUE
6415,Q15486894,NA,1361534,7,mdp.39015008155015,Q15486894,und,NA,6415,FALSE,FALSE,TRUE,FALSE,FALSE,FALSE,FALSE
6416,Q4885219,NA,1471720,8,uc1.b3295269,Q4885219,ic,NA,6416,FALSE,FALSE,FALSE,FALSE,TRUE,FALSE,FALSE
6418,Q448736,NA,114191464,5,uc1.32106015352120,Q448736,ic,0395573807,6418,FALSE,FALSE,TRUE,FALSE,FALSE,FALSE,FALSE
6419,Q106465,NA,536148,27,mdp.39015054024453,Q106465,ic,NA,6419,FALSE,FALSE,TRUE,FALSE,TRUE,FALSE,FALSE
642,Q315380,NA,1810282540,23,mdp.39076001210744,Q315380,ic,NA,642,FALSE,FALSE,TRUE,FALSE,TRUE,FALSE,FALSE
6420,NA,NA,NA,7,uc1.b4086401,NA,ic,NA,224,TRUE,TRUE,TRUE,TRUE,FALSE,TRUE,TRUE
6421,NA,NA,NA,4,uc1.b4086401,NA,ic,NA,224,TRUE,TRUE,TRUE,TRUE,FALSE,TRUE,TRUE
6422,Q445429,NA,32460222,3,pst.000019739649,Q445429,ic,NA,6422,FALSE,FALSE,FALSE,FALSE,TRUE,FALSE,FALSE
6423,Q934642,NA,163228201,12,uc1.$b120076,Q934642,ic,NA,6423,FALSE,FALSE,TRUE,FALSE,FALSE,FALSE,FALSE
6424,Q55720761,NA,471014855,12,uc1.$b102953,Q55720761,ic,NA,6424,FALSE,FALSE,FALSE,FALSE,FALSE,FALSE,FALSE
6425,NA,NA,NA,9,uc1.b4086401,NA,ic,NA,224,TRUE,TRUE,TRUE,TRUE,FALSE,TRUE,TRUE
6426,Q105167,NA,48748,29,mdp.39015020726603,Q105167,ic,0399136312,6426,FALSE,FALSE,TRUE,FALSE,FALSE,FALSE,FALSE
6427,Q40874,NA,462339,11,mdp.39015019761264,Q40874,ic,0394710959,6427,FALSE,FALSE,TRUE,FALSE,TRUE,FALSE,FALSE
6431,Q2909151,NA,741673,1,mdp.39015061147289,Q2909151,ic,0743246438,6431,FALSE,FALSE,TRUE,FALSE,FALSE,FALSE,FALSE
6435,Q435326,NA,10169005,6,mdp.39015050738213,Q435326,ic,0671014188,6435,FALSE,FALSE,TRUE,FALSE,FALSE,FALSE,FALSE
6436,Q106465,NA,835970,23,mdp.39015054163343,Q106465,ic,0385503830,6436,FALSE,FALSE,TRUE,FALSE,FALSE,FALSE,FALSE
6441,Q285876,NA,2023946,1,mdp.39015062619278,Q285876,ic,0743287010,6441,FALSE,FALSE,TRUE,FALSE,FALSE,FALSE,FALSE
6442,Q1381985,NA,57574227,15,mdp.39015001371585,Q1381985,ic,9780394471440,6442,FALSE,FALSE,TRUE,FALSE,FALSE,FALSE,FALSE
6445,Q6950,NA,877381,2,mdp.39015066037402,Q6950,ic,0345447832,6445,FALSE,FALSE,TRUE,FALSE,FALSE,FALSE,FALSE
6446,NA,NA,NA,6,uc1.b4086401,NA,ic,NA,224,TRUE,TRUE,TRUE,TRUE,FALSE,TRUE,TRUE
645,NA,NA,1083674987,7,mdp.39015037299149,Q2536700,ic,0399140867,645,FALSE,FALSE,TRUE,FALSE,FALSE,FALSE,FALSE
6458,Q272076,NA,1066099,5,mdp.39015059119811,Q272076,ic,055380250X,6458,FALSE,FALSE,TRUE,FALSE,FALSE,FALSE,FALSE
6460,Q184785,NA,4495074948,15,uc1.32106011012165,Q184785,ic,0679405283,6460,FALSE,FALSE,TRUE,FALSE,FALSE,FALSE,FALSE
6462,NA,NA,NA,23,uc1.b4086401,NA,ic,NA,224,TRUE,TRUE,TRUE,TRUE,FALSE,TRUE,TRUE
6464,Q15631372,NA,422738665,1,mdp.39015002174830,Q15631372,ic,NA,6464,FALSE,FALSE,TRUE,FALSE,FALSE,FALSE,FALSE
647,Q319447,NA,4923672948,1,pst.000021845161,Q319447,ic,0553279300,647,FALSE,FALSE,TRUE,FALSE,TRUE,FALSE,FALSE
6472,Q105167,NA,3372239915,13,mdp.39015057013685,Q105167,ic,0399151362,6472,FALSE,FALSE,TRUE,FALSE,FALSE,FALSE,FALSE
6474,Q225089,NA,48289847,9,mdp.39015062537694,Q225089,ic,9780345476159,6474,FALSE,FALSE,TRUE,FALSE,FALSE,FALSE,FALSE
6475,Q215868,NA,1300186,21,mdp.39015020712173,Q215868,ic,0151885338,6475,FALSE,FALSE,TRUE,FALSE,FALSE,FALSE,FALSE
6477,Q2550081,NA,23650160,1,mdp.39015030141348,Q2550081,ic,NA,6477,FALSE,FALSE,FALSE,FALSE,FALSE,FALSE,FALSE
6478,NA,NA,NA,2,uc1.b4086401,NA,ic,NA,224,TRUE,TRUE,TRUE,TRUE,FALSE,TRUE,TRUE
6481,Q2416071,NA,57516510,10,uc1.32106007945196,Q2416071,ic,0525246061,6481,FALSE,FALSE,TRUE,FALSE,FALSE,FALSE,FALSE
6485,Q896846,NA,546239,7,mdp.39015041074058,Q896846,ic,0688150896,6485,FALSE,FALSE,TRUE,FALSE,FALSE,FALSE,FALSE
6487,Q172140,NA,156417333,19,pst.000011604587,Q172140,ic,0553100653,6487,FALSE,FALSE,TRUE,FALSE,TRUE,FALSE,FALSE
6488,Q106465,NA,321796,30,mdp.39015054084192,Q106465,ic,0385493800,6488,FALSE,FALSE,TRUE,FALSE,FALSE,FALSE,FALSE
6491,NA,NA,NA,1,uc1.b4086401,NA,ic,NA,224,TRUE,TRUE,TRUE,TRUE,FALSE,TRUE,TRUE
6492,NA,NA,NA,4,uc1.b4086401,NA,ic,NA,224,TRUE,TRUE,TRUE,TRUE,FALSE,TRUE,TRUE
6494,Q186335,NA,1687840,8,mdp.39015002176801,Q186335,ic,NA,6494,FALSE,FALSE,FALSE,FALSE,TRUE,FALSE,FALSE
6495,Q462629,NA,433232,18,mdp.39015008849484,Q462629,ic,NA,6495,FALSE,FALSE,TRUE,FALSE,FALSE,FALSE,FALSE
6496,Q236669,NA,20002292,11,mdp.39015006194115,Q236669,ic,0404146309,6496,FALSE,FALSE,FALSE,FALSE,TRUE,FALSE,FALSE
6499,Q5363029,NA,1579291,3,mdp.39015014138039,Q5363029,und,NA,6499,FALSE,FALSE,TRUE,FALSE,FALSE,FALSE,FALSE
65,Q1646,NA,4161313606,19,mdp.39015005780161,Q1646,ic,NA,65,FALSE,FALSE,FALSE,FALSE,FALSE,FALSE,FALSE
6504,Q225089,NA,20312028,1,mdp.39015060886481,Q225089,ic,034547614X,6504,FALSE,FALSE,TRUE,FALSE,FALSE,FALSE,FALSE
6507,NA,NA,NA,40,uc1.b4086401,NA,ic,NA,224,TRUE,TRUE,TRUE,TRUE,FALSE,TRUE,TRUE
6509,Q5407816,NA,1324395,22,uc1.$b105830,Q5407816,pd,NA,6509,FALSE,FALSE,TRUE,FALSE,FALSE,FALSE,FALSE
6511,Q228801,NA,365154306,59,mdp.39015020723501,Q228801,ic,0060129565,6511,FALSE,FALSE,TRUE,FALSE,FALSE,FALSE,FALSE
6512,Q934642,NA,163372957,2,uc1.$b105503,Q934642,ic,NA,6512,FALSE,FALSE,TRUE,FALSE,FALSE,FALSE,FALSE
6513,Q52156802,NA,32210747,5,uc1.$b105952,Q52156802,und,NA,6513,FALSE,FALSE,FALSE,FALSE,FALSE,FALSE,FALSE
6516,Q80900,NA,198671692,2,mdp.39015020692375,Q80900,ic,NA,6516,FALSE,FALSE,TRUE,FALSE,FALSE,FALSE,FALSE
6519,Q15451712,NA,2638378,2,uc1.$b102424,Q15451712,ic,NA,6519,FALSE,FALSE,TRUE,FALSE,FALSE,FALSE,FALSE
652,Q6760816,NA,367137246,7,uc1.$b105665,Q6760816,ic,NA,652,FALSE,FALSE,TRUE,FALSE,FALSE,FALSE,FALSE
6520,Q733850,NA,1238458,17,mdp.39015031763769,Q733850,ic,NA,6520,FALSE,FALSE,TRUE,FALSE,FALSE,FALSE,FALSE
6522,Q21664515,NA,1445751,11,uc1.$b100756,Q21664515,und,NA,6522,FALSE,FALSE,TRUE,FALSE,FALSE,FALSE,FALSE
6523,Q80900,NA,196638050,3,mdp.39015008299763,Q80900,ic,NA,6523,FALSE,FALSE,TRUE,FALSE,FALSE,FALSE,FALSE
6525,Q126320,NA,19264762,16,mdp.39015014844040,Q126320,ic,NA,6525,FALSE,FALSE,TRUE,FALSE,FALSE,FALSE,FALSE
6528,Q6538,NA,3115,9,uc1.32106010494976,Q6538,ic,0394703006,6528,FALSE,FALSE,TRUE,FALSE,TRUE,FALSE,FALSE
6529,Q294999,NA,55494250,4,uc1.32106006702101,Q294999,ic,9780771091445,6529,FALSE,FALSE,TRUE,FALSE,TRUE,FALSE,FALSE
653,Q217557,NA,506769,7,mdp.39015046331487,Q217557,ic,0525063021,653,FALSE,FALSE,TRUE,FALSE,FALSE,FALSE,FALSE
6530,Q982095,NA,66638155,6,mdp.39015070702702,Q982095,ic,1416548483,6530,FALSE,FALSE,TRUE,FALSE,FALSE,FALSE,FALSE
6531,Q852306,NA,67922073,2,uc1.b4368526,Q852306,ic,0671506897,6531,FALSE,FALSE,TRUE,FALSE,FALSE,FALSE,FALSE
6532,NA,NA,NA,3,uc1.b4086401,NA,ic,NA,224,TRUE,FALSE,TRUE,TRUE,FALSE,TRUE,TRUE
6533,NA,NA,NA,4,uc1.b4086401,NA,ic,NA,224,TRUE,TRUE,TRUE,TRUE,FALSE,TRUE,TRUE
6534,Q39829,NA,639475,23,uc1.32106010438106,Q39829,ic,0399133143,6534,FALSE,FALSE,TRUE,FALSE,FALSE,FALSE,FALSE
6535,Q4235282,NA,287410705,23,uc1.b3688103,Q4235282,ic,NA,6535,FALSE,FALSE,FALSE,FALSE,FALSE,FALSE,FALSE
6537,Q471021,NA,131708682,17,mdp.39015046829993,Q471021,ic,NA,6537,FALSE,FALSE,TRUE,FALSE,FALSE,FALSE,FALSE
6538,Q528576,NA,450554,9,miun.acg9484.0001.001,Q528576,ic,NA,6538,FALSE,FALSE,FALSE,FALSE,TRUE,FALSE,FALSE
6539,Q732568,NA,461992,2,pst.000007408700,Q732568,ic,0553119850,6539,FALSE,FALSE,TRUE,FALSE,TRUE,FALSE,FALSE
6540,NA,NA,461755,12,mdp.39015003343897,NA,ic,NA,6540,FALSE,FALSE,FALSE,FALSE,FALSE,FALSE,FALSE
6542,Q2546934,NA,315401109,9,mdp.39015060028167,Q2546934,ic,0803263074,6542,FALSE,FALSE,TRUE,FALSE,TRUE,FALSE,FALSE
6543,NA,NA,NA,1,uc1.b4086401,NA,ic,NA,224,TRUE,FALSE,TRUE,TRUE,FALSE,TRUE,TRUE
6545,Q1230809,NA,8233714,1,mdp.39015012213685,Q1230809,ic,0670724262,6545,FALSE,FALSE,TRUE,FALSE,FALSE,FALSE,FALSE
6547,Q16150531,NA,811782,4,mdp.39015056897161,Q16150531,ic,0785264280,6547,FALSE,FALSE,TRUE,FALSE,FALSE,FALSE,FALSE
6548,Q503557,NA,334780,18,pst.000057845340,Q503557,ic,0385422229,6548,FALSE,FALSE,TRUE,FALSE,TRUE,FALSE,FALSE
6549,Q1444495,NA,102193186,1,mdp.39015028686486,Q1444495,ic,NA,6549,FALSE,FALSE,FALSE,FALSE,FALSE,FALSE,FALSE
655,Q72334,NA,989794,31,mdp.49015003142743,Q72334,ic,0394535979,655,FALSE,FALSE,TRUE,FALSE,FALSE,FALSE,FALSE
6550,Q18155691,NA,138932702,15,uc1.$b57138,Q18155691,ic,NA,6550,FALSE,FALSE,FALSE,FALSE,FALSE,FALSE,FALSE
6551,Q129187,NA,52424153,3,mdp.39015008160981,Q129187,ic|und,NA,6551,FALSE,FALSE,FALSE,FALSE,FALSE,FALSE,FALSE
6553,Q559506,NA,20737223,20,uc1.$b787165,Q559506,und,NA,6553,FALSE,FALSE,FALSE,FALSE,FALSE,FALSE,FALSE
6556,Q437224,NA,6396034,2,mdp.39015050483117,Q437224,ic,0385501404,6556,FALSE,FALSE,TRUE,FALSE,FALSE,FALSE,FALSE
6557,Q315380,NA,19908591,16,uc1.32106002144852,Q315380,ic,NA,6557,FALSE,FALSE,TRUE,FALSE,FALSE,FALSE,FALSE
6559,Q533373,NA,344182,7,mdp.49015002972413,Q533373,ic,0553095412,6559,FALSE,FALSE,TRUE,FALSE,FALSE,FALSE,FALSE
656,Q3561703,NA,227059005,6,uc1.$b87286,Q3561703,ic,NA,656,FALSE,FALSE,FALSE,FALSE,FALSE,FALSE,FALSE
6564,NA,NA,NA,11,uc1.b4086401,NA,ic,NA,224,TRUE,TRUE,TRUE,TRUE,FALSE,TRUE,TRUE
6567,Q358188,NA,27845,3,mdp.39015060882142,Q358188,ic,0743260929,6567,FALSE,FALSE,TRUE,FALSE,FALSE,FALSE,FALSE
6571,Q922053,NA,46715633,4,mdp.39015063269016,Q922053,ic,0743281616,6571,FALSE,FALSE,TRUE,FALSE,FALSE,FALSE,FALSE
6574,NA,NA,NA,76,uc1.b4086401,NA,ic,NA,224,TRUE,TRUE,TRUE,TRUE,FALSE,TRUE,TRUE
6575,Q93166,NA,1151542696,1,uc1.32106014594250,Q93166,ic,0060912529,6575,FALSE,FALSE,TRUE,FALSE,FALSE,FALSE,FALSE
6577,Q4885219,NA,2029434,20,uc1.b3727443,Q4885219,ic,NA,6577,FALSE,FALSE,FALSE,FALSE,FALSE,FALSE,FALSE
6579,Q15503117,NA,3855275115,3,uc1.b4095418,Q15503117,und,NA,6579,FALSE,FALSE,TRUE,FALSE,FALSE,FALSE,FALSE
658,Q4235282,NA,287410680,26,mdp.39015013095297,Q4235282,ic,NA,658,FALSE,FALSE,TRUE,FALSE,FALSE,FALSE,FALSE
6583,Q235014,NA,20624,7,mdp.39015061426139,Q235014,ic,0385338686,6583,FALSE,FALSE,TRUE,FALSE,FALSE,FALSE,FALSE
6584,Q7273516,NA,4905158,1,mdp.39015001763310,Q7273516,ic,0140064109,6584,FALSE,FALSE,FALSE,FALSE,TRUE,FALSE,FALSE
6585,Q5298526,NA,142505800,8,mdp.39015018621212,Q5298526,ic,NA,6585,FALSE,FALSE,FALSE,FALSE,TRUE,FALSE,FALSE
6588,Q7705575,NA,3870893,6,mdp.39076002543978,Q7705575,ic,1590170148,6588,FALSE,FALSE,FALSE,FALSE,TRUE,FALSE,FALSE
6589,NA,NA,NA,1,uc1.b4086401,NA,ic,NA,224,TRUE,TRUE,FALSE,TRUE,FALSE,TRUE,TRUE
659,NA,NA,14735576,2,mdp.39015063952561,NA,pd,NA,659,FALSE,FALSE,FALSE,FALSE,FALSE,FALSE,FALSE
6594,Q2908658,NA,57521249,49,mdp.39015015337994,Q2908658,ic,0822958058,6594,FALSE,FALSE,FALSE,FALSE,TRUE,FALSE,FALSE
6595,Q229996,NA,4820344099,46,mdp.39015047473528,Q229996,ic,051754489X,6595,FALSE,FALSE,TRUE,FALSE,FALSE,FALSE,FALSE
6596,Q229996,NA,4820344099,1,mdp.39015047473528,Q229996,ic,051754489X,6595,TRUE,TRUE,TRUE,TRUE,FALSE,FALSE,TRUE
6598,Q184785,NA,2638917,13,mdp.39015039049385,Q184785,ic,0679454470,6598,FALSE,FALSE,TRUE,FALSE,FALSE,FALSE,FALSE
6599,Q184785,NA,4535539325,7,inu.30000094771056,Q184785,ic,0394534433,6599,FALSE,FALSE,TRUE,FALSE,TRUE,FALSE,FALSE
660,Q4988489,NA,549357,13,inu.30000111985713,Q4988489,ic,0892440015,660,FALSE,FALSE,TRUE,FALSE,TRUE,FALSE,FALSE
6602,Q6135294,NA,3553149,12,mdp.39015014859980,Q6135294,ic,NA,6602,FALSE,FALSE,FALSE,FALSE,TRUE,FALSE,FALSE
6603,Q4758111,NA,501402970,3,uc1.b4091331,Q4758111,pd,NA,6603,FALSE,FALSE,TRUE,FALSE,FALSE,FALSE,FALSE
6604,Q6376862,NA,2778689,2,uc1.$b106289,Q6376862,ic,NA,6604,FALSE,FALSE,FALSE,FALSE,FALSE,FALSE,FALSE
6606,Q454595,NA,19666836,31,mdp.39015008009691,Q454595,und,NA,6606,FALSE,FALSE,TRUE,FALSE,FALSE,FALSE,FALSE
6607,Q225089,NA,4820556963,4,mdp.39015073655618,Q225089,ic,0345485777,6607,FALSE,FALSE,TRUE,FALSE,FALSE,FALSE,FALSE
6608,Q469250,NA,1363276,1,mdp.39015011357749,Q469250,ic|und,NA,6608,FALSE,FALSE,TRUE,FALSE,FALSE,FALSE,FALSE
661,Q1444495,NA,102192928,14,mdp.39015014862448,Q1444495,und,NA,661,FALSE,FALSE,FALSE,FALSE,FALSE,FALSE,FALSE
6611,Q1573454,NA,1285226,40,mdp.39015007069282,Q1573454,ic,0877957088,6611,FALSE,FALSE,FALSE,FALSE,TRUE,FALSE,FALSE
6613,NA,NA,NA,3,uc1.b4086401,NA,ic,NA,224,TRUE,TRUE,TRUE,TRUE,FALSE,TRUE,TRUE
6614,Q231356,NA,6101626,6,mdp.39015050499162,Q231356,ic,0399147128,6614,FALSE,FALSE,TRUE,FALSE,FALSE,FALSE,FALSE
6615,Q4945679,NA,48520880,16,uc1.b3435519,Q4945679,ic,NA,6615,FALSE,FALSE,TRUE,FALSE,FALSE,FALSE,FALSE
6616,Q2909151,NA,15757,5,mdp.39015042475205,Q2909151,ic,0743211111,6616,FALSE,FALSE,TRUE,FALSE,FALSE,FALSE,FALSE
6617,Q240212,NA,591685,1,mdp.39015059571771,Q240212,ic,0743256158,6617,FALSE,FALSE,TRUE,FALSE,FALSE,FALSE,FALSE
6618,Q3051224,NA,148030773,6,uc1.b3346948,Q3051224,ic,NA,6618,FALSE,FALSE,FALSE,FALSE,FALSE,FALSE,FALSE
6619,Q1444495,NA,102192952,29,uc1.b3727940,Q1444495,ic,NA,6619,FALSE,FALSE,TRUE,FALSE,FALSE,FALSE,FALSE
662,NA,NA,NA,10,uc1.b4086401,NA,ic,NA,224,TRUE,TRUE,TRUE,TRUE,FALSE,TRUE,TRUE
6620,Q5363538,NA,1470702,1,mdp.39015063101888,Q5363538,ic,0380701049,6620,FALSE,FALSE,FALSE,FALSE,TRUE,FALSE,FALSE
6621,Q1226282,NA,51702429,5,uc1.$b799488,Q1226282,ic,NA,6621,FALSE,FALSE,FALSE,FALSE,FALSE,FALSE,FALSE
6624,Q1065287,NA,1773912,8,mdp.39015053592435,Q1065287,ic,NA,6624,FALSE,FALSE,FALSE,FALSE,FALSE,FALSE,FALSE
6629,Q4973520,NA,3857892881,1,mdp.39015041292999,Q4973520,ic,0385479387,6629,FALSE,FALSE,TRUE,FALSE,FALSE,FALSE,FALSE
6632,Q379895,NA,57740564,16,pst.000032233711,Q379895,ic,0553050524,6632,FALSE,FALSE,TRUE,FALSE,FALSE,FALSE,FALSE
6635,Q7154292,NA,3945656278,16,uc1.$b106141,Q7154292,ic,NA,6635,FALSE,FALSE,TRUE,FALSE,FALSE,FALSE,FALSE
6637,Q193111,NA,2790469172,15,mdp.39015005148443,Q193111,ic,NA,6637,FALSE,FALSE,TRUE,FALSE,FALSE,FALSE,FALSE
6638,Q611672,NA,10596404587,1,mdp.39015056676409,Q611672,ic,0743233034,6638,FALSE,FALSE,TRUE,FALSE,FALSE,FALSE,FALSE
664,Q1243147,NA,990056,14,mdp.39015061094457,Q1243147,ic,1401351964,664,FALSE,FALSE,TRUE,FALSE,FALSE,FALSE,FALSE
6640,Q336151,NA,649070,13,pst.000043293919,Q336151,ic,0679738991,6640,FALSE,FALSE,FALSE,FALSE,TRUE,FALSE,FALSE
6641,Q336151,NA,3854174444,23,mdp.39015008936562,Q336151,ic,0060107413,6640,FALSE,TRUE,TRUE,TRUE,TRUE,TRUE,TRUE
6642,Q272638,NA,462095,14,mdp.39015002659707,Q272638,ic,0394462017,6642,FALSE,FALSE,TRUE,FALSE,FALSE,FALSE,FALSE
6643,Q535812,NA,51583084,22,mdp.39015011902353,Q535812,ic,NA,6643,FALSE,FALSE,TRUE,FALSE,FALSE,FALSE,FALSE
6644,Q1258235,NA,8906971038,6,uc1.32106005489353,Q1258235,ic,0671443321,6644,FALSE,FALSE,TRUE,FALSE,FALSE,FALSE,FALSE
6646,Q312628,NA,1932940,1,mdp.39015047449999,Q312628,ic,1883642817,6646,FALSE,FALSE,TRUE,FALSE,TRUE,FALSE,FALSE
6647,Q2600504,NA,789251,19,pst.000053738929,Q2600504,ic,NA,6647,FALSE,FALSE,TRUE,FALSE,TRUE,FALSE,FALSE
6648,Q922053,NA,60802943,5,mdp.39015069354523,Q922053,ic,0743281632,6648,FALSE,FALSE,TRUE,FALSE,FALSE,FALSE,FALSE
6652,Q6249258,NA,146717180,1,mdp.39015014863347,Q6249258,ic,NA,6652,FALSE,FALSE,TRUE,FALSE,FALSE,FALSE,FALSE
6653,Q335232,NA,547598,8,mdp.39015031793568,Q335232,ic,0394587545,6653,FALSE,FALSE,TRUE,FALSE,FALSE,FALSE,FALSE
6657,NA,NA,NA,1,uc1.b4086401,NA,ic,NA,224,TRUE,TRUE,TRUE,TRUE,FALSE,TRUE,TRUE
6658,Q39212,NA,1260264,18,pst.000043294336,Q39212,ic,0140187529,6658,FALSE,FALSE,TRUE,FALSE,TRUE,FALSE,FALSE
6659,Q3442258,NA,48733751,10,mdp.39015005971810,Q3442258,ic,0385279574,6659,FALSE,FALSE,FALSE,FALSE,TRUE,FALSE,FALSE
666,Q1371154,NA,1909016360,3,uc1.b3687368,Q1371154,ic,NA,666,FALSE,FALSE,TRUE,FALSE,FALSE,FALSE,FALSE
6661,Q314256,NA,1075204,11,pst.000008440549,Q314256,ic,0060803134,6661,FALSE,FALSE,FALSE,FALSE,TRUE,FALSE,FALSE
6662,Q72653,NA,499646034,8,mdp.39015048580412,Q72653,ic,038531437X,6662,FALSE,FALSE,TRUE,FALSE,FALSE,FALSE,FALSE
6663,Q290686,NA,787969,7,mdp.39015066058770,Q290686,ic,0671870998,6663,FALSE,FALSE,FALSE,FALSE,FALSE,FALSE,FALSE
6668,Q6162462,NA,102471250,2,mdp.39015074298723,Q6162462,ic,1590388127,6668,FALSE,FALSE,TRUE,FALSE,FALSE,FALSE,FALSE
6672,Q187349,NA,506990,11,mdp.39015031823761,Q187349,ic,0525231021,6672,FALSE,FALSE,TRUE,FALSE,FALSE,FALSE,FALSE
6674,NA,NA,NA,5,uc1.b4086401,NA,ic,NA,224,TRUE,TRUE,TRUE,TRUE,FALSE,TRUE,TRUE
6675,Q958469,NA,701902,12,mdp.49015002985324,Q958469,ic,NA,6675,FALSE,FALSE,TRUE,FALSE,TRUE,FALSE,FALSE
6680,Q2550081,NA,1918513,1,mdp.39015031231148,Q2550081,ic,NA,6680,FALSE,FALSE,FALSE,FALSE,FALSE,FALSE,FALSE
6681,Q1969995,NA,327296,19,mdp.39015004213610,Q1969995,ic,067076292X,6681,FALSE,FALSE,TRUE,FALSE,FALSE,FALSE,FALSE
6686,Q559506,NA,20551185,8,uc1.$b103200,Q559506,und,NA,6686,FALSE,FALSE,TRUE,FALSE,FALSE,FALSE,FALSE
6687,Q6141832,NA,470017,26,uc1.b4384779,Q6141832,ic,NA,6687,FALSE,FALSE,FALSE,FALSE,FALSE,FALSE,FALSE
6689,NA,NA,NA,3,uc1.b4086401,NA,ic,NA,224,TRUE,TRUE,TRUE,TRUE,FALSE,TRUE,TRUE
6690,NA,NA,NA,5,uc1.b4086401,NA,ic,NA,224,TRUE,TRUE,TRUE,TRUE,FALSE,TRUE,TRUE
6695,Q3703786,NA,1934367,1,mdp.39015017742548,Q3703786,ic,0679726853,6695,FALSE,FALSE,FALSE,FALSE,TRUE,FALSE,FALSE
6698,Q87332163,NA,2140276,12,uc1.$b101684,Q87332163,ic,NA,6698,FALSE,FALSE,TRUE,FALSE,FALSE,FALSE,FALSE
6700,NA,NA,NA,10,uc1.b4086401,NA,ic,NA,224,TRUE,TRUE,TRUE,TRUE,FALSE,TRUE,TRUE
6701,NA,NA,NA,2,uc1.b4086401,NA,ic,NA,224,TRUE,TRUE,TRUE,TRUE,FALSE,TRUE,TRUE
6704,Q4726063,NA,24136986,5,mdp.39015050743007,Q4726063,ic,061810450X,6704,FALSE,FALSE,TRUE,FALSE,FALSE,FALSE,FALSE
6705,Q366315,NA,12000348,3,uc1.$b304659,Q366315,ic,NA,6705,FALSE,FALSE,FALSE,FALSE,FALSE,FALSE,FALSE
6707,Q188286,NA,16415527,3,mdp.39015060121749,Q188286,ic,0670033278,6707,FALSE,FALSE,TRUE,FALSE,FALSE,FALSE,FALSE
6708,NA,NA,NA,1,uc1.b4086401,NA,ic,NA,224,TRUE,TRUE,TRUE,TRUE,FALSE,TRUE,TRUE
6709,Q49072,NA,196773395,65,inu.30000006670925,Q49072,ic,NA,6709,FALSE,FALSE,TRUE,FALSE,TRUE,FALSE,FALSE
671,Q123469,NA,1295152,5,mdp.39015002386103,Q123469,ic,NA,671,FALSE,FALSE,FALSE,FALSE,FALSE,FALSE,FALSE
6710,Q5894712,NA,1448181,3,uc1.$b102766,Q5894712,ic,NA,6710,FALSE,FALSE,FALSE,FALSE,FALSE,FALSE,FALSE
6711,Q7351056,NA,103074836,16,uc1.b3295267,Q7351056,ic,NA,6711,FALSE,FALSE,FALSE,FALSE,FALSE,FALSE,FALSE
6713,Q39212,NA,1272552,23,mdp.39076001431373,Q39212,ic,0140062211,6713,FALSE,FALSE,TRUE,FALSE,TRUE,FALSE,FALSE
6715,Q2857861,NA,467386,31,uc1.32106002144464,Q2857861,ic,NA,6715,FALSE,FALSE,TRUE,FALSE,FALSE,FALSE,FALSE
6716,NA,NA,NA,3,uc1.b4086401,NA,ic,NA,224,TRUE,TRUE,TRUE,TRUE,FALSE,TRUE,TRUE
6717,Q1688127,NA,2082930,5,mdp.39015030718988,Q1688127,ic,NA,6717,FALSE,FALSE,TRUE,FALSE,FALSE,FALSE,FALSE
6720,Q105756,NA,3347484,12,uc1.32106009833382,Q105756,ic,0394537602,6720,FALSE,FALSE,TRUE,FALSE,FALSE,FALSE,FALSE
6721,Q184785,NA,141968880,22,uc1.32106009584944,Q184785,ic,0394587863,6721,FALSE,FALSE,TRUE,FALSE,FALSE,FALSE,FALSE
6730,Q2909151,NA,6075667,6,mdp.39015053402718,Q2909151,ic,0743222148,6730,FALSE,FALSE,TRUE,FALSE,FALSE,FALSE,FALSE
6731,Q76414,NA,1846409,2,mdp.39015051322751,Q76414,ic,NA,6731,FALSE,FALSE,TRUE,FALSE,FALSE,FALSE,FALSE
6732,Q161933,NA,49524632,15,mdp.39015047842409,Q161933,ic,1883642809,6732,FALSE,FALSE,TRUE,FALSE,TRUE,FALSE,FALSE
6735,NA,NA,NA,2,uc1.b4086401,NA,ic,NA,224,TRUE,TRUE,TRUE,TRUE,FALSE,TRUE,TRUE
6738,Q271931,NA,197413832,35,mdp.39015005905743,Q271931,ic,067140010X,6738,FALSE,FALSE,TRUE,FALSE,FALSE,FALSE,FALSE
6740,Q7788145,NA,117022750,16,pst.000022976345,Q7788145,ic,0839825870,6740,FALSE,FALSE,FALSE,FALSE,TRUE,FALSE,FALSE
6743,Q188440,NA,48675623,31,pst.000020477486,Q188440,ic,0671785850,6743,FALSE,FALSE,TRUE,FALSE,TRUE,FALSE,FALSE
6744,Q310379,NA,83941,15,mdp.39015012416601,Q310379,ic,0525237704,6744,FALSE,FALSE,TRUE,FALSE,FALSE,FALSE,FALSE
6745,Q310111,NA,20430406,4,mdp.39015046831684,Q310111,ic,NA,6745,FALSE,FALSE,FALSE,FALSE,FALSE,FALSE,FALSE
6748,Q227099,NA,3945655509,7,mdp.39015028554254,Q227099,ic,NA,6748,FALSE,FALSE,TRUE,FALSE,TRUE,FALSE,FALSE
6749,Q336151,NA,462326,1,uc1.32106002096136,Q336151,ic,9780394483467,6749,FALSE,FALSE,TRUE,FALSE,FALSE,FALSE,FALSE
675,NA,NA,NA,1,uc1.b4086401,NA,ic,NA,224,TRUE,TRUE,TRUE,TRUE,FALSE,TRUE,TRUE
6750,Q1535859,NA,502072483,29,uc1.32106012762131,Q1535859,ic,NA,6750,FALSE,FALSE,TRUE,FALSE,TRUE,FALSE,FALSE
6753,Q991736,NA,48787685,22,uc1.$b242697,Q991736,ic,NA,6753,FALSE,FALSE,FALSE,FALSE,FALSE,FALSE,FALSE
6754,Q1334230,NA,20723015,6,uc1.$b631484,Q1334230,ic,NA,6754,FALSE,FALSE,FALSE,FALSE,FALSE,FALSE,FALSE
6755,NA,NA,NA,3,uc1.b4086401,NA,ic,NA,224,TRUE,TRUE,TRUE,TRUE,FALSE,TRUE,TRUE
6758,Q13563137,NA,869590,1,mdp.39015060617787,Q13563137,ic,1400061601,6758,FALSE,FALSE,TRUE,FALSE,FALSE,FALSE,FALSE
6760,Q465237,NA,4727256870,42,uc1.$b401268,Q465237,ic,0684209225,6760,FALSE,FALSE,FALSE,FALSE,TRUE,FALSE,FALSE
6761,Q40909,NA,414158,19,inu.32000006468898,Q40909,icus,0701202815,6761,FALSE,FALSE,FALSE,FALSE,TRUE,FALSE,FALSE
6764,NA,NA,NA,6,uc1.b4086401,NA,ic,NA,224,TRUE,TRUE,TRUE,TRUE,FALSE,TRUE,TRUE
6765,Q315380,NA,19915649,34,mdp.39015004859578,Q315380,ic,NA,6765,FALSE,FALSE,TRUE,FALSE,FALSE,FALSE,FALSE
6769,Q134942,NA,50457436,19,pst.000051483654,Q134942,ic,0405078234,6769,FALSE,FALSE,FALSE,FALSE,TRUE,FALSE,FALSE
6771,Q93444,NA,2319696,1,uc1.$b170653,Q93444,ic,NA,6771,FALSE,FALSE,TRUE,FALSE,FALSE,FALSE,FALSE
6772,Q134942,NA,5573825366,15,uc1.b4422195,Q134942,ic,NA,6772,FALSE,FALSE,TRUE,FALSE,FALSE,FALSE,FALSE
6773,Q3206288,NA,264220,6,mdp.39015040065909,Q3206288,ic,0399143696,6773,FALSE,FALSE,TRUE,FALSE,FALSE,FALSE,FALSE
6776,Q155087,NA,4495049374,21,mdp.39015042472988,Q155087,ic,0060146362,6776,FALSE,FALSE,TRUE,FALSE,FALSE,FALSE,FALSE
6777,Q1349245,NA,738733,4,mdp.39015061161165,Q1349245,ic,0345452593,6777,FALSE,FALSE,TRUE,FALSE,FALSE,FALSE,FALSE
6778,Q1631915,NA,195974716,1,uc1.$b105644,Q1631915,ic,NA,6778,FALSE,FALSE,TRUE,FALSE,FALSE,FALSE,FALSE
678,Q216134,NA,1813893,1,uc1.b4089001,Q216134,ic,NA,678,FALSE,FALSE,FALSE,FALSE,FALSE,FALSE,FALSE
6783,Q1631915,NA,4918551314,11,mdp.39015014854239,Q1631915,ic,NA,6783,FALSE,FALSE,FALSE,FALSE,FALSE,FALSE,FALSE
6785,Q283496,NA,498593,1,pst.000030281288,Q283496,ic,0836933397,6785,FALSE,FALSE,FALSE,FALSE,TRUE,FALSE,FALSE
6786,NA,NA,580976,2,mdp.39015048902749,NA,und,NA,6786,FALSE,FALSE,FALSE,FALSE,FALSE,FALSE,FALSE
6787,Q4411247,NA,2580638,3,mdp.39015009358055,Q4411247,ic,NA,6787,FALSE,FALSE,TRUE,FALSE,FALSE,FALSE,FALSE
6789,Q443528,NA,50846708,3,uc1.$b787442,Q443528,ic|und,NA,6789,FALSE,FALSE,FALSE,FALSE,FALSE,FALSE,FALSE
679,Q6674692,NA,153318997,9,pst.000012675050,Q6674692,ic,NA,679,FALSE,FALSE,TRUE,FALSE,TRUE,FALSE,FALSE
6792,Q78494,NA,3901021156,16,mdp.39015000626559,Q78494,ic,NA,6792,FALSE,FALSE,TRUE,FALSE,TRUE,FALSE,FALSE
6794,Q550819,NA,3373161419,3,mdp.39015034284920,Q550819,ic,0399140204,6794,FALSE,FALSE,TRUE,FALSE,FALSE,FALSE,FALSE
6798,Q1349027,NA,3943366316,1,mdp.39015074054878,Q1349027,ic,0743292502,6798,FALSE,FALSE,TRUE,FALSE,FALSE,FALSE,FALSE
68,Q268147,NA,48715101,10,pst.000032420562,Q268147,ic,0156167743,68,FALSE,FALSE,FALSE,FALSE,TRUE,FALSE,FALSE
6800,Q1064454,NA,53030211,9,uc1.32106018612751,Q1064454,ic,1400066395,6800,FALSE,FALSE,TRUE,FALSE,FALSE,FALSE,FALSE
6803,Q728684,NA,1407550,27,mdp.39015000625262,Q728684,ic,NA,6803,FALSE,FALSE,FALSE,FALSE,FALSE,FALSE,FALSE
6808,NA,NA,4820402250,13,mdp.39015014844446,NA,ic,NA,6808,FALSE,FALSE,TRUE,FALSE,TRUE,FALSE,FALSE
6811,Q271111,NA,435475,30,mdp.39076005055640,Q271111,ic,NA,6811,FALSE,FALSE,TRUE,FALSE,FALSE,FALSE,FALSE
6812,Q445429,NA,57066254,41,uc1.$b87076,Q445429,und,NA,6812,FALSE,FALSE,TRUE,FALSE,FALSE,FALSE,FALSE
6816,Q152690,NA,40936323,4,mdp.39015066900823,Q152690,ic,9780752890814,6816,FALSE,FALSE,TRUE,FALSE,TRUE,FALSE,FALSE
6817,Q12062248,NA,132223265,18,mdp.39015053597780,Q12062248,ic,NA,6817,FALSE,FALSE,TRUE,FALSE,FALSE,FALSE,FALSE
6818,Q709751,NA,11699850442,10,uc1.$b104269,Q709751,ic,NA,6818,FALSE,FALSE,TRUE,FALSE,FALSE,FALSE,FALSE
682,Q448425,NA,11126747645,2,mdp.39015070730133,Q448425,ic,038533947X,682,FALSE,FALSE,TRUE,FALSE,FALSE,FALSE,FALSE
6820,Q94662179,NA,1294549,2,uc1.$b57118,Q94662179,ic,NA,6820,FALSE,FALSE,TRUE,FALSE,FALSE,FALSE,FALSE
6822,Q1646,NA,1182292325,3,uc1.b3768665,Q1646,und,NA,6822,FALSE,FALSE,TRUE,FALSE,FALSE,FALSE,FALSE
6828,NA,NA,NA,7,uc1.b4086401,NA,ic,NA,224,TRUE,TRUE,TRUE,TRUE,FALSE,TRUE,TRUE
683,Q356639,NA,48864363,5,inu.30000027317498,Q356639,ic,0749303360,683,FALSE,FALSE,FALSE,FALSE,TRUE,FALSE,FALSE
6830,Q47293,NA,4061412011,4,mdp.39015002647447,Q47293,ic|und,NA,6830,FALSE,FALSE,FALSE,FALSE,TRUE,FALSE,FALSE
6831,Q231356,NA,705915,5,mdp.39015054045896,Q231356,ic,039914840X,6831,FALSE,FALSE,TRUE,FALSE,FALSE,FALSE,FALSE
6832,Q4309918,NA,5527393763,15,uc1.$b106178,Q4309918,ic,NA,6832,FALSE,FALSE,FALSE,FALSE,TRUE,FALSE,FALSE
6833,Q179059,NA,1421948,1,inu.32000009142011,Q179059,ic,NA,6833,FALSE,FALSE,FALSE,FALSE,FALSE,FALSE,FALSE
6834,Q6376862,NA,4205589,1,mdp.39015020091032,Q6376862,ic,NA,6834,FALSE,FALSE,FALSE,FALSE,FALSE,FALSE,FALSE
6835,Q6288424,NA,1463279,13,mdp.39015000546419,Q6288424,ic,NA,6835,FALSE,FALSE,FALSE,FALSE,FALSE,FALSE,FALSE
6836,NA,NA,NA,4,uc1.b4086401,NA,ic,NA,224,TRUE,TRUE,TRUE,TRUE,FALSE,TRUE,TRUE
6839,Q437224,NA,2666512,4,mdp.39015054289874,Q437224,ic,0385501412,6839,FALSE,FALSE,TRUE,FALSE,FALSE,FALSE,FALSE
684,Q379895,NA,57740654,6,mdp.39015047446532,Q379895,ic,0553109634,684,FALSE,FALSE,TRUE,FALSE,FALSE,FALSE,FALSE
6840,NA,NA,NA,2,uc1.b4086401,NA,ic,NA,224,TRUE,TRUE,TRUE,TRUE,FALSE,TRUE,TRUE
685,NA,NA,NA,2,uc1.b4086401,NA,ic,NA,224,TRUE,FALSE,TRUE,TRUE,FALSE,TRUE,TRUE
6850,Q1347301,NA,435585,6,uc1.32106014452665,Q1347301,ic,NA,6850,FALSE,FALSE,TRUE,FALSE,TRUE,FALSE,FALSE
6851,Q258096,NA,4368063,3,mdp.39015054266773,Q258096,ic,0553802542,6851,FALSE,FALSE,TRUE,FALSE,FALSE,FALSE,FALSE
6854,NA,NA,NA,8,uc1.b4086401,NA,ic,NA,224,TRUE,TRUE,TRUE,TRUE,FALSE,TRUE,TRUE
6856,Q258096,NA,2754318872,2,mdp.39015040065412,Q258096,ic,0553104039,6856,FALSE,FALSE,TRUE,FALSE,FALSE,FALSE,FALSE
6860,Q452206,NA,14181759,20,mdp.39015050822546,Q452206,ic,0517570262,6860,FALSE,FALSE,TRUE,FALSE,FALSE,FALSE,FALSE
6861,Q7490109,NA,9679137,1,mdp.39015054294551,Q7490109,ic,0399147853,6861,FALSE,FALSE,TRUE,FALSE,FALSE,FALSE,FALSE
6862,Q1631915,NA,2278393,7,uc1.$b105646,Q1631915,ic,NA,6862,FALSE,FALSE,TRUE,FALSE,FALSE,FALSE,FALSE
6864,Q81447,NA,675592,2,mdp.39015029502112,Q81447,ic,NA,6864,FALSE,FALSE,FALSE,FALSE,FALSE,FALSE,FALSE
6865,Q1453687,NA,1432788,17,mdp.39015003341842,Q1453687,ic,NA,6865,FALSE,FALSE,FALSE,FALSE,FALSE,FALSE,FALSE
6868,Q7705575,NA,5617502838,1,mdp.39015066057343,Q7705575,ic|und,NA,6868,FALSE,FALSE,FALSE,FALSE,FALSE,FALSE,FALSE
687,Q179059,NA,1426003,34,mdp.39015004996180,Q179059,ic,NA,687,FALSE,FALSE,FALSE,FALSE,FALSE,FALSE,FALSE
6870,Q172140,NA,4918499494,17,mdp.39015054065951,Q172140,ic,0679444815,6870,FALSE,FALSE,TRUE,FALSE,FALSE,FALSE,FALSE
6871,Q285876,NA,724315,6,mdp.39015037464099,Q285876,ic,0684815761,6871,FALSE,FALSE,TRUE,FALSE,FALSE,FALSE,FALSE
6876,Q77024,NA,2908509451,1,mdp.39015018053234,Q77024,ic,NA,6876,FALSE,FALSE,FALSE,FALSE,FALSE,FALSE,FALSE
6878,Q716579,NA,198208699,1,uc1.b4099830,Q716579,ic,NA,6878,FALSE,FALSE,TRUE,FALSE,TRUE,FALSE,FALSE
688,Q469250,NA,196596530,11,mdp.39015009055719,Q469250,ic,NA,688,FALSE,FALSE,FALSE,FALSE,FALSE,FALSE,FALSE
6885,Q23434,NA,433183,9,mdp.39015013895860,Q23434,ic,0684153289,6885,FALSE,FALSE,FALSE,FALSE,TRUE,FALSE,FALSE
6886,Q6152306,NA,714939,1,mdp.39015059120173,Q6152306,ic,0767912268,6886,FALSE,FALSE,TRUE,FALSE,FALSE,FALSE,FALSE
6887,NA,NA,181435,98,uc1.32106002122734,NA,ic,0965773604,6887,FALSE,FALSE,TRUE,FALSE,FALSE,FALSE,FALSE
6888,Q123078,NA,5218120518,4,uc1.32106014402207,Q123078,ic,0399132678,6888,FALSE,FALSE,TRUE,FALSE,FALSE,FALSE,FALSE
6889,Q123078,NA,5218120518,1,uc1.32106014402207,Q123078,ic,0399132678,6888,TRUE,TRUE,FALSE,TRUE,FALSE,FALSE,FALSE
6891,Q6793132,NA,1446816,2,uc1.$b101981,Q6793132,ic,NA,6891,FALSE,FALSE,FALSE,FALSE,FALSE,FALSE,FALSE
6893,Q314929,NA,552947,6,mdp.39015037810770,Q314929,ic,071813754X,6893,FALSE,FALSE,FALSE,FALSE,TRUE,FALSE,FALSE
6899,NA,NA,NA,1,uc1.b4086401,NA,ic,NA,224,TRUE,TRUE,FALSE,TRUE,FALSE,TRUE,TRUE
6900,NA,NA,NA,2,uc1.b4086401,NA,ic,NA,224,TRUE,TRUE,TRUE,TRUE,FALSE,TRUE,TRUE
6901,NA,NA,NA,9,uc1.b4086401,NA,ic,NA,224,TRUE,TRUE,FALSE,TRUE,FALSE,TRUE,TRUE
6903,Q4988489,NA,549370,10,uc1.$b56574,Q4988489,und,NA,6903,FALSE,FALSE,TRUE,FALSE,FALSE,FALSE,FALSE
6904,Q6174593,NA,2908448608,9,mdp.39015066063937,Q6174593,icus,NA,6904,FALSE,FALSE,FALSE,FALSE,FALSE,FALSE,FALSE
6920,NA,NA,NA,8,uc1.b4086401,NA,ic,NA,224,TRUE,TRUE,FALSE,TRUE,FALSE,TRUE,TRUE
6921,Q273730,NA,196106989,20,uc1.b3295180,Q273730,ic,NA,6921,FALSE,FALSE,TRUE,FALSE,FALSE,FALSE,FALSE
6922,Q675396,NA,3943347335,17,inu.30000124600820,Q675396,ic,0803226624,6922,FALSE,FALSE,FALSE,FALSE,TRUE,FALSE,FALSE
6923,Q361623,NA,250447,22,uc1.32106015297200,Q361623,ic,0684818957,6923,FALSE,FALSE,FALSE,FALSE,TRUE,FALSE,FALSE
6924,Q3434910,NA,1951501,12,uc1.$b101861,Q3434910,und,NA,6924,FALSE,FALSE,TRUE,FALSE,FALSE,FALSE,FALSE
6925,Q709751,NA,57625190,10,uc1.$b100738,Q709751,und,NA,6925,FALSE,FALSE,TRUE,FALSE,FALSE,FALSE,FALSE
6927,NA,NA,NA,1,uc1.b4086401,NA,ic,NA,224,TRUE,TRUE,TRUE,TRUE,FALSE,TRUE,TRUE
6929,NA,NA,48424098,52,mdp.39015062084572,NA,ic,NA,6929,FALSE,FALSE,TRUE,FALSE,FALSE,FALSE,FALSE
6931,Q438024,NA,835287,4,mdp.39015053104314,Q438024,ic,0385313667,6931,FALSE,FALSE,TRUE,FALSE,FALSE,FALSE,FALSE
6933,Q271111,NA,435514,23,mdp.39015027237067,Q271111,ic,0688030599,6933,FALSE,FALSE,TRUE,FALSE,FALSE,FALSE,FALSE
6935,Q1208990,NA,1030598,4,mdp.39015047866127,Q1208990,ic,0553107232,6935,FALSE,FALSE,FALSE,FALSE,FALSE,FALSE,FALSE
6938,Q1364205,NA,5584004,15,mdp.39015030843364,Q1364205,ic,NA,6938,FALSE,FALSE,TRUE,FALSE,FALSE,FALSE,FALSE
694,Q673567,NA,9981479,5,mdp.39015047566354,Q673567,ic,0399145672,694,FALSE,FALSE,TRUE,FALSE,FALSE,FALSE,FALSE
6940,Q242571,NA,60228315,4,pst.000012657544,Q242571,ic,0515030767,6940,FALSE,FALSE,FALSE,FALSE,TRUE,FALSE,FALSE
6941,NA,NA,NA,6,uc1.b4086401,NA,ic,NA,224,TRUE,TRUE,TRUE,TRUE,FALSE,TRUE,TRUE
6942,Q72653,NA,879348,7,mdp.39015062619377,Q72653,ic,0385338279,6942,FALSE,FALSE,TRUE,FALSE,FALSE,FALSE,FALSE
6944,Q352059,NA,539099,5,mdp.39015040331640,Q352059,ic,0399143165,6944,FALSE,FALSE,TRUE,FALSE,FALSE,FALSE,FALSE
6945,NA,NA,NA,6,uc1.b4086401,NA,ic,NA,224,TRUE,TRUE,TRUE,TRUE,FALSE,TRUE,TRUE
6946,Q231467,NA,34126,10,mdp.39015060068718,Q231467,ic,0399152199,6946,FALSE,FALSE,TRUE,FALSE,FALSE,FALSE,FALSE
6947,Q442679,NA,196662843,4,mdp.39015054189942,Q442679,ic,0805008950,6947,FALSE,FALSE,TRUE,FALSE,FALSE,FALSE,FALSE
695,Q335232,NA,4820249485,12,mdp.39015015233854,Q335232,ic,039457513X,695,FALSE,FALSE,TRUE,FALSE,FALSE,FALSE,FALSE
6950,Q254820,NA,755651,8,mdp.39015058011043,Q254820,ic,078686818X,6950,FALSE,FALSE,TRUE,FALSE,FALSE,FALSE,FALSE
6955,Q2020013,NA,2543001,3,uc1.$b301777,Q2020013,ic,NA,6955,FALSE,FALSE,TRUE,FALSE,FALSE,FALSE,FALSE
6956,Q128560,NA,48149895,22,uc1.32106005189888,Q128560,ic,0434305707,6956,FALSE,FALSE,TRUE,FALSE,TRUE,FALSE,FALSE
6959,Q366266,NA,57998019,18,mdp.39015066844898,Q366266,ic,9780399153693,6961,TRUE,TRUE,TRUE,TRUE,FALSE,TRUE,TRUE
696,Q1349245,NA,196044414,8,mdp.39015045986166,Q1349245,ic,0679459596,696,FALSE,FALSE,TRUE,FALSE,FALSE,FALSE,FALSE
6961,NA,NA,NA,7,uc1.b4086401,NA,ic,NA,224,TRUE,TRUE,TRUE,TRUE,FALSE,TRUE,TRUE
6963,Q340016,NA,68221937,1,mdp.39015070739217,Q340016,ic,0374279128,6963,FALSE,FALSE,TRUE,FALSE,FALSE,FALSE,FALSE
6964,Q3035833,NA,2490290,16,mdp.39015016424213,Q3035833,ic,NA,6964,FALSE,FALSE,FALSE,FALSE,FALSE,FALSE,FALSE
6968,Q673567,NA,260006,1,mdp.39015055860749,Q673567,ic,0399149244,6968,FALSE,FALSE,TRUE,FALSE,FALSE,FALSE,FALSE
697,Q204168,NA,1151564048,3,mdp.39015043116790,Q204168,ic,0679445978,697,FALSE,FALSE,TRUE,FALSE,FALSE,FALSE,FALSE
6971,Q269129,NA,4915140519,77,mdp.39015004070143,Q269129,ic,038503458X,6971,FALSE,FALSE,TRUE,FALSE,FALSE,FALSE,FALSE
6973,Q448425,NA,49055435,1,mdp.39015064761334,Q448425,ic,9780385339469,6973,FALSE,FALSE,TRUE,FALSE,FALSE,FALSE,FALSE
6975,Q366266,NA,691201,7,mdp.39015058073878,Q366266,ic,0399150803,6975,FALSE,FALSE,TRUE,FALSE,FALSE,FALSE,FALSE
6976,Q187765,NA,20221523,25,pst.000043933501,Q187765,ic,0451526058,6976,FALSE,FALSE,TRUE,FALSE,TRUE,FALSE,FALSE
6977,Q59525533,NA,1593508,1,uc1.$b104466,Q59525533,ic,NA,6977,FALSE,FALSE,TRUE,FALSE,FALSE,FALSE,FALSE
6979,Q9364,NA,46409868,1,pst.000032033779,Q9364,ic,0679740791,6979,FALSE,FALSE,TRUE,FALSE,TRUE,FALSE,FALSE
698,Q268147,NA,57756677,1,uc1.b4951217,Q268147,ic,0151127700,698,FALSE,FALSE,TRUE,FALSE,FALSE,FALSE,FALSE
6981,Q23434,NA,740874,4,mdp.39015047452050,Q23434,ic,0684849216,6981,FALSE,FALSE,TRUE,FALSE,FALSE,FALSE,FALSE
6985,Q705022,NA,55694838,2,mdp.39015037047696,Q705022,ic,0525223657,6985,FALSE,FALSE,TRUE,FALSE,FALSE,FALSE,FALSE
6987,Q1349027,NA,60206651,3,mdp.39015067664055,Q1349027,ic,0743292499,6987,FALSE,FALSE,TRUE,FALSE,FALSE,FALSE,FALSE
6988,Q1065817,NA,198935688,22,mdp.39015056188363,Q1065817,ic,1585673692,6988,FALSE,FALSE,TRUE,FALSE,TRUE,FALSE,FALSE
6991,Q438345,NA,47897,4,mdp.39015032354857,Q438345,ic,0671516914,6991,FALSE,FALSE,TRUE,FALSE,FALSE,FALSE,FALSE
6993,Q356639,NA,549377,21,mdp.39015014215498,Q356639,und,NA,6993,FALSE,FALSE,TRUE,FALSE,FALSE,FALSE,FALSE
6994,Q438345,NA,691184,2,mdp.39015057658844,Q438345,ic,0399149996,6994,FALSE,FALSE,TRUE,FALSE,FALSE,FALSE,FALSE
6995,NA,NA,NA,5,uc1.b4086401,NA,ic,NA,224,TRUE,TRUE,TRUE,TRUE,FALSE,TRUE,TRUE
6998,Q219784,NA,226018403,10,mdp.39015016440276,Q219784,ic,0571092209,6998,FALSE,FALSE,TRUE,FALSE,TRUE,FALSE,FALSE
7,Q234865,NA,881672,8,mdp.39015053378256,Q234865,ic,0786229489,7,FALSE,FALSE,TRUE,FALSE,TRUE,FALSE,FALSE
700,Q231356,NA,769342,5,mdp.39015056670915,Q231356,ic,0399149848,700,FALSE,FALSE,TRUE,FALSE,FALSE,FALSE,FALSE
7003,Q1349027,NA,46089194,5,mdp.39015063676822,Q1349027,ic,9780743234719,7003,FALSE,FALSE,TRUE,FALSE,FALSE,FALSE,FALSE
7015,Q6760816,NA,4928307484,16,uc1.$b105670,Q6760816,ic,NA,7015,FALSE,FALSE,TRUE,FALSE,FALSE,FALSE,FALSE
7016,NA,NA,NA,1,uc1.b4086401,NA,ic,NA,224,TRUE,TRUE,TRUE,TRUE,FALSE,TRUE,TRUE
7018,Q1349245,NA,42747,1,mdp.39015059216005,Q1349245,ic,0345465253,7018,FALSE,FALSE,TRUE,FALSE,FALSE,FALSE,FALSE
7023,Q16744978,NA,7296171,2,pst.000007426209,Q16744978,ic,NA,7023,FALSE,FALSE,TRUE,FALSE,TRUE,FALSE,FALSE
7024,NA,NA,NA,1,uc1.b4086401,NA,ic,NA,224,TRUE,TRUE,TRUE,TRUE,FALSE,TRUE,TRUE
7025,NA,NA,NA,2,uc1.b4086401,NA,ic,NA,224,TRUE,TRUE,TRUE,TRUE,FALSE,TRUE,TRUE
7026,NA,NA,NA,3,uc1.b4086401,NA,ic,NA,224,TRUE,TRUE,TRUE,TRUE,FALSE,TRUE,TRUE
7028,Q231736,NA,47374421,9,mdp.39015064689048,Q231736,ic,0743264908,7028,FALSE,FALSE,TRUE,FALSE,FALSE,FALSE,FALSE
7030,Q231356,NA,82919,2,mdp.39015060816546,Q231356,ic,0373285159,7030,FALSE,FALSE,TRUE,FALSE,FALSE,FALSE,FALSE
7033,Q315380,NA,20944501,17,uc1.32106008497783,Q315380,ic,NA,7033,FALSE,FALSE,TRUE,FALSE,FALSE,FALSE,FALSE
7034,Q161933,NA,49524999,3,mdp.39015053046739,Q161933,ic,1586420208,7034,FALSE,FALSE,TRUE,FALSE,TRUE,FALSE,FALSE
7035,Q432322,NA,1172632,2,uc1.b3862560,Q432322,ic,575002808,7035,FALSE,FALSE,TRUE,FALSE,TRUE,FALSE,FALSE
7038,NA,NA,NA,3,uc1.b4086401,NA,ic,NA,224,TRUE,TRUE,TRUE,TRUE,FALSE,TRUE,TRUE
704,Q72653,NA,4092791264,8,mdp.39015046484260,Q72653,ic,0385333331,704,FALSE,FALSE,TRUE,FALSE,FALSE,FALSE,FALSE
7041,Q6882,NA,395796,9,mdp.39015005917359,Q6882,pd,0824043758,7041,FALSE,FALSE,FALSE,FALSE,TRUE,FALSE,FALSE
7042,Q465208,NA,103063646,7,mdp.39015079149269,Q465208,ic,0676979343,7042,FALSE,FALSE,TRUE,FALSE,FALSE,FALSE,FALSE
7046,Q52156885,NA,1294197,11,uc1.$b105376,Q52156885,ic,NA,7046,FALSE,FALSE,TRUE,FALSE,TRUE,FALSE,FALSE
705,Q4767426,NA,196573631,20,mdp.39015040035621,Q4767426,ic,0375500510,705,FALSE,FALSE,TRUE,FALSE,FALSE,FALSE,FALSE
7054,Q535812,NA,63123132,6,mdp.39015016424379,Q535812,ic,NA,7054,FALSE,FALSE,TRUE,FALSE,FALSE,FALSE,FALSE
7055,Q357120,NA,686876,8,mdp.39015032988530,Q357120,ic,0452255953,7055,FALSE,FALSE,TRUE,FALSE,TRUE,FALSE,FALSE
7058,Q4647852,NA,2628445,2,uc1.$b300349,Q4647852,pd,NA,7058,FALSE,FALSE,FALSE,FALSE,FALSE,FALSE,FALSE
7059,Q310048,NA,568452,10,mdp.39015046411917,Q310048,ic,0684842696,7059,FALSE,FALSE,FALSE,FALSE,FALSE,FALSE,FALSE
706,Q188117,NA,15282712,2,inu.30000056017829,Q188117,ic,0671884271,706,FALSE,FALSE,TRUE,FALSE,TRUE,FALSE,FALSE
7063,Q386244,NA,1015760,5,inu.30000112139872,Q386244,und,0817302530,7063,FALSE,FALSE,FALSE,FALSE,TRUE,FALSE,FALSE
7065,Q4357166,NA,700727,1,mdp.39015055442118,Q4357166,ic,0385334842,7065,FALSE,FALSE,TRUE,FALSE,FALSE,FALSE,FALSE
7068,NA,NA,NA,7,uc1.b4086401,NA,ic,NA,224,TRUE,TRUE,TRUE,TRUE,FALSE,TRUE,TRUE
707,Q1701683,NA,918846233,1,mdp.39015061094812,Q1701683,ic,0345433327,707,FALSE,FALSE,TRUE,FALSE,FALSE,FALSE,FALSE
7070,Q231467,NA,3907675486,13,mdp.39015041541072,Q231467,ic,0399142851,7070,FALSE,FALSE,TRUE,FALSE,FALSE,FALSE,FALSE
7073,NA,NA,NA,6,uc1.b4086401,NA,ic,NA,224,TRUE,TRUE,TRUE,TRUE,FALSE,TRUE,TRUE
7075,Q310379,NA,319308,6,uc1.32106018120813,Q310379,ic,1400063833,7075,FALSE,FALSE,TRUE,FALSE,FALSE,FALSE,FALSE
7076,Q500042,NA,4127251,9,mdp.39015001528887,Q500042,ic,NA,7076,FALSE,FALSE,FALSE,FALSE,FALSE,FALSE,FALSE
7078,Q2664596,NA,2908451842,6,mdp.39015032098041,Q2664596,ic,0671880594,7078,FALSE,FALSE,TRUE,FALSE,FALSE,FALSE,FALSE
7079,Q5637130,NA,624189,6,uc1.b4362484,Q5637130,ic,0670521930,7079,FALSE,FALSE,TRUE,FALSE,FALSE,FALSE,FALSE
7081,Q134942,NA,262192,5,uc1.$b106208,Q134942,ic,NA,7081,FALSE,FALSE,FALSE,FALSE,FALSE,FALSE,FALSE
7082,Q446121,NA,69775385,3,mdp.39015070698553,Q446121,ic,0345486528,7082,FALSE,FALSE,TRUE,FALSE,FALSE,FALSE,FALSE
7084,NA,NA,NA,1,uc1.b4086401,NA,ic,NA,224,TRUE,TRUE,TRUE,TRUE,FALSE,TRUE,TRUE
7093,Q366266,NA,2999859580,8,mdp.39015053381961,Q366266,ic,039914787X,7093,FALSE,FALSE,TRUE,FALSE,FALSE,FALSE,FALSE
7094,Q4864008,NA,1800579,8,uc1.$b323021,Q4864008,ic,NA,7094,FALSE,FALSE,FALSE,FALSE,FALSE,FALSE,FALSE
7095,NA,NA,420393766,65,mdp.39015005782340,NA,ic,0937858021,7095,FALSE,FALSE,TRUE,FALSE,TRUE,FALSE,FALSE
7099,Q548004,NA,60068553,3,umn.31951001997365l,Q548004,und,NA,7099,FALSE,FALSE,FALSE,FALSE,TRUE,FALSE,FALSE
71,Q1349245,NA,683618,6,mdp.39015056807590,Q1349245,ic,0345452550,71,FALSE,FALSE,TRUE,FALSE,FALSE,FALSE,FALSE
710,NA,NA,NA,15,uc1.b4086401,NA,ic,NA,224,TRUE,TRUE,TRUE,TRUE,FALSE,TRUE,TRUE
7100,Q6950,NA,525773,3,mdp.39015061175942,Q6950,ic,0345476972,7100,FALSE,FALSE,TRUE,FALSE,FALSE,FALSE,FALSE
7102,Q457450,NA,453807,32,mdp.39015000625221,Q457450,ic,NA,7102,FALSE,FALSE,TRUE,FALSE,FALSE,FALSE,FALSE
7104,Q6369994,NA,47072935,1,mdp.39015064680666,Q6369994,ic,0399153381,7104,FALSE,FALSE,FALSE,FALSE,FALSE,FALSE,FALSE
7107,Q352059,NA,5947314,5,mdp.39015043829046,Q352059,ic,0399144714,7107,FALSE,FALSE,TRUE,FALSE,FALSE,FALSE,FALSE
7110,Q272076,NA,19908,6,mdp.39015060882134,Q272076,ic,0553804154,7110,FALSE,FALSE,TRUE,FALSE,FALSE,FALSE,FALSE
7114,NA,NA,NA,1,uc1.b4086401,NA,ic,NA,224,TRUE,FALSE,TRUE,TRUE,FALSE,TRUE,TRUE
7115,Q1594680,NA,1651693,9,mdp.39015031236113,Q1594680,pd,NA,7115,FALSE,FALSE,FALSE,FALSE,FALSE,FALSE,FALSE
7117,NA,NA,NA,8,uc1.b4086401,NA,ic,NA,224,TRUE,TRUE,TRUE,TRUE,FALSE,TRUE,TRUE
7118,NA,NA,NA,3,uc1.b4086401,NA,ic,NA,224,TRUE,TRUE,TRUE,TRUE,FALSE,TRUE,TRUE
7121,Q124397,NA,47609594,1,uc1.$b102367,Q124397,und,NA,7121,FALSE,FALSE,FALSE,FALSE,FALSE,FALSE,FALSE
7125,Q5478889,NA,3372108007,17,uc1.$b102097,Q5478889,ic,NA,7125,FALSE,FALSE,TRUE,FALSE,FALSE,FALSE,FALSE
7126,Q471413,NA,5844206,2,mdp.39015030705969,Q471413,ic,NA,7126,FALSE,FALSE,FALSE,FALSE,FALSE,FALSE,FALSE
7128,Q452404,NA,169447,2,mdp.39015056668257,Q452404,ic,0553803328,7128,FALSE,FALSE,TRUE,FALSE,FALSE,FALSE,FALSE
7133,NA,NA,NA,4,uc1.b4086401,NA,ic,NA,224,TRUE,TRUE,TRUE,TRUE,FALSE,TRUE,TRUE
7135,Q35155,NA,4916237695,13,mdp.39015019437873,Q35155,ic,0140145117,7135,FALSE,FALSE,TRUE,FALSE,TRUE,FALSE,FALSE
7138,Q184785,NA,570048,13,mdp.39015047051209,Q184785,ic,0679433023,7138,FALSE,FALSE,TRUE,FALSE,FALSE,FALSE,FALSE
714,Q434735,NA,57065619,11,mdp.39015003930503,Q434735,ic,NA,714,FALSE,FALSE,FALSE,FALSE,FALSE,FALSE,FALSE
7140,Q188987,NA,344143,2,mdp.39015062115905,Q188987,ic,0553074997,7140,FALSE,FALSE,TRUE,FALSE,FALSE,FALSE,FALSE
7141,Q434029,NA,27826127,2,mdp.39015045681882,Q434029,ic,0553100351,7141,FALSE,FALSE,TRUE,FALSE,FALSE,FALSE,FALSE
7142,NA,NA,691349,4,mdp.39015059157258,Q231356,ic,0399151710,7142,FALSE,FALSE,TRUE,FALSE,FALSE,FALSE,FALSE
7145,Q184785,NA,25373555,8,mdp.39015041994487,Q184785,ic,0375401601,7145,FALSE,FALSE,TRUE,FALSE,FALSE,FALSE,FALSE
7148,NA,NA,4915929151,22,mdp.39015005898393,Q1177138,ic,NA,7148,FALSE,FALSE,TRUE,FALSE,FALSE,FALSE,FALSE
715,Q231467,NA,3768507016,10,mdp.39015048765013,Q231467,ic,0399145222,715,FALSE,FALSE,TRUE,FALSE,FALSE,FALSE,FALSE
7150,Q1929421,NA,198989224,12,mdp.39015024971437,Q1929421,ic,0394589955,7150,FALSE,FALSE,TRUE,FALSE,FALSE,FALSE,FALSE
7151,Q323166,NA,472816,10,uc1.b3435131,Q323166,ic,0399116656,7151,FALSE,FALSE,TRUE,FALSE,FALSE,FALSE,FALSE
7157,Q548345,NA,573151,9,uc1.$b630158,Q548345,ic,NA,7157,FALSE,FALSE,TRUE,FALSE,FALSE,FALSE,FALSE
7158,Q535856,NA,636821,38,mdp.39015066054928,Q535856,ic,0670839809,7158,FALSE,FALSE,TRUE,FALSE,FALSE,FALSE,FALSE
7166,Q49072,NA,3373211446,61,uc1.b4951171,Q49072,ic,0316955019,7166,FALSE,FALSE,TRUE,FALSE,FALSE,FALSE,FALSE
7167,Q588653,NA,743102,2,mdp.39015055462645,Q588653,ic,0743435451,7167,FALSE,FALSE,TRUE,FALSE,FALSE,FALSE,FALSE
7170,NA,NA,NA,10,uc1.b4086401,NA,ic,NA,224,TRUE,FALSE,TRUE,TRUE,FALSE,TRUE,TRUE
7174,Q7074155,NA,1433654,1,mdp.39015004181718,Q7074155,ic,0803272065,7174,FALSE,FALSE,TRUE,FALSE,TRUE,FALSE,FALSE
7176,Q3292072,NA,196084754,1,mdp.39015054182772,Q3292072,ic,0385336187,7176,FALSE,FALSE,TRUE,FALSE,FALSE,FALSE,FALSE
7177,Q323353,NA,36485843,1,mdp.39015050759698,Q323353,ic,0399147144,7177,FALSE,FALSE,TRUE,FALSE,FALSE,FALSE,FALSE
7180,Q167821,NA,196895829,21,pst.000029699940,Q167821,ic,0394406893,7180,FALSE,FALSE,TRUE,FALSE,TRUE,FALSE,FALSE
7181,Q2177776,NA,196707623,14,mdp.39015031312211,Q2177776,ic,NA,7181,FALSE,FALSE,TRUE,FALSE,FALSE,FALSE,FALSE
7182,NA,NA,NA,4,uc1.b4086401,NA,ic,NA,224,TRUE,TRUE,TRUE,TRUE,FALSE,TRUE,TRUE
7184,Q1503014,NA,342432295,7,mdp.49015001344556,Q1503014,ic,NA,7184,FALSE,FALSE,TRUE,FALSE,TRUE,FALSE,FALSE
7185,Q272076,NA,388279,4,mdp.39015066068175,Q272076,ic,0399132635,7185,FALSE,FALSE,TRUE,FALSE,FALSE,FALSE,FALSE
7186,Q2635762,NA,51287378,12,mdp.39015063255775,Q2635762,ic,1565124995,7186,FALSE,FALSE,FALSE,FALSE,FALSE,FALSE,FALSE
7188,Q313289,NA,583122,33,mdp.39015020735745,Q313289,ic,0027000303,7188,FALSE,FALSE,TRUE,FALSE,FALSE,FALSE,FALSE
7190,Q13563137,NA,793279803,1,mdp.39015063339868,Q13563137,ic,140006161X,7190,FALSE,FALSE,TRUE,FALSE,FALSE,FALSE,FALSE
7193,Q183031,NA,19026869,13,mdp.39015014948940,Q183031,ic,0670826472,7193,FALSE,FALSE,TRUE,FALSE,FALSE,FALSE,FALSE
7195,Q2576637,NA,475072,10,mdp.39015014135811,Q2576637,und,NA,7195,FALSE,FALSE,TRUE,FALSE,FALSE,FALSE,FALSE
7197,Q239910,NA,583962,11,mdp.39015066844336,Q239910,ic,9780143039976,7197,FALSE,FALSE,TRUE,FALSE,TRUE,FALSE,FALSE
7199,Q231736,NA,418036,13,mdp.39015043779654,Q231736,ic,0684835975,7199,FALSE,FALSE,FALSE,FALSE,FALSE,FALSE,FALSE
720,Q313377,NA,472781,14,uc1.32106015816611,Q313377,ic,9780399114434,720,FALSE,FALSE,TRUE,FALSE,FALSE,FALSE,FALSE
7202,Q6793459,NA,1307584,9,uc1.$b80205,Q6793459,pd,NA,7202,FALSE,FALSE,TRUE,FALSE,FALSE,FALSE,FALSE
7205,Q231736,NA,1152786009,17,uc1.32106009991503,Q231736,ic,0671556649,7205,FALSE,FALSE,TRUE,FALSE,FALSE,FALSE,FALSE
7206,NA,NA,NA,2,uc1.b4086401,NA,ic,NA,224,TRUE,TRUE,TRUE,TRUE,FALSE,TRUE,TRUE
7207,Q433207,NA,836391,11,mdp.39015045642116,Q433207,ic,0679426140,7207,TRUE,FALSE,TRUE,FALSE,FALSE,TRUE,FALSE
7208,Q5566419,NA,148094106,7,mdp.39015030728185,Q5566419,ic,NA,7208,FALSE,FALSE,TRUE,FALSE,FALSE,FALSE,FALSE
7209,Q768296,NA,1510278,5,mdp.39015005305936,Q768296,ic,NA,7209,FALSE,FALSE,FALSE,FALSE,TRUE,FALSE,FALSE
7211,Q4762571,NA,401664947,2,mdp.39015005768018,Q4762571,ic,NA,7211,FALSE,FALSE,FALSE,FALSE,FALSE,FALSE,FALSE
7215,Q589497,NA,197524088,1,mdp.39015067670698,Q589497,ic,9781932416640,7215,FALSE,FALSE,TRUE,FALSE,FALSE,FALSE,FALSE
7216,Q562874,NA,4916653549,4,mdp.49015000490731,Q562874,ic,0140047956,7216,FALSE,FALSE,FALSE,FALSE,TRUE,FALSE,FALSE
722,NA,NA,NA,8,uc1.b4086401,NA,ic,NA,224,TRUE,TRUE,TRUE,TRUE,FALSE,TRUE,TRUE
7220,Q4878309,NA,62597722,1,mdp.39015050824294,Q4878309,ic,0399147845,7220,FALSE,FALSE,TRUE,FALSE,FALSE,FALSE,FALSE
7221,Q545375,NA,25708225,10,mdp.39015010333279,Q545375,ic,0670809160,7221,FALSE,FALSE,TRUE,FALSE,FALSE,FALSE,FALSE
7223,Q249544,NA,453408,33,pst.000007426414,Q249544,ic,NA,7223,FALSE,FALSE,TRUE,FALSE,TRUE,FALSE,FALSE
7225,Q187019,NA,462055,4,mdp.39015002750514,Q187019,ic,NA,7225,FALSE,FALSE,TRUE,FALSE,FALSE,FALSE,FALSE
7226,Q55685748,NA,1476984,3,mdp.39015016450085,Q55685748,und,NA,7226,FALSE,FALSE,TRUE,FALSE,FALSE,FALSE,FALSE
7227,Q183294,NA,470034,2,uc1.b4382438,Q183294,ic,039700303X,7227,FALSE,FALSE,TRUE,FALSE,FALSE,FALSE,FALSE
7228,Q465237,NA,556266,2,inu.30000011793712,Q465237,ic,0910220522,7228,FALSE,FALSE,FALSE,FALSE,TRUE,FALSE,FALSE
723,Q443528,NA,40993157,5,mdp.39015002710765,Q443528,ic,NA,723,FALSE,FALSE,FALSE,FALSE,FALSE,FALSE,FALSE
7231,NA,NA,22691476,1,mdp.39015063521424,NA,ic,NA,7231,FALSE,FALSE,FALSE,FALSE,FALSE,FALSE,FALSE
7233,Q3704362,NA,12440551612,2,mdp.39015073644679,Q3704362,ic,0778325156,7233,FALSE,FALSE,TRUE,FALSE,FALSE,FALSE,FALSE
7238,Q4411247,NA,2307234,2,uc1.$b105382,Q4411247,und,NA,7238,FALSE,FALSE,TRUE,FALSE,FALSE,FALSE,FALSE
7243,Q437224,NA,1079820,3,mdp.39015042552995,Q437224,ic,0385492758,7243,FALSE,FALSE,TRUE,FALSE,FALSE,FALSE,FALSE
7246,Q3502960,NA,44703,6,mdp.39015046884196,Q3502960,ic,0375401121,7246,FALSE,FALSE,TRUE,FALSE,FALSE,FALSE,FALSE
7249,Q314929,NA,402286,5,mdp.39015013938272,Q314929,ic,0060113847,7249,FALSE,FALSE,TRUE,FALSE,FALSE,FALSE,FALSE
7252,NA,NA,NA,1,uc1.b4086401,NA,ic,NA,224,TRUE,TRUE,TRUE,TRUE,FALSE,TRUE,TRUE
7256,Q6369994,NA,742522,2,mdp.39015056426649,Q6369994,ic,0743453468,7256,FALSE,FALSE,TRUE,FALSE,FALSE,FALSE,FALSE
7257,Q462629,NA,5843734,11,uc1.b3435138,Q462629,ic,0440095484,7257,FALSE,FALSE,TRUE,FALSE,FALSE,FALSE,FALSE
7258,NA,NA,NA,9,uc1.b4086401,NA,ic,NA,224,TRUE,TRUE,TRUE,TRUE,FALSE,TRUE,TRUE
7259,Q1318617,NA,1580285,15,mdp.39015071597630,Q1318617,ic,NA,7259,FALSE,FALSE,FALSE,FALSE,FALSE,FALSE,FALSE
7260,NA,NA,NA,6,uc1.b4086401,NA,ic,NA,224,TRUE,TRUE,TRUE,TRUE,FALSE,TRUE,TRUE
7261,NA,NA,NA,3,uc1.b4086401,NA,ic,NA,224,TRUE,TRUE,TRUE,TRUE,FALSE,TRUE,TRUE
7263,Q258096,NA,373706,4,mdp.39015059159221,Q258096,ic,0743245539,7263,FALSE,FALSE,TRUE,FALSE,FALSE,FALSE,FALSE
7265,Q1235328,NA,1520827,3,mdp.39015030113289,Q1235328,ic,NA,7265,FALSE,FALSE,FALSE,FALSE,TRUE,FALSE,FALSE
7268,NA,NA,NA,4,uc1.b4086401,NA,ic,NA,224,TRUE,TRUE,FALSE,TRUE,FALSE,TRUE,TRUE
727,Q184785,NA,683423,5,mdp.39015055869724,Q184785,ic,0375411992,727,FALSE,FALSE,TRUE,FALSE,FALSE,FALSE,FALSE
7271,Q87114941,NA,9349914558,9,mdp.39015024078845,Q87114941,und,NA,7271,FALSE,FALSE,TRUE,FALSE,FALSE,FALSE,FALSE
7275,Q152690,NA,49495659,8,mdp.39015064735015,Q152690,ic,075287425X,7275,FALSE,FALSE,TRUE,FALSE,TRUE,FALSE,FALSE
7282,NA,NA,NA,2,uc1.b4086401,NA,ic,NA,224,TRUE,FALSE,TRUE,TRUE,FALSE,TRUE,TRUE
7284,Q438345,NA,49913,3,mdp.39015042951908,Q438345,ic,0553100874,7284,FALSE,FALSE,TRUE,FALSE,FALSE,FALSE,FALSE
7285,Q1190579,NA,507429,16,uc1.b3710903,Q1190579,pd|ic,NA,7285,FALSE,FALSE,FALSE,FALSE,FALSE,FALSE,FALSE
7286,Q550819,NA,374393196,5,mdp.39015054285799,Q550819,ic,0399148450,7286,FALSE,FALSE,TRUE,FALSE,FALSE,FALSE,FALSE
7287,Q6376862,NA,4205475,1,mdp.39015020092956,Q6376862,ic,NA,7287,FALSE,FALSE,FALSE,FALSE,FALSE,FALSE,FALSE
729,Q3495759,NA,4927977791,5,mdp.39015064953329,Q3495759,ic,141655484X,729,FALSE,FALSE,TRUE,FALSE,FALSE,FALSE,FALSE
7292,Q314929,NA,1971702,6,mdp.39015032715149,Q314929,ic,0718136039,7292,FALSE,FALSE,TRUE,FALSE,TRUE,FALSE,FALSE
7295,Q435326,NA,742357,2,mdp.39015056304119,Q435326,ic,0743437128,7295,FALSE,FALSE,TRUE,FALSE,FALSE,FALSE,FALSE
7297,Q18925196,NA,1378427,3,uc1.$b106132,Q18925196,ic,NA,7297,FALSE,FALSE,TRUE,FALSE,FALSE,FALSE,FALSE
7299,Q312720,NA,52424206,1,mdp.39015037379958,Q312720,pd,NA,7299,FALSE,FALSE,TRUE,FALSE,FALSE,FALSE,FALSE
73,Q6149232,NA,796149606,10,mdp.39015050487860,Q6149232,ic,0670894370,73,FALSE,FALSE,TRUE,FALSE,FALSE,FALSE,FALSE
730,Q106465,NA,687280,18,mdp.39015060032920,Q106465,ic,0385511612,730,FALSE,FALSE,TRUE,FALSE,FALSE,FALSE,FALSE
7300,NA,NA,NA,1,uc1.b4086401,NA,ic,NA,224,TRUE,TRUE,TRUE,TRUE,FALSE,TRUE,TRUE
7308,Q105118,NA,1909133152,30,pst.000051139704,Q105118,ic,NA,7308,FALSE,FALSE,TRUE,FALSE,TRUE,FALSE,FALSE
7309,Q105118,NA,1909133152,2,pst.000051139704,Q105118,ic,NA,7308,TRUE,TRUE,TRUE,TRUE,TRUE,FALSE,FALSE
7310,Q6141832,NA,1496423,8,uc1.b3727121,Q6141832,ic,NA,7310,FALSE,FALSE,FALSE,FALSE,FALSE,FALSE,FALSE
7312,Q765423,NA,500333,10,uc1.b3570359,Q765423,ic,NA,7312,FALSE,FALSE,TRUE,FALSE,FALSE,FALSE,FALSE
7313,Q1337504,NA,1426831,20,mdp.39015030727997,Q1337504,ic,NA,7313,FALSE,FALSE,FALSE,FALSE,FALSE,FALSE,FALSE
7314,Q72653,NA,3901743145,11,mdp.39015032297437,Q72653,ic,0385313810,7314,FALSE,FALSE,TRUE,FALSE,FALSE,FALSE,FALSE
7317,Q505274,NA,17750132,11,mdp.39015029210674,Q505274,ic,039455177X,7317,FALSE,FALSE,TRUE,FALSE,FALSE,FALSE,FALSE
7320,Q592511,NA,58163521,3,mdp.39015030709979,Q592511,ic,NA,7320,FALSE,FALSE,FALSE,FALSE,FALSE,FALSE,FALSE
733,Q1792237,NA,60031191,25,uc1.$b105291,Q1792237,ic,NA,733,FALSE,FALSE,FALSE,FALSE,TRUE,FALSE,FALSE
7331,Q1400307,NA,4118014,19,mdp.39015046412030,Q1400307,ic,0151972036,7331,FALSE,FALSE,TRUE,FALSE,FALSE,FALSE,FALSE
7332,Q4538,NA,370022346,14,mdp.39015052465229,Q4538,ic,0394564243,7332,FALSE,FALSE,TRUE,FALSE,FALSE,FALSE,FALSE
7334,Q768296,NA,1832682,1,mdp.39015051324153,Q768296,und,NA,7334,FALSE,FALSE,FALSE,FALSE,FALSE,FALSE,FALSE
7338,NA,NA,2205798,2,mdp.39015016454665,Q69814887,ic,NA,7338,FALSE,FALSE,FALSE,FALSE,FALSE,FALSE,FALSE
7340,Q438345,NA,561702,3,mdp.39015040365671,Q438345,ic,0553100831,7340,FALSE,FALSE,TRUE,FALSE,FALSE,FALSE,FALSE
7341,Q768296,NA,1510286,10,uc1.$b56317,Q768296,ic,NA,7341,FALSE,FALSE,FALSE,FALSE,FALSE,FALSE,FALSE
7346,Q39829,NA,1081713482,1,mdp.39015040061643,Q39829,ic,0452279178,7346,FALSE,FALSE,FALSE,FALSE,FALSE,FALSE,FALSE
7347,Q183031,NA,5978578,7,mdp.39015024977905,Q183031,ic,0670818577,7347,FALSE,FALSE,TRUE,FALSE,FALSE,FALSE,FALSE
7348,Q183031,NA,567310,7,mdp.39015040050034,Q183031,ic,0670878073,7348,FALSE,FALSE,TRUE,FALSE,FALSE,FALSE,FALSE
735,Q4767426,NA,196371696,9,mdp.39015055574696,Q4767426,ic,0375502238,735,FALSE,FALSE,TRUE,FALSE,FALSE,FALSE,FALSE
7352,Q52156802,NA,2220379,1,uc1.$b105957,Q52156802,und,NA,7352,FALSE,FALSE,TRUE,FALSE,FALSE,FALSE,FALSE
7353,NA,NA,NA,4,uc1.b4086401,NA,ic,NA,224,TRUE,TRUE,TRUE,TRUE,FALSE,TRUE,TRUE
7355,Q5881646,NA,203244426,10,uc1.$b103980,Q5881646,ic,NA,7355,FALSE,FALSE,TRUE,FALSE,FALSE,FALSE,FALSE
7356,Q1190579,NA,1291082,17,uc1.b3710904,Q1190579,ic,NA,7356,FALSE,FALSE,TRUE,FALSE,FALSE,FALSE,FALSE
7359,Q123469,NA,1579876,13,mdp.39015014519741,Q123469,ic,NA,7359,FALSE,FALSE,FALSE,FALSE,TRUE,FALSE,FALSE
7360,NA,NA,NA,18,uc1.b4086401,NA,ic,NA,224,TRUE,TRUE,TRUE,TRUE,FALSE,TRUE,TRUE
7361,NA,NA,1965513,1,uc1.$b103969,NA,pd,NA,7361,FALSE,FALSE,TRUE,FALSE,FALSE,FALSE,FALSE
7363,Q123469,NA,197777164,3,mdp.39015008899414,Q123469,ic,NA,7363,FALSE,FALSE,TRUE,FALSE,FALSE,FALSE,FALSE
7364,Q28170,NA,864047098,3,mdp.39015064727020,Q28170,ic,9780307346605,7364,FALSE,FALSE,TRUE,FALSE,FALSE,FALSE,FALSE
7365,Q210669,NA,1779531295,26,mdp.39015066900732,Q210669,ic,9780333908426,7365,FALSE,FALSE,TRUE,FALSE,TRUE,FALSE,FALSE
7366,Q15524996,NA,1670860,17,mdp.39015010532300,Q15524996,ic,9780670790203,7366,FALSE,FALSE,TRUE,FALSE,FALSE,FALSE,FALSE
7367,Q216134,NA,1433636,5,uc1.32106002145982,Q216134,ic,NA,7367,FALSE,FALSE,FALSE,FALSE,FALSE,FALSE,FALSE
7368,Q335232,NA,884971,13,mdp.39015066053680,Q335232,ic,0394549090,7368,FALSE,FALSE,TRUE,FALSE,FALSE,FALSE,FALSE
737,Q298651,NA,37995,3,mdp.39015060069039,Q298651,ic,0553803417,737,FALSE,FALSE,TRUE,FALSE,FALSE,FALSE,FALSE
7371,Q3500849,NA,2134044,3,mdp.39015047443026,Q3500849,ic,0060191821,7371,FALSE,FALSE,TRUE,FALSE,FALSE,FALSE,FALSE
7374,NA,NA,NA,1,uc1.b4086401,NA,ic,NA,224,TRUE,TRUE,TRUE,TRUE,FALSE,TRUE,TRUE
7376,NA,NA,NA,1,uc1.b4086401,NA,ic,NA,224,TRUE,TRUE,TRUE,TRUE,FALSE,TRUE,TRUE
7378,Q7351056,NA,226990047,14,mdp.39015028692120,Q7351056,ic,NA,7378,FALSE,FALSE,TRUE,FALSE,FALSE,FALSE,FALSE
7380,Q505274,NA,463150,13,inu.39000001864110,Q505274,ic,0091445701,7380,FALSE,FALSE,TRUE,FALSE,TRUE,FALSE,FALSE
7382,Q1594680,NA,895351458,16,uc1.$b103002,Q1594680,ic,NA,7382,FALSE,FALSE,FALSE,FALSE,FALSE,FALSE,FALSE
7385,Q991736,NA,145517231,1,uc1.$b102257,Q991736,ic,NA,7385,FALSE,FALSE,TRUE,FALSE,FALSE,FALSE,FALSE
7387,Q6948422,NA,2299734,1,uc1.$b86172,Q6948422,ic,NA,7387,FALSE,FALSE,FALSE,FALSE,FALSE,FALSE,FALSE
7389,Q349692,NA,2242491455,2,mdp.39015055186053,Q349692,ic,0385501676,7389,FALSE,FALSE,TRUE,FALSE,FALSE,FALSE,FALSE
739,Q2941863,NA,691159,6,mdp.39015056315610,Q2941863,ic,0399150560,739,FALSE,FALSE,TRUE,FALSE,FALSE,FALSE,FALSE
7390,NA,NA,NA,1,uc1.b4086401,NA,ic,NA,224,TRUE,FALSE,TRUE,TRUE,FALSE,TRUE,TRUE
7391,Q231736,NA,568548,12,mdp.39015040365705,Q231736,ic,0684843307,7391,FALSE,FALSE,TRUE,FALSE,FALSE,FALSE,FALSE
7392,Q314256,NA,933291,8,mdp.39015032947452,Q314256,ic,0060809868,7392,FALSE,FALSE,FALSE,FALSE,TRUE,FALSE,FALSE
7393,Q6376862,NA,2127373,2,mdp.39015063947124,Q6376862,ic,NA,7393,FALSE,FALSE,FALSE,FALSE,FALSE,FALSE,FALSE
7394,NA,NA,NA,2,uc1.b4086401,NA,ic,NA,224,TRUE,TRUE,TRUE,TRUE,FALSE,TRUE,TRUE
7397,NA,NA,NA,6,uc1.b4086401,NA,ic,NA,224,TRUE,TRUE,TRUE,TRUE,FALSE,TRUE,TRUE
74,NA,NA,NA,1,uc1.b4086401,NA,ic,NA,224,TRUE,TRUE,TRUE,TRUE,FALSE,TRUE,TRUE
740,NA,NA,NA,6,uc1.b4086401,NA,ic,NA,224,TRUE,TRUE,TRUE,TRUE,FALSE,TRUE,TRUE
7401,Q76480,NA,796209,1,inu.39000000675608,Q76480,ic,0879519819,7401,FALSE,FALSE,FALSE,FALSE,TRUE,FALSE,FALSE
7402,Q207515,NA,130518,3,mdp.39015063095809,Q207515,ic,NA,7402,FALSE,FALSE,FALSE,FALSE,FALSE,FALSE,FALSE
7405,Q6376862,NA,64717578,1,mdp.39015020089770,Q6376862,ic,NA,7405,FALSE,FALSE,FALSE,FALSE,FALSE,FALSE,FALSE
7408,NA,NA,NA,3,uc1.b4086401,NA,ic,NA,224,TRUE,TRUE,TRUE,TRUE,FALSE,TRUE,TRUE
7414,Q5078044,NA,3639199,2,wu.89088300686,Q5078044,und,NA,7414,FALSE,FALSE,FALSE,FALSE,FALSE,FALSE,FALSE
7416,NA,NA,NA,6,uc1.b4086401,NA,ic,NA,224,TRUE,TRUE,TRUE,TRUE,FALSE,TRUE,TRUE
7417,Q990890,NA,1693697,2,mdp.39015069321522,Q990890,ic,NA,7417,FALSE,FALSE,TRUE,FALSE,FALSE,FALSE,FALSE
7418,Q214622,NA,893621742,9,uc1.32106006020033,Q214622,ic,9780671211325,7418,FALSE,FALSE,FALSE,FALSE,TRUE,FALSE,FALSE
7422,Q234865,NA,4820468960,7,mdp.39015058795934,Q234865,ic,0399152288,7422,FALSE,FALSE,TRUE,FALSE,FALSE,FALSE,FALSE
7423,Q234865,NA,4820379011,11,mdp.39015063688058,Q234865,ic,0399152970,7423,FALSE,FALSE,TRUE,FALSE,FALSE,FALSE,FALSE
744,NA,NA,598541,4,mdp.39015040660493,Q2536700,ic,0399141901,744,FALSE,FALSE,TRUE,FALSE,FALSE,FALSE,FALSE
745,NA,NA,598541,1,mdp.39015040660493,Q2536700,ic,0399141901,744,TRUE,TRUE,TRUE,TRUE,FALSE,FALSE,FALSE
746,Q184785,NA,686911,5,mdp.39015057626452,Q184785,ic,037541200X,746,FALSE,FALSE,TRUE,FALSE,FALSE,FALSE,FALSE
748,Q440793,NA,102714013,3,mdp.39015073893938,Q440793,ic,0553804847,748,FALSE,FALSE,TRUE,FALSE,FALSE,FALSE,FALSE
75,Q56000401,NA,60126473,10,mdp.39015009017743,Q56000401,ic,NA,75,FALSE,FALSE,TRUE,FALSE,TRUE,FALSE,FALSE
752,Q447404,NA,579999314,3,mdp.39015049736575,Q447404,ic,0399147020,752,FALSE,FALSE,TRUE,FALSE,FALSE,FALSE,FALSE
755,Q2830508,NA,198990846,2,mdp.39015055451804,Q2830508,ic,0375505741,755,FALSE,FALSE,TRUE,FALSE,FALSE,FALSE,FALSE
757,Q3500849,NA,701994,1,mdp.39015056188389,Q3500849,ic,0399149295,757,FALSE,FALSE,TRUE,FALSE,FALSE,FALSE,FALSE
758,NA,NA,NA,1,uc1.b4086401,NA,ic,NA,224,TRUE,TRUE,TRUE,TRUE,FALSE,TRUE,TRUE
761,Q454920,NA,113690854,2,mdp.39015074300099,Q454920,ic,038533916X,761,FALSE,FALSE,TRUE,FALSE,FALSE,FALSE,FALSE
767,Q231467,NA,691220,13,mdp.39015057599386,Q231467,ic,0399151354,767,FALSE,FALSE,TRUE,FALSE,FALSE,FALSE,FALSE
768,Q2941863,NA,392148575,4,mdp.39015059124639,Q2941863,ic,0399151877,768,FALSE,FALSE,TRUE,FALSE,FALSE,FALSE,FALSE
771,Q5478889,NA,1456346,37,mdp.39015030701042,Q5478889,und,NA,771,FALSE,FALSE,FALSE,FALSE,FALSE,FALSE,FALSE
772,Q452722,NA,6354830,6,mdp.39015050772618,Q452722,ic,0399148027,772,FALSE,FALSE,TRUE,FALSE,FALSE,FALSE,FALSE
774,Q4309918,NA,365914308,13,uc1.$b98400,Q4309918,ic,NA,774,FALSE,FALSE,FALSE,FALSE,FALSE,FALSE,FALSE
775,NA,NA,NA,4,uc1.b4086401,NA,ic,NA,224,TRUE,TRUE,TRUE,TRUE,FALSE,TRUE,TRUE
778,Q2838773,NA,784063,1,mdp.39015055831104,Q2838773,ic,1573222267,778,FALSE,FALSE,TRUE,FALSE,FALSE,FALSE,FALSE
779,NA,NA,NA,6,uc1.b4086401,NA,ic,NA,224,TRUE,TRUE,TRUE,TRUE,FALSE,TRUE,TRUE
780,Q15211257,NA,435518,8,uc1.32106002171921,Q15211257,ic,9780446813686,780,FALSE,FALSE,TRUE,FALSE,FALSE,FALSE,FALSE
781,Q231356,NA,35175,5,mdp.39015062618767,Q231356,ic,0399153063,781,FALSE,FALSE,TRUE,FALSE,FALSE,FALSE,FALSE
784,Q49074,NA,133007,11,mdp.39015046826908,Q49074,ic,0385295901,784,FALSE,FALSE,TRUE,FALSE,FALSE,FALSE,FALSE
785,Q6950,NA,801364,3,mdp.39015060122085,Q6950,ic,0345458931,785,FALSE,FALSE,TRUE,FALSE,FALSE,FALSE,FALSE
786,Q298651,NA,758323,4,mdp.39015054129229,Q298651,ic,0553800973,786,FALSE,FALSE,TRUE,FALSE,FALSE,FALSE,FALSE
789,Q104398356,NA,197916665,1,uc1.$b86134,Q104398356,ic,NA,789,FALSE,FALSE,TRUE,FALSE,FALSE,FALSE,FALSE
792,NA,NA,NA,1,uc1.b4086401,NA,ic,NA,224,TRUE,TRUE,TRUE,TRUE,FALSE,TRUE,TRUE
8,NA,NA,NA,16,uc1.b4086401,NA,ic,NA,224,TRUE,TRUE,TRUE,TRUE,FALSE,TRUE,TRUE
80,NA,NA,NA,2,uc1.b4086401,NA,ic,NA,224,TRUE,TRUE,TRUE,TRUE,FALSE,TRUE,TRUE
801,Q298221,NA,65822565,4,mdp.39015070749489,Q298221,ic,0743294378,801,FALSE,FALSE,TRUE,FALSE,FALSE,FALSE,FALSE
803,Q1646,NA,47554881,38,mdp.39015026963218,Q1646,ic,NA,803,FALSE,FALSE,FALSE,FALSE,FALSE,FALSE,FALSE
805,Q231467,NA,57063398,10,mdp.39015073644711,Q231467,ic,0399153934,805,FALSE,FALSE,TRUE,FALSE,FALSE,FALSE,FALSE
808,Q346729,NA,1463087,16,mdp.39015037465476,Q346729,ic,0874517443,808,FALSE,FALSE,FALSE,FALSE,TRUE,FALSE,FALSE
811,NA,NA,47111282,3,mdp.39015066844070,Q231356,ic,9780399153471,811,FALSE,FALSE,TRUE,FALSE,FALSE,FALSE,FALSE
812,NA,NA,895355159,2,uc1.b3346866,Q110459766,pd,NA,812,FALSE,FALSE,FALSE,FALSE,FALSE,FALSE,FALSE
817,NA,NA,NA,7,uc1.b4086401,NA,ic,NA,224,TRUE,TRUE,TRUE,TRUE,FALSE,TRUE,TRUE
818,NA,NA,2136194,1,mdp.39015063939980,NA,pd,NA,818,FALSE,FALSE,FALSE,FALSE,FALSE,FALSE,FALSE
819,Q352059,NA,4757764788,14,pst.000018061062,Q352059,ic,NA,819,FALSE,FALSE,TRUE,FALSE,TRUE,FALSE,FALSE
821,Q81447,NA,1806921828,2,pst.000027847633,Q81447,ic,NA,821,FALSE,FALSE,FALSE,FALSE,TRUE,FALSE,FALSE
826,Q134180,NA,20890259,10,uc1.32106010331426,Q134180,ic,067960085X,826,FALSE,FALSE,TRUE,FALSE,TRUE,FALSE,FALSE
827,Q49074,NA,456418,28,mdp.39015045637470,Q49074,ic,NA,827,FALSE,FALSE,TRUE,FALSE,FALSE,FALSE,FALSE
829,Q7650783,NA,21352935,1,mdp.39015061189984,Q7650783,ic,0345480120,829,FALSE,FALSE,TRUE,FALSE,FALSE,FALSE,FALSE
831,Q235615,NA,544138,33,mdp.39015054076388,Q235615,ic,0394572343,831,FALSE,FALSE,TRUE,FALSE,FALSE,FALSE,FALSE
833,Q5078044,NA,2788279,3,uc1.$b103986,Q5078044,ic,NA,833,FALSE,FALSE,FALSE,FALSE,FALSE,FALSE,FALSE
836,Q107002,NA,3772470840,24,uc1.b3826722,Q107002,ic,0412501007,836,FALSE,FALSE,TRUE,FALSE,TRUE,FALSE,FALSE
837,Q558430,NA,102497289,5,uc1.32106018987245,Q558430,ic,0375414959,837,FALSE,FALSE,TRUE,FALSE,FALSE,FALSE,FALSE
844,Q7351056,NA,149489118,11,uc1.b3295264,Q7351056,ic,NA,844,FALSE,FALSE,TRUE,FALSE,FALSE,FALSE,FALSE
845,Q445429,NA,57072452,19,mdp.39015005541894,Q445429,ic,0385141718,845,FALSE,FALSE,TRUE,FALSE,FALSE,FALSE,FALSE
847,Q1246353,NA,556260,5,pst.000005632824,Q1246353,ic,0910220379,847,FALSE,FALSE,FALSE,FALSE,TRUE,FALSE,FALSE
854,Q439059,NA,178689224,17,mdp.39015008452560,Q439059,ic,NA,854,FALSE,FALSE,TRUE,FALSE,FALSE,FALSE,FALSE
857,Q1701679,NA,365082,5,mdp.39015060885608,Q1701679,ic,0399152725,857,FALSE,FALSE,TRUE,FALSE,FALSE,FALSE,FALSE
858,NA,NA,NA,1,uc1.b4086401,NA,ic,NA,224,TRUE,TRUE,TRUE,TRUE,FALSE,TRUE,TRUE
859,NA,NA,NA,3,uc1.b4086401,NA,ic,NA,224,TRUE,TRUE,TRUE,TRUE,FALSE,TRUE,TRUE
860,NA,NA,2058164,1,uc1.$b56301,Q728558,ic,NA,859,TRUE,TRUE,TRUE,TRUE,FALSE,FALSE,TRUE
861,Q272076,NA,58292094,7,mdp.39015066844880,Q272076,ic,9780553804805,861,FALSE,FALSE,TRUE,FALSE,FALSE,FALSE,FALSE
863,Q4878309,NA,62597633,7,mdp.39015034652209,Q4878309,ic,039913929X,863,FALSE,FALSE,TRUE,FALSE,FALSE,FALSE,FALSE
868,Q611672,NA,196202760,7,mdp.39015049498168,Q611672,ic,067168518X,868,FALSE,FALSE,TRUE,FALSE,FALSE,FALSE,FALSE
870,Q336151,NA,198863064,8,mdp.39015013971042,Q336151,ic,NA,870,FALSE,FALSE,TRUE,FALSE,FALSE,FALSE,FALSE
871,Q54823953,NA,131169268,3,mdp.39015076167728,Q54823953,ic,006143843X,871,FALSE,FALSE,TRUE,FALSE,FALSE,FALSE,FALSE
872,NA,NA,NA,5,uc1.b4086401,NA,ic,NA,224,TRUE,TRUE,TRUE,TRUE,FALSE,TRUE,TRUE
873,Q72653,NA,53983463,6,mdp.39015064950549,Q72653,ic,9780385338318,873,FALSE,FALSE,TRUE,FALSE,FALSE,FALSE,FALSE
875,NA,NA,NA,5,uc1.b4086401,NA,ic,NA,224,TRUE,TRUE,TRUE,TRUE,FALSE,TRUE,TRUE
88,Q2526733,NA,149587423,5,mdp.39015008691340,Q2526733,ic,NA,88,FALSE,FALSE,FALSE,FALSE,TRUE,FALSE,FALSE
882,Q232212,NA,57995803,2,mdp.39015069313628,Q232212,ic,052594978X,882,FALSE,FALSE,TRUE,FALSE,FALSE,FALSE,FALSE
887,Q106740,NA,10226910175,2,uc1.32106014740457,Q106740,ic,0060808233,887,FALSE,FALSE,FALSE,FALSE,TRUE,FALSE,FALSE
888,Q548345,NA,196621342,7,mdp.39015002676552,Q548345,ic,NA,888,FALSE,FALSE,FALSE,FALSE,TRUE,FALSE,FALSE
892,Q1238811,NA,49056597,41,mdp.39015014235579,Q1238811,ic,NA,892,FALSE,FALSE,TRUE,FALSE,FALSE,FALSE,FALSE
893,NA,NA,1152450138,7,mdp.39015059284599,Q2536700,ic,0399152075,893,FALSE,FALSE,TRUE,FALSE,FALSE,FALSE,FALSE
895,Q272076,NA,714828,7,mdp.39015066051650,Q272076,ic,0553801430,895,FALSE,FALSE,TRUE,FALSE,FALSE,FALSE,FALSE
898,Q982095,NA,6588737,6,mdp.39015040675822,Q982095,ic,0786861754,898,FALSE,FALSE,TRUE,FALSE,FALSE,FALSE,FALSE
90,Q352963,NA,533662,16,mdp.39015073600093,Q352963,ic,1572335947,90,FALSE,FALSE,TRUE,FALSE,TRUE,FALSE,FALSE
904,Q1258959,NA,3770518840,17,uc1.32106008671106,Q1258959,ic,0394561066,904,FALSE,FALSE,TRUE,FALSE,FALSE,FALSE,FALSE
91,Q712596,NA,590009,5,mdp.39015058235873,Q712596,ic,0399151435,91,FALSE,FALSE,TRUE,FALSE,FALSE,FALSE,FALSE
912,Q235014,NA,2814467541,6,mdp.39015058737506,Q235014,ic,0385336810,912,TRUE,FALSE,TRUE,FALSE,FALSE,TRUE,FALSE
913,Q433207,NA,52265938,9,mdp.39015064882734,Q433207,ic,9781400061266,913,FALSE,FALSE,TRUE,FALSE,FALSE,FALSE,FALSE
917,NA,NA,508536,8,mdp.39015002347311,NA,ic,NA,917,FALSE,FALSE,FALSE,FALSE,FALSE,FALSE,FALSE
918,Q733850,NA,196789928,41,uc1.b3435134,Q733850,ic,NA,918,FALSE,FALSE,TRUE,FALSE,FALSE,FALSE,FALSE
921,Q3500849,NA,363132,2,mdp.39015057599816,Q3500849,ic,0399150900,921,FALSE,FALSE,TRUE,FALSE,FALSE,FALSE,FALSE
923,Q961221,NA,1423768,10,inu.32000009526304,Q961221,und,NA,923,FALSE,FALSE,FALSE,FALSE,FALSE,FALSE,FALSE
924,Q346729,NA,25882168,6,mdp.39015002718107,Q346729,ic,NA,924,FALSE,FALSE,FALSE,FALSE,FALSE,FALSE,FALSE
926,NA,NA,NA,43,uc1.b4086401,NA,ic,NA,224,TRUE,TRUE,TRUE,TRUE,FALSE,TRUE,TRUE
927,Q113627859,NA,377232991,3,uc1.b3727962,Q113627859,ic,NA,927,FALSE,FALSE,TRUE,FALSE,FALSE,FALSE,FALSE
928,Q430182,NA,447830,15,uc1.32106010311915,Q430182,ic,NA,928,FALSE,FALSE,FALSE,FALSE,FALSE,FALSE,FALSE
929,NA,NA,NA,23,uc1.b4086401,NA,ic,NA,224,TRUE,FALSE,TRUE,TRUE,FALSE,TRUE,TRUE
930,Q548004,NA,1493473,4,mdp.39015030717592,Q548004,und,NA,930,FALSE,FALSE,FALSE,FALSE,FALSE,FALSE,FALSE
931,NA,NA,NA,7,uc1.b4086401,NA,ic,NA,224,TRUE,TRUE,TRUE,TRUE,FALSE,TRUE,TRUE
932,Q1444495,NA,102193082,3,uc1.b3435126,Q1444495,ic,NA,932,FALSE,FALSE,FALSE,FALSE,FALSE,FALSE,FALSE
934,Q445429,NA,20252468,31,mdp.39015054103059,Q445429,ic,NA,934,FALSE,FALSE,TRUE,FALSE,FALSE,FALSE,FALSE
935,Q273677,NA,51760741,3,mdp.39015064885679,Q273677,ic,1416505474,935,FALSE,FALSE,TRUE,FALSE,FALSE,FALSE,FALSE
937,Q361653,NA,2908429339,29,mdp.39015056836219,Q361653,ic,0812969820,937,FALSE,FALSE,TRUE,FALSE,TRUE,FALSE,FALSE
938,Q7032337,NA,309124922,2,mdp.39015063734423,Q7032337,ic,NA,938,FALSE,FALSE,FALSE,FALSE,TRUE,FALSE,FALSE
939,Q7182457,NA,2309570,1,uc1.$b105369,Q7182457,ic,NA,939,FALSE,FALSE,FALSE,FALSE,FALSE,FALSE,FALSE
947,NA,NA,714457,5,mdp.39015048750833,Q231356,ic,0553110942,947,FALSE,FALSE,FALSE,FALSE,FALSE,FALSE,FALSE
948,Q231356,NA,1074148,8,mdp.39015048828951,Q231356,ic,0399145923,948,FALSE,FALSE,TRUE,FALSE,FALSE,FALSE,FALSE
949,NA,NA,NA,1,uc1.b4086401,NA,ic,NA,224,TRUE,TRUE,TRUE,TRUE,FALSE,TRUE,TRUE
95,Q1086932,NA,34213685,1,mdp.39015049529939,Q1086932,ic,0786866462,95,FALSE,FALSE,TRUE,FALSE,FALSE,FALSE,FALSE
950,Q2545012,NA,2435045,1,osu.32435018410258,Q2545012,ic,NA,950,FALSE,FALSE,TRUE,FALSE,FALSE,FALSE,FALSE
952,Q5026262,NA,8930646,29,uc1.b3688257,Q5026262,ic,NA,952,FALSE,FALSE,FALSE,FALSE,FALSE,FALSE,FALSE
954,Q123469,NA,1613560,19,mdp.39015048880945,Q123469,ic,NA,954,FALSE,FALSE,FALSE,FALSE,FALSE,FALSE,FALSE
955,NA,NA,NA,2,uc1.b4086401,NA,ic,NA,224,TRUE,TRUE,TRUE,TRUE,FALSE,TRUE,TRUE
957,NA,NA,NA,14,uc1.b4086401,NA,ic,NA,224,TRUE,TRUE,TRUE,TRUE,FALSE,TRUE,TRUE
958,Q28482289,NA,9603234,1,uc1.$b74564,Q28482289,ic,NA,958,FALSE,FALSE,FALSE,FALSE,FALSE,FALSE,FALSE
959,NA,NA,NA,1,uc1.b4086401,NA,ic,NA,224,TRUE,TRUE,TRUE,TRUE,FALSE,TRUE,TRUE
961,Q134942,NA,477010,13,mdp.39015025366959,Q134942,ic,NA,961,FALSE,FALSE,TRUE,FALSE,FALSE,FALSE,FALSE
963,NA,NA,NA,1,uc1.b4086401,NA,ic,NA,224,TRUE,TRUE,TRUE,TRUE,FALSE,TRUE,TRUE
965,Q7129165,NA,287753829,10,mdp.39015047634749,Q7129165,ic,NA,965,FALSE,FALSE,FALSE,FALSE,TRUE,FALSE,FALSE
967,Q231467,NA,2864232932,12,mdp.39015037806141,Q231467,ic,0399141707,967,FALSE,FALSE,FALSE,FALSE,FALSE,FALSE,FALSE
969,Q275012,NA,559561,3,mdp.39015042142953,Q275012,ic,0525941673,969,FALSE,FALSE,TRUE,FALSE,FALSE,FALSE,FALSE
972,Q7794437,NA,455661,18,mdp.39015037828038,Q7794437,ic,0385159692,972,FALSE,FALSE,TRUE,FALSE,FALSE,FALSE,FALSE
974,NA,NA,NA,1,uc1.b4086401,NA,ic,NA,224,TRUE,TRUE,TRUE,TRUE,FALSE,TRUE,TRUE
975,Q55720721,NA,2094370,1,mdp.39015063924016,Q55720721,ic,NA,975,FALSE,FALSE,TRUE,FALSE,FALSE,FALSE,FALSE
976,Q447244,NA,47419385,21,mdp.39015014700390,Q447244,ic,NA,976,FALSE,FALSE,TRUE,FALSE,FALSE,FALSE,FALSE
978,Q39829,NA,47037126,9,mdp.39015063682309,Q39829,ic,9780743292337,978,FALSE,FALSE,TRUE,FALSE,FALSE,FALSE,FALSE
980,NA,NA,NA,4,uc1.b4086401,NA,ic,NA,224,TRUE,TRUE,TRUE,TRUE,FALSE,TRUE,TRUE
983,NA,NA,1341850,3,uc1.$b119913,NA,ic,NA,983,FALSE,FALSE,FALSE,FALSE,FALSE,FALSE,FALSE
985,Q445429,NA,57070552,13,mdp.39015005215812,Q445429,ic,038507042X,985,FALSE,FALSE,TRUE,FALSE,FALSE,FALSE,FALSE
987,Q1701679,NA,7997336,7,mdp.39015043791261,Q1701679,ic,039914496X,987,FALSE,FALSE,TRUE,FALSE,FALSE,FALSE,FALSE
989,Q7964635,NA,57521062,8,mdp.39015009358154,Q7964635,und,NA,989,FALSE,FALSE,FALSE,FALSE,FALSE,FALSE,FALSE
991,Q1293793,NA,132814159,39,uc1.$b105463,Q1293793,ic,NA,991,FALSE,FALSE,TRUE,FALSE,FALSE,FALSE,FALSE
992,Q1065287,NA,1476146,1,mdp.39015053592377,Q1065287,und,NA,992,FALSE,FALSE,FALSE,FALSE,FALSE,FALSE,FALSE
993,Q55979141,NA,11885796540,5,uc1.$b803996,Q55979141,ic,NA,993,FALSE,FALSE,TRUE,FALSE,TRUE,FALSE,FALSE
994,Q550819,NA,374392817,3,mdp.39015037481432,Q550819,ic,0399141340,994,FALSE,FALSE,TRUE,FALSE,FALSE,FALSE,FALSE
998,Q72653,NA,632199,28,pst.000009059580,Q72653,ic,NA,998,FALSE,FALSE,TRUE,FALSE,TRUE,FALSE,FALSE
